timestamp,x,y,z
2026-08-01 00:00:00,17999.746380412296,-1499.8346627890069,51999.66438631833
2026-08-01 00:00:01,17999.806699086,-1500.3446659987203,52000.81893436968
2026-08-01 00:00:02,17999.7250391111,-1499.9229768593577,52000.22355908146
2026-08-01 00:00:03,17999.80272806311,-1500.3858173403962,51999.48688073287
2026-08-01 00:00:04,18000.622059045338,-1500.2513358122776,52000.48614454511
2026-08-01 00:00:05,17999.786352158728,-1500.2208302917572,51999.62802433908
2026-08-01 00:00:06,17999.70706774419,-1500.1967520033415,52000.74786260932
2026-08-01 00:00:07,18000.100095551552,-1500.5973589790844,52000.17583808598
2026-08-01 00:00:08,17999.38140155548,-1500.4473465379017,51999.44445772123
2026-08-01 00:00:09,17999.91749241093,-1498.9375659276375,52000.28277514743
2026-08-01 00:00:10,18000.289089686165,-1499.220036423665,52000.17784515094
2026-08-01 00:00:11,18000.798799602282,-1499.4749778258226,52000.157029854265
2026-08-01 00:00:12,17999.84661259534,-1499.0927838892023,51999.06954626908
2026-08-01 00:00:13,18000.163862478938,-1500.667131678924,51999.723172412356
2026-08-01 00:00:14,17998.560952508997,-1500.2757287875295,51999.67382891782
2026-08-01 00:00:15,18000.015108755382,-1500.3659492071022,51999.944676680345
2026-08-01 00:00:16,17999.743282778676,-1501.0471108619881,52000.3454570508
2026-08-01 00:00:17,18000.78084826903,-1500.1732269149616,52000.52636824974
2026-08-01 00:00:18,17999.563810403757,-1500.5592925913227,52000.305124595696
2026-08-01 00:00:19,18000.488579851553,-1500.2182254675533,51999.3949261858
2026-08-01 00:00:20,17998.905046859392,-1500.483778807976,52000.485304628106
2026-08-01 00:00:21,17999.362415403502,-1500.2639527262754,51999.87623836874
2026-08-01 00:00:22,17999.683047620918,-1499.828567561593,51999.482326451995
2026-08-01 00:00:23,17999.950592870224,-1499.761206593767,51999.33809529204
2026-08-01 00:00:24,17999.745893143296,-1499.823285344711,51998.989645076144
2026-08-01 00:00:25,18000.20818112046,-1500.1993947583746,51999.7845853932
2026-08-01 00:00:26,18000.041292437774,-1499.7391921463413,52000.202361052085
2026-08-01 00:00:27,18000.109476292837,-1499.1556955552767,52000.08186419354
2026-08-01 00:00:28,17999.733528368884,-1499.3142116038096,51999.60243984212
2026-08-01 00:00:29,17999.6751706955,-1500.2783900141233,52000.74936821923
2026-08-01 00:00:30,17999.364197181014,-1500.3728982109528,51999.691456202665
2026-08-01 00:00:31,18000.11514309431,-1499.8364329781568,52000.389443746775
2026-08-01 00:00:32,18000.663916273075,-1499.7565302176802,51999.70729852164
2026-08-01 00:00:33,18000.206176764183,-1499.9847909025968,51999.890846600436
2026-08-01 00:00:34,18000.142742189168,-1500.387605203702,52000.30026018727
2026-08-01 00:00:35,17999.431810047245,-1499.8501595761404,52000.798943137364
2026-08-01 00:00:36,18000.217991372072,-1500.3721879825414,51999.51095233912
2026-08-01 00:00:37,18000.13095138399,-1499.4950281344816,52000.3381957261
2026-08-01 00:00:38,18000.14684187819,-1500.7264362340918,51999.855165249326
2026-08-01 00:00:39,18000.849710263137,-1501.2632536594563,51999.781914272375
2026-08-01 00:00:40,18000.01414496697,-1499.7255833845904,51999.69294893993
2026-08-01 00:00:41,18000.019793369334,-1500.8531108613481,51999.72788094626
2026-08-01 00:00:42,17999.771877793028,-1500.1391351071406,52000.36314414999
2026-08-01 00:00:43,17999.851115683858,-1500.822677146154,51999.98771400005
2026-08-01 00:00:44,17999.908021197523,-1500.364140499289,52000.51470234335
2026-08-01 00:00:45,17999.99363172505,-1499.956214353005,51999.90090118735
2026-08-01 00:00:46,17999.134602827777,-1500.0859572438872,52000.08418197169
2026-08-01 00:00:47,18000.55546680264,-1499.6030588289984,51999.56040544122
2026-08-01 00:00:48,17999.8261130337,-1500.2801445528844,51999.956839853716
2026-08-01 00:00:49,17999.59489771273,-1500.7667512533214,52000.02179996416
2026-08-01 00:00:50,17998.967703427923,-1499.4721493998125,52000.66173823953
2026-08-01 00:00:51,18000.08174737662,-1500.0892702355654,51999.78577387992
2026-08-01 00:00:52,17999.81540606723,-1500.3325473911234,52000.80983916411
2026-08-01 00:00:53,17999.670159786816,-1499.8910951754544,51999.86491277075
2026-08-01 00:00:54,17999.774943122113,-1499.8774318799094,51999.21356993332
2026-08-01 00:00:55,17999.295409096943,-1500.137323606469,51999.006180171
2026-08-01 00:00:56,17999.871963698446,-1499.8485970668444,51999.66083962799
2026-08-01 00:00:57,18000.621671272882,-1500.2375360600088,52000.095538786634
2026-08-01 00:00:58,18000.053050010796,-1499.8599312458261,52000.1437054595
2026-08-01 00:00:59,17999.933470555377,-1499.7251697873403,52000.4221089463
2026-08-01 00:01:00,17999.710742778432,-1499.684410981565,51999.94634445548
2026-08-01 00:01:01,17999.62482073141,-1499.5652860211583,51999.54713272655
2026-08-01 00:01:02,17999.931183373417,-1499.9496642399274,51999.46774936654
2026-08-01 00:01:03,18000.33085807289,-1499.0760789744904,51999.371151863554
2026-08-01 00:01:04,18000.624403169906,-1499.9024664050917,52000.563005847405
2026-08-01 00:01:05,18000.18626913685,-1500.1318606938478,52000.9703922259
2026-08-01 00:01:06,18000.29043921974,-1499.8988109798577,51998.68725093196
2026-08-01 00:01:07,18000.382799760853,-1500.207310975727,51999.57101116158
2026-08-01 00:01:08,17999.94216510958,-1499.825289662788,52000.3813663485
2026-08-01 00:01:09,17999.40264426773,-1499.875798636959,52000.20405494271
2026-08-01 00:01:10,17999.548914107923,-1499.7412998421069,51999.83507356747
2026-08-01 00:01:11,17999.452616243354,-1499.5211545259651,52000.22914830986
2026-08-01 00:01:12,18000.10137470611,-1500.2274492316549,52000.7754628966
2026-08-01 00:01:13,18000.11395843606,-1500.3014029352805,51999.84312936391
2026-08-01 00:01:14,18000.59193975709,-1499.6553473591403,51999.84663387995
2026-08-01 00:01:15,17999.668116984434,-1499.7372750518973,52000.95287154035
2026-08-01 00:01:16,17999.859538066627,-1499.8241875034187,51999.738549903646
2026-08-01 00:01:17,18000.406539522002,-1500.049612430431,51999.69669509741
2026-08-01 00:01:18,18000.782734223954,-1499.8774257341424,52000.64065403548
2026-08-01 00:01:19,18000.206886174834,-1500.1039782704725,52000.105701488814
2026-08-01 00:01:20,17999.713485542463,-1499.7956487221688,51999.607586764345
2026-08-01 00:01:21,17999.76036675571,-1499.3463007449393,52000.16311786716
2026-08-01 00:01:22,17999.625331694067,-1499.443352684787,52000.426275132275
2026-08-01 00:01:23,17999.317132585875,-1500.777533323418,51999.87001980698
2026-08-01 00:01:24,18000.41330175554,-1500.3611019646414,51999.66306341694
2026-08-01 00:01:25,18000.258205159796,-1499.2566470184945,51999.67367701231
2026-08-01 00:01:26,17999.34452304058,-1500.2507885585085,51999.393233502626
2026-08-01 00:01:27,18000.51870439338,-1500.032071151928,51999.71867466561
2026-08-01 00:01:28,17999.784455517605,-1499.9598019384096,51999.86237955588
2026-08-01 00:01:29,17998.697954484287,-1500.221600512064,51999.623650103844
2026-08-01 00:01:30,17999.47281351136,-1498.795699088644,52000.15865802482
2026-08-01 00:01:31,18000.287547772918,-1499.1555018439037,52000.04164968496
2026-08-01 00:01:32,17999.92676253633,-1499.246502306191,51999.52340721805
2026-08-01 00:01:33,18000.103093189013,-1499.6689094862745,52001.013427962505
2026-08-01 00:01:34,18000.63360158925,-1500.5031600301006,51999.64604516257
2026-08-01 00:01:35,18001.157872180287,-1499.9252980497456,51999.26923345767
2026-08-01 00:01:36,18000.143641878105,-1500.598005966472,51999.86059046811
2026-08-01 00:01:37,17998.884359297077,-1498.936614801368,51999.5830224742
2026-08-01 00:01:38,18000.06128284019,-1500.1233226405752,52000.388439728835
2026-08-01 00:01:39,18001.173691637247,-1500.1629255718021,51999.87355257244
2026-08-01 00:01:40,18000.37032412951,-1499.813622335511,52000.68593209619
2026-08-01 00:01:41,18000.83248539751,-1499.2109326417597,51999.761676215916
2026-08-01 00:01:42,17999.292224759974,-1500.0278924255376,51999.293471193094
2026-08-01 00:01:43,17999.312750306075,-1499.7015021267728,52000.26967151709
2026-08-01 00:01:44,17999.692191398124,-1500.2369832890201,52000.143848276646
2026-08-01 00:01:45,17999.458291509014,-1500.72661207869,52000.717451747325
2026-08-01 00:01:46,18000.89223504151,-1500.4371337718978,51999.83344037032
2026-08-01 00:01:47,17999.82497893165,-1500.783521990378,51999.60723721797
2026-08-01 00:01:48,17999.96173865083,-1500.1408304225095,51999.75251053084
2026-08-01 00:01:49,18000.420352391953,-1500.301012618579,51999.4758101043
2026-08-01 00:01:50,18000.29385799943,-1500.93927918234,51999.922226381204
2026-08-01 00:01:51,18000.73711605633,-1500.7745836484073,51999.99182791938
2026-08-01 00:01:52,17999.680705213617,-1499.8680593150366,52000.34371473748
2026-08-01 00:01:53,18000.266318611662,-1499.3116441449113,51999.83294135386
2026-08-01 00:01:54,17999.803289972064,-1499.6285737769142,51999.88251288115
2026-08-01 00:01:55,18000.469439553453,-1499.9784713080057,52000.1367896224
2026-08-01 00:01:56,17999.958606325163,-1499.8073656539225,51999.74552692058
2026-08-01 00:01:57,18000.27059236082,-1499.7074958388187,51999.56483829231
2026-08-01 00:01:58,18000.498259590648,-1500.1652417933637,51999.60470301208
2026-08-01 00:01:59,18000.483695639807,-1499.5386279955362,51999.67574564005
2026-08-01 00:02:00,18000.159955938256,-1500.4051383045498,51999.9073150355
2026-08-01 00:02:01,17999.67893273251,-1499.7256640772048,51999.81874760796
2026-08-01 00:02:02,17999.978425888214,-1500.3936887068048,52000.48959574917
2026-08-01 00:02:03,17999.833749533933,-1499.3256632159269,51999.9493373776
2026-08-01 00:02:04,18000.010173355913,-1500.326702006559,52000.45001826922
2026-08-01 00:02:05,17999.691765935862,-1500.6637473094122,52000.24471525715
2026-08-01 00:02:06,18000.14224756948,-1500.6692806461092,52000.14879872103
2026-08-01 00:02:07,17998.9600459215,-1500.5170923960482,52000.41934587873
2026-08-01 00:02:08,18001.204790175816,-1500.5896992220532,51999.72331720525
2026-08-01 00:02:09,18001.44254819215,-1499.733372002021,51999.539883778234
2026-08-01 00:02:10,18000.300033040694,-1499.9442075740144,52000.717306697814
2026-08-01 00:02:11,17998.56463876259,-1500.7712089591562,52000.35629054394
2026-08-01 00:02:12,18000.16592650888,-1499.6053888721606,52000.86015289462
2026-08-01 00:02:13,18000.59730929769,-1500.8189288434808,51999.94248794056
2026-08-01 00:02:14,17999.976243117562,-1499.6058837116032,52000.038929233175
2026-08-01 00:02:15,18000.703624155667,-1499.6311789726788,52000.22938060822
2026-08-01 00:02:16,18000.611398729696,-1499.9243896694056,52000.09851647205
2026-08-01 00:02:17,17999.776164912724,-1500.304330063804,51999.71409365039
2026-08-01 00:02:18,17999.999511286056,-1500.2145052813942,51999.87339037286
2026-08-01 00:02:19,18000.11205390062,-1499.748100960906,52000.0046325265
2026-08-01 00:02:20,17999.511487380958,-1500.411585634195,51999.91111423105
2026-08-01 00:02:21,17999.817329575435,-1499.6921089060036,51999.88967695046
2026-08-01 00:02:22,17999.64130254656,-1499.6881624468847,51999.36405594237
2026-08-01 00:02:23,17999.87965022178,-1499.873342784215,52000.9098496049
2026-08-01 00:02:24,17999.598500972654,-1499.145046408346,51999.87305094072
2026-08-01 00:02:25,18000.367033257025,-1500.107417044699,51999.62965631471
2026-08-01 00:02:26,18000.624955984636,-1499.7877910897387,52000.071913603824
2026-08-01 00:02:27,18000.320771351482,-1500.0605560160102,52000.91619472475
2026-08-01 00:02:28,17999.868416244608,-1500.0939744927628,51999.84284401586
2026-08-01 00:02:29,18000.55175972848,-1499.945440997585,52000.110669428694
2026-08-01 00:02:30,17999.438755108815,-1500.0214766293627,52000.21612741124
2026-08-01 00:02:31,17999.861780865784,-1501.3062122779904,52000.1564407392
2026-08-01 00:02:32,17999.61206068667,-1500.1986014747479,52000.55386649008
2026-08-01 00:02:33,17999.498066557386,-1499.4999058034969,51999.68809714312
2026-08-01 00:02:34,18000.023078036887,-1500.4219187323718,51999.559231632535
2026-08-01 00:02:35,18000.56254550654,-1499.7610281774303,52000.946064787335
2026-08-01 00:02:36,17999.736907557515,-1499.8947083535586,51999.45382818058
2026-08-01 00:02:37,18000.75821250129,-1500.5327200025138,51999.537535631185
2026-08-01 00:02:38,17999.320800283625,-1499.9627953861684,52000.04536463044
2026-08-01 00:02:39,18000.00065841509,-1500.2447256286607,51999.471583886196
2026-08-01 00:02:40,18000.311436211574,-1500.072425107676,52000.1283244419
2026-08-01 00:02:41,18000.80829905868,-1500.018334731901,52000.307040767686
2026-08-01 00:02:42,17999.635551499458,-1499.9048103306825,52000.24956572566
2026-08-01 00:02:43,17999.1887446847,-1499.6867338018146,51999.90424945817
2026-08-01 00:02:44,17999.825883496418,-1499.7272053285424,52000.590296525406
2026-08-01 00:02:45,18000.169414586486,-1499.8519203574301,52000.49950921801
2026-08-01 00:02:46,18000.18890900962,-1500.0065777025277,51999.76969535339
2026-08-01 00:02:47,17999.50102780355,-1500.392787375537,52000.37224289829
2026-08-01 00:02:48,17999.79453843591,-1500.7004580848495,52001.13830975709
2026-08-01 00:02:49,17999.435197771203,-1499.5854815673802,52000.171617317035
2026-08-01 00:02:50,17999.801531246612,-1500.3181405268692,51999.565840864954
2026-08-01 00:02:51,18000.141190641836,-1499.8637607994485,52000.04815016021
2026-08-01 00:02:52,17999.872642308394,-1499.6539807347756,51999.090998572676
2026-08-01 00:02:53,17999.989649746723,-1499.1894544394597,51999.901681679345
2026-08-01 00:02:54,17999.534412176257,-1500.10750171221,51999.883079547944
2026-08-01 00:02:55,17999.725122142583,-1500.3008266383029,51999.664653700405
2026-08-01 00:02:56,18000.23684278738,-1500.0636268831051,52000.69470629109
2026-08-01 00:02:57,18000.271863931634,-1500.6221094903115,51999.769193281885
2026-08-01 00:02:58,18000.697299654006,-1499.3682891929097,52000.74385129402
2026-08-01 00:02:59,17999.9890162721,-1500.668333275536,52000.100107237144
2026-08-01 00:03:00,17999.90648330375,-1500.6032149131543,52000.26054100094
2026-08-01 00:03:01,17999.49641441798,-1499.490255254333,51999.73644944995
2026-08-01 00:03:02,18000.065010096223,-1499.6998390653291,52000.4158814809
2026-08-01 00:03:03,17999.924027914905,-1499.7631558752926,51999.65291204544
2026-08-01 00:03:04,18000.25321706736,-1500.395786306945,51999.9538873026
2026-08-01 00:03:05,18000.614478137344,-1500.693390305581,51999.842809530506
2026-08-01 00:03:06,17999.955325952607,-1500.3105904135264,51999.552738824925
2026-08-01 00:03:07,18000.569444268636,-1499.9843737920025,52000.20894128548
2026-08-01 00:03:08,17999.289132757876,-1499.5603175302076,52000.07667722102
2026-08-01 00:03:09,18000.08996105385,-1499.7978956303073,52000.34531858978
2026-08-01 00:03:10,18000.750436631675,-1500.1631380969754,51999.77179180114
2026-08-01 00:03:11,17999.523709816316,-1499.8407884432236,52000.16930372648
2026-08-01 00:03:12,18000.10787351003,-1499.9848451677224,51999.76927464582
2026-08-01 00:03:13,17999.260560089377,-1499.4248900178459,51999.870084135095
2026-08-01 00:03:14,17999.904731942497,-1499.9114678998694,51999.959881035444
2026-08-01 00:03:15,18000.14438698243,-1499.6001714581823,52000.06524932057
2026-08-01 00:03:16,18001.33377008086,-1499.2042343819776,51999.794507205144
2026-08-01 00:03:17,18000.084117843056,-1501.2386616134713,51999.73092264837
2026-08-01 00:03:18,17999.89702303873,-1500.040767030556,52000.009829843635
2026-08-01 00:03:19,17999.456024216415,-1500.4890475519758,52001.010191844434
2026-08-01 00:03:20,17999.473601572045,-1500.5775109613219,51999.949568003525
2026-08-01 00:03:21,18000.0854980791,-1499.7948737414663,51999.305768283084
2026-08-01 00:03:22,18001.029799277516,-1499.565018348475,52000.87219828722
2026-08-01 00:03:23,17999.733441828652,-1499.597826594994,52000.456932960784
2026-08-01 00:03:24,18000.972833221458,-1500.2069922790156,52000.740859675636
2026-08-01 00:03:25,17999.992911795118,-1499.9738174461497,52000.78140109643
2026-08-01 00:03:26,18000.023489493826,-1500.290702110774,52000.196336785615
2026-08-01 00:03:27,17999.93977967719,-1500.842886042739,52000.4993246313
2026-08-01 00:03:28,17999.372944526196,-1499.237026049369,51999.732209939946
2026-08-01 00:03:29,17999.09143459567,-1499.707647999958,51999.80885922268
2026-08-01 00:03:30,18000.093851462574,-1500.1198101753655,51999.61233370399
2026-08-01 00:03:31,18000.02302450461,-1500.5809278876413,51999.993481887504
2026-08-01 00:03:32,17999.503358300033,-1500.4525709272516,51999.44547742792
2026-08-01 00:03:33,18000.412481255487,-1500.471414115601,51999.993277659036
2026-08-01 00:03:34,17999.79240594575,-1500.0539076398743,51999.299942992904
2026-08-01 00:03:35,18001.111283340397,-1499.9116150645514,51999.3429043196
2026-08-01 00:03:36,17999.818696485137,-1499.8296481625232,52000.343680061866
2026-08-01 00:03:37,17999.397696492564,-1501.2877964462798,51999.952000686906
2026-08-01 00:03:38,17999.95750048193,-1500.8988691286136,51999.32433064866
2026-08-01 00:03:39,17999.1181413678,-1500.0702589634595,51999.87907721308
2026-08-01 00:03:40,17999.27153659708,-1500.3638718878717,51999.81982087573
2026-08-01 00:03:41,17998.94021503967,-1500.1145163304823,52000.4971234762
2026-08-01 00:03:42,17999.78273770481,-1499.735015184263,52000.13294078816
2026-08-01 00:03:43,17999.756355458783,-1500.256499312954,52000.14536802615
2026-08-01 00:03:44,17999.744673913745,-1499.1378749732387,52000.360468462204
2026-08-01 00:03:45,18000.24905146091,-1499.6997805635024,51999.358999724594
2026-08-01 00:03:46,17999.444738653994,-1499.5634697004236,52000.091283427806
2026-08-01 00:03:47,17999.918593993218,-1500.8825084132081,52000.15322463818
2026-08-01 00:03:48,17999.491174792027,-1499.4534372801622,52000.77276970927
2026-08-01 00:03:49,18000.393505691172,-1499.9742422812446,52000.120148691225
2026-08-01 00:03:50,18000.777253960772,-1499.5477676620983,52000.549209847566
2026-08-01 00:03:51,18000.08960021874,-1500.1830656996367,51999.347298338784
2026-08-01 00:03:52,17999.073119900273,-1499.926766571858,51999.68755915531
2026-08-01 00:03:53,17999.757032152065,-1500.4069168520623,51999.75538370494
2026-08-01 00:03:54,18000.385416352117,-1500.9046482777605,52000.22560809066
2026-08-01 00:03:55,17999.68270292136,-1500.3046870928845,52000.31840093724
2026-08-01 00:03:56,17999.960871281277,-1499.1273664831447,51999.525225328965
2026-08-01 00:03:57,17998.133531986143,-1500.3346515404564,52001.36455277846
2026-08-01 00:03:58,18000.029473076134,-1499.8947241215108,51999.98496087945
2026-08-01 00:03:59,17999.612137894284,-1499.689571172777,51999.550473504656
2026-08-01 00:04:00,17999.88297071824,-1499.9843107706424,52000.07800808639
2026-08-01 00:04:01,18000.137429381364,-1500.1247746192116,52000.39358636976
2026-08-01 00:04:02,18000.13896756371,-1499.8282092437385,52000.28507339938
2026-08-01 00:04:03,17999.62409062007,-1499.9528337878223,52000.95228096906
2026-08-01 00:04:04,17999.882818503615,-1500.0707635902993,52000.681048708226
2026-08-01 00:04:05,17999.842661115377,-1500.2531531358584,51999.321016328664
2026-08-01 00:04:06,17999.95957926246,-1498.7375670242131,51999.608160388576
2026-08-01 00:04:07,17999.77161560725,-1500.5574527974695,51999.749785217384
2026-08-01 00:04:08,18000.073545709816,-1499.6387726700534,52000.45988932719
2026-08-01 00:04:09,18000.233726475264,-1499.554108349488,52000.10923565399
2026-08-01 00:04:10,18000.295135497618,-1500.4474087981378,51999.947464490404
2026-08-01 00:04:11,18000.48958792919,-1499.3408792463963,52000.058504689536
2026-08-01 00:04:12,18000.593040280546,-1500.096820527176,52000.20159927625
2026-08-01 00:04:13,18000.234455354417,-1500.018355121013,51999.98241247828
2026-08-01 00:04:14,18001.41747946414,-1500.3419685156787,52000.23700667436
2026-08-01 00:04:15,18000.39826639896,-1500.4976185122177,51999.47173957692
2026-08-01 00:04:16,17999.65288630623,-1500.4672583463555,51999.768297733026
2026-08-01 00:04:17,18000.14666109083,-1500.042599323055,52000.173192561626
2026-08-01 00:04:18,17999.22234279153,-1499.6759276562386,52000.06962082729
2026-08-01 00:04:19,18000.431470229927,-1500.2031469223036,51999.75235055924
2026-08-01 00:04:20,18000.299847800805,-1500.4246422071665,51999.70951689476
2026-08-01 00:04:21,17999.932742060097,-1498.9783290696762,52000.01010870709
2026-08-01 00:04:22,17999.97003286638,-1499.5969800019145,52000.29041946141
2026-08-01 00:04:23,17999.533182493946,-1500.0433489878874,51999.82214438602
2026-08-01 00:04:24,18000.380507223388,-1499.3782050647037,52000.15374111368
2026-08-01 00:04:25,17999.423685823644,-1500.259646081114,51999.645547041786
2026-08-01 00:04:26,18000.791536471057,-1499.7154893716283,51999.35022346294
2026-08-01 00:04:27,18000.439594144133,-1498.6803984804442,51999.9802210783
2026-08-01 00:04:28,18000.77403107928,-1499.97938126113,51999.87743807814
2026-08-01 00:04:29,17999.52888971004,-1499.7804744623743,51998.89444874398
2026-08-01 00:04:30,18001.076298023032,-1499.527236505477,51998.807641717256
2026-08-01 00:04:31,17999.673559696348,-1500.5516037197394,51999.99976274015
2026-08-01 00:04:32,18000.22026617223,-1499.6365723291167,52000.556633953565
2026-08-01 00:04:33,18000.239496478946,-1500.5001870701883,51999.94310211493
2026-08-01 00:04:34,18000.215806322194,-1499.057581030886,52000.67378843065
2026-08-01 00:04:35,18000.70089186081,-1499.3563033389025,52000.11255538343
2026-08-01 00:04:36,17999.77866090049,-1498.7096653675944,52000.0727937846
2026-08-01 00:04:37,17999.996227172982,-1499.9414739808344,51999.46969995152
2026-08-01 00:04:38,17999.67256382371,-1499.64054280303,52000.037129803604
2026-08-01 00:04:39,17999.71262734201,-1500.2416476483565,52000.9291067817
2026-08-01 00:04:40,17999.49192790801,-1499.6639103079142,52000.265791401755
2026-08-01 00:04:41,18000.360656691242,-1499.70744822882,52000.08618619835
2026-08-01 00:04:42,18000.03911198078,-1499.3786221853456,52000.47873895694
2026-08-01 00:04:43,17999.74253039794,-1500.1999762311664,52000.225580404476
2026-08-01 00:04:44,17999.408497837332,-1500.324863243957,52000.77103639401
2026-08-01 00:04:45,17999.90123347027,-1499.0644979668932,52000.91626672464
2026-08-01 00:04:46,18000.603420079737,-1499.8817081343489,52000.40773300216
2026-08-01 00:04:47,17999.9551054934,-1500.160910553149,52000.98832825897
2026-08-01 00:04:48,18000.200388340392,-1499.1248377275715,51999.884896680334
2026-08-01 00:04:49,18001.060975406566,-1500.959560065892,51999.44034178948
2026-08-01 00:04:50,18000.716525290612,-1500.6018666077762,51999.73144698585
2026-08-01 00:04:51,17999.563020659072,-1499.4080508939762,51998.96712158754
2026-08-01 00:04:52,18000.658408208925,-1500.0309761669566,52000.28094823676
2026-08-01 00:04:53,18001.334787989013,-1499.373671021819,52000.27716104863
2026-08-01 00:04:54,17999.665473574645,-1499.1622035171824,51999.7327111516
2026-08-01 00:04:55,18000.193960429573,-1499.2354852168912,51999.847010702506
2026-08-01 00:04:56,17999.864292919785,-1500.572626123543,51999.94225110033
2026-08-01 00:04:57,17999.852084908507,-1500.6522232215702,52000.35195007235
2026-08-01 00:04:58,17999.810723157185,-1499.8936478983685,52000.49046245774
2026-08-01 00:04:59,17999.020603926696,-1500.4874773504775,51999.09520034803
2026-08-01 00:05:00,17999.645065412475,-1500.2628559669938,51999.71141310223
2026-08-01 00:05:01,17999.152953981258,-1500.1355777670497,52000.14970056298
2026-08-01 00:05:02,17999.458068007185,-1499.2324157997373,51999.84989848362
2026-08-01 00:05:03,18000.236180644722,-1500.3830716306636,51999.518264864346
2026-08-01 00:05:04,18000.406443043,-1500.396977286631,52000.07622974545
2026-08-01 00:05:05,17999.786444112695,-1499.0760096248912,51999.74970686872
2026-08-01 00:05:06,17999.958904690415,-1499.2743526608056,52000.82722404435
2026-08-01 00:05:07,17999.948057748043,-1499.3569258599655,52000.090335915804
2026-08-01 00:05:08,18000.168874522726,-1500.1172231055996,52000.872629752455
2026-08-01 00:05:09,17999.456971708507,-1499.8149677441586,51999.376282925536
2026-08-01 00:05:10,18000.113086857666,-1500.3588989917066,52000.83668969967
2026-08-01 00:05:11,17999.71892297885,-1499.741390132315,51999.91212172771
2026-08-01 00:05:12,17999.5986508212,-1500.4481570507019,51999.674477466804
2026-08-01 00:05:13,17999.439171349328,-1499.5630451515933,52000.30624531855
2026-08-01 00:05:14,18000.46526935532,-1500.1722440210913,51998.99220737142
2026-08-01 00:05:15,18000.472736719472,-1499.1904885468466,52000.716990280314
2026-08-01 00:05:16,18000.53923717799,-1499.4893687599172,51999.844590946894
2026-08-01 00:05:17,17999.14303646591,-1500.01664896543,52000.16739755552
2026-08-01 00:05:18,17999.784835069713,-1499.920692536689,52000.456214070415
2026-08-01 00:05:19,17999.80316387019,-1500.1417265065268,51999.959723851534
2026-08-01 00:05:20,17999.514713607332,-1500.337586078545,52000.41994616091
2026-08-01 00:05:21,17999.935187304432,-1500.1177151028862,51999.78272112945
2026-08-01 00:05:22,17999.40975322562,-1499.8802386513573,51999.84890424561
2026-08-01 00:05:23,18000.289088424397,-1499.8978010815479,51999.93504715136
2026-08-01 00:05:24,18001.061520566305,-1500.038763313417,52000.41246884537
2026-08-01 00:05:25,17999.88824111017,-1499.711739957329,51999.74714833155
2026-08-01 00:05:26,17999.55887175298,-1500.211889642429,52001.28812564352
2026-08-01 00:05:27,18000.518486370842,-1500.301046192771,51999.80513386324
2026-08-01 00:05:28,17999.954223351422,-1499.6886565880136,52000.17863064951
2026-08-01 00:05:29,18000.064079225867,-1499.3373936368787,51999.98913335876
2026-08-01 00:05:30,18000.696861352717,-1499.9358743237692,51999.96590888222
2026-08-01 00:05:31,18000.04676768702,-1499.9243168535077,52000.19281546264
2026-08-01 00:05:32,18000.188535110516,-1501.0218564911315,52000.27022888852
2026-08-01 00:05:33,18000.523431548067,-1499.98063507479,52000.52813193269
2026-08-01 00:05:34,17999.677564217585,-1499.203785983574,51999.79616455064
2026-08-01 00:05:35,18001.400561559032,-1499.7595488158902,51999.90527722198
2026-08-01 00:05:36,17999.86424506374,-1500.6174499210222,52000.11309665951
2026-08-01 00:05:37,17999.956583547424,-1500.310816295962,51999.964921859806
2026-08-01 00:05:38,17999.865898640197,-1499.9566238189448,52000.602194281564
2026-08-01 00:05:39,18001.000962617665,-1499.8528305397963,51999.73294154635
2026-08-01 00:05:40,18000.68775262293,-1500.3201470103231,51999.46666728035
2026-08-01 00:05:41,17999.774956168156,-1500.3337172293839,51999.73575348968
2026-08-01 00:05:42,18000.231571596985,-1500.3488523220492,51998.846987827725
2026-08-01 00:05:43,18001.071256938212,-1499.4491730608797,51998.93844934692
2026-08-01 00:05:44,18000.369465172647,-1499.9842463186085,52000.43417077793
2026-08-01 00:05:45,18000.13148726926,-1500.389153080911,51999.55613245414
2026-08-01 00:05:46,17999.431690844332,-1499.9366645202113,51999.84023602419
2026-08-01 00:05:47,18000.08547684852,-1499.5343644596599,52000.60319380171
2026-08-01 00:05:48,18000.360396583856,-1500.0750466441684,51999.97855981118
2026-08-01 00:05:49,17999.789624923964,-1500.4118809154932,51999.178248467586
2026-08-01 00:05:50,18000.283236838277,-1500.1192103577407,52000.40195740422
2026-08-01 00:05:51,17999.151944700945,-1499.2363192981438,51999.31077368307
2026-08-01 00:05:52,18000.855049944614,-1499.926168716585,52000.273130961206
2026-08-01 00:05:53,17999.374222075723,-1500.312889031885,52000.447893868266
2026-08-01 00:05:54,18000.242915306888,-1500.3902699757325,52000.2979197332
2026-08-01 00:05:55,18000.226256895203,-1500.2648664023664,52000.87390447601
2026-08-01 00:05:56,17999.95935230379,-1499.9329681743488,52000.22326536878
2026-08-01 00:05:57,18000.3600238116,-1499.0696711317871,51999.50791391819
2026-08-01 00:05:58,18001.037865754468,-1499.7914847556651,51999.73252224236
2026-08-01 00:05:59,18000.15764477565,-1498.9934814335409,51999.90642453222
2026-08-01 00:06:00,18000.378567045896,-1499.001396026109,51999.72071921928
2026-08-01 00:06:01,18000.163907665436,-1499.6707704095547,52000.56709798228
2026-08-01 00:06:02,18000.06132178373,-1499.3903018920796,51999.432642450774
2026-08-01 00:06:03,18000.370153878728,-1499.7729503906503,52000.371582536616
2026-08-01 00:06:04,18000.047448237463,-1500.5403623138561,51999.7899366544
2026-08-01 00:06:05,17998.633492981815,-1500.0306591089266,51999.64009421956
2026-08-01 00:06:06,18000.078117898378,-1500.3325274296942,51999.94354647791
2026-08-01 00:06:07,18000.003279917877,-1500.48162215764,51999.809986617554
2026-08-01 00:06:08,18000.45114104164,-1499.5660744681472,51999.95789842045
2026-08-01 00:06:09,18000.165518482405,-1499.7901030383507,52000.40245147104
2026-08-01 00:06:10,18000.421466429834,-1500.59685462498,52000.269547255666
2026-08-01 00:06:11,18000.164893370325,-1500.7396342902027,52000.023222103504
2026-08-01 00:06:12,17999.35210146381,-1499.5994399338285,51999.64305046129
2026-08-01 00:06:13,18000.436847243658,-1500.098417338116,51999.95580920067
2026-08-01 00:06:14,17999.465635750374,-1499.353306491415,52000.20175171918
2026-08-01 00:06:15,18000.125578926272,-1499.6772802916344,51999.64199436437
2026-08-01 00:06:16,18000.952118033478,-1500.1931607492907,52000.85916162896
2026-08-01 00:06:17,17999.86128995611,-1500.3593839575947,51999.858646789064
2026-08-01 00:06:18,18000.32188524232,-1499.9067004942638,51999.60489870445
2026-08-01 00:06:19,18000.14745347271,-1499.2908792439257,52000.1289236765
2026-08-01 00:06:20,17999.604937400694,-1499.8855978986148,51999.90492913845
2026-08-01 00:06:21,18000.114168352357,-1500.350241703821,51999.66271088961
2026-08-01 00:06:22,17999.915125445732,-1500.135812561387,51999.57633430343
2026-08-01 00:06:23,17999.56371640416,-1501.165925304792,52000.731265187096
2026-08-01 00:06:24,18000.627287764146,-1499.8866819736213,51999.550514328555
2026-08-01 00:06:25,18000.090160760108,-1499.3695742529246,51999.387730593764
2026-08-01 00:06:26,18000.02990060078,-1500.7441355877124,51999.688103755114
2026-08-01 00:06:27,17999.99776538009,-1499.533317076709,51999.875692703325
2026-08-01 00:06:28,18000.57965919346,-1500.0456583097402,51999.32701137745
2026-08-01 00:06:29,18000.260270543404,-1500.1123838371695,52000.13366541784
2026-08-01 00:06:30,18000.43522183808,-1499.2488989308656,52000.1924358848
2026-08-01 00:06:31,17999.949870044653,-1499.3989922721662,51999.81431073144
2026-08-01 00:06:32,17999.827659423492,-1499.924946402701,51999.80535203971
2026-08-01 00:06:33,17999.24300978323,-1499.496529649468,51999.16527769974
2026-08-01 00:06:34,18000.465504243235,-1500.6692304272833,51999.502662844236
2026-08-01 00:06:35,17999.593259233956,-1499.9858155617976,52000.76870814336
2026-08-01 00:06:36,17999.294063224497,-1500.6396655223416,51999.95065099694
2026-08-01 00:06:37,18000.889523407997,-1500.1640822901852,51999.34448933332
2026-08-01 00:06:38,17999.55170013653,-1500.4642272168608,51998.9130694989
2026-08-01 00:06:39,17999.6096556075,-1499.2761858748788,52000.16497666194
2026-08-01 00:06:40,17999.2062387827,-1500.298244092905,52000.35052228909
2026-08-01 00:06:41,17999.731644408763,-1500.5087268430868,51999.95966059304
2026-08-01 00:06:42,18000.45065558459,-1499.6724258427378,52000.31323574101
2026-08-01 00:06:43,17999.589969839853,-1500.846275015463,52000.67166669095
2026-08-01 00:06:44,17999.703501424803,-1499.3433634884645,51999.4457483352
2026-08-01 00:06:45,18000.088851115153,-1500.614618973278,52000.37908959139
2026-08-01 00:06:46,18000.385402138672,-1499.7234772233842,51999.9447738508
2026-08-01 00:06:47,17999.31591610191,-1499.222496764726,51999.59737466063
2026-08-01 00:06:48,18001.118534196696,-1499.7917551692667,51999.81790196953
2026-08-01 00:06:49,17999.832117683087,-1499.756598132298,52000.13266087048
2026-08-01 00:06:50,17999.787743582394,-1500.0842153479784,52000.059711439775
2026-08-01 00:06:51,17999.961672663572,-1500.3588334770152,51999.22279793913
2026-08-01 00:06:52,18000.284322227708,-1498.987922247036,51999.61445427293
2026-08-01 00:06:53,18000.099905107323,-1500.191721730305,51999.859175890655
2026-08-01 00:06:54,17999.42285603118,-1500.1071919497845,52000.44463962344
2026-08-01 00:06:55,18000.078009669276,-1499.7660468081904,51999.73717444263
2026-08-01 00:06:56,18000.226327896264,-1499.937381382417,52000.365125063516
2026-08-01 00:06:57,17998.9503337281,-1499.5357144426664,51999.91905416486
2026-08-01 00:06:58,18000.18415956668,-1499.664380824491,51999.833350231216
2026-08-01 00:06:59,18000.437728083794,-1499.7435776598136,52000.298642233414
2026-08-01 00:07:00,18000.695607677764,-1499.584045278283,51999.66004689097
2026-08-01 00:07:01,17999.859738214378,-1499.8658210638612,52000.432321538836
2026-08-01 00:07:02,17999.840210158985,-1499.623809557361,51999.253072481224
2026-08-01 00:07:03,18000.437955158526,-1499.5179406202117,51998.85117548145
2026-08-01 00:07:04,18000.962137823743,-1500.5620331039513,52000.23129196049
2026-08-01 00:07:05,17998.996331307553,-1499.511437091226,51999.58181312478
2026-08-01 00:07:06,17999.206425378878,-1499.5980383687395,51999.45267841115
2026-08-01 00:07:07,17999.260230848726,-1500.259409786609,52000.72699363041
2026-08-01 00:07:08,18000.135585210526,-1500.0893642242072,51999.70284999323
2026-08-01 00:07:09,18000.21077288165,-1499.8187611992744,51999.96810958636
2026-08-01 00:07:10,18000.138110371907,-1500.2782569500564,52000.36147913202
2026-08-01 00:07:11,17999.383428711557,-1499.9975638424814,51999.72893556058
2026-08-01 00:07:12,18000.049965317732,-1500.2123899489789,51999.22760136268
2026-08-01 00:07:13,18000.298253347344,-1500.8582510478932,51998.94687408743
2026-08-01 00:07:14,18000.188199146156,-1500.381036794986,52000.15801038056
2026-08-01 00:07:15,17999.496862389344,-1500.4775288222206,52000.17777605655
2026-08-01 00:07:16,17999.027914978997,-1499.7965406707854,51999.18259031713
2026-08-01 00:07:17,18000.43152184997,-1501.1967596214402,51999.811548494734
2026-08-01 00:07:18,17999.408104492875,-1500.3744874184258,52000.19991306031
2026-08-01 00:07:19,17999.98768055529,-1499.9605866750148,51999.78136541686
2026-08-01 00:07:20,18000.563497389816,-1500.2637846190605,52000.34232232596
2026-08-01 00:07:21,17999.974512942186,-1499.3476562868325,52000.11611482446
2026-08-01 00:07:22,18000.73092275503,-1500.3917321519416,52000.46321093739
2026-08-01 00:07:23,17999.88958181517,-1500.6925562828346,52000.782720279145
2026-08-01 00:07:24,17999.739307254822,-1499.751781726616,52000.03779192979
2026-08-01 00:07:25,18000.074729073243,-1499.7627160608233,51999.39117029838
2026-08-01 00:07:26,18000.138946268376,-1500.0474072233962,51999.03042694219
2026-08-01 00:07:27,17999.67462768808,-1500.8917026489105,51999.84548285062
2026-08-01 00:07:28,17999.808745816856,-1500.3960966257478,51999.48668411353
2026-08-01 00:07:29,17999.436033203012,-1500.5386169137344,52000.07817269325
2026-08-01 00:07:30,18000.04766937317,-1499.283515458087,52000.35074070544
2026-08-01 00:07:31,18000.12664889688,-1499.467855500443,52000.03559569247
2026-08-01 00:07:32,17999.708649923417,-1499.935149713156,52000.358930252354
2026-08-01 00:07:33,18000.456545328012,-1500.1385037259795,51999.682563276336
2026-08-01 00:07:34,18000.621483536317,-1500.1235144287161,51999.61544016084
2026-08-01 00:07:35,17999.894779130333,-1499.1035553507397,51999.55010441013
2026-08-01 00:07:36,17999.364325568135,-1500.0422004231198,51999.28903890035
2026-08-01 00:07:37,18000.185962243057,-1500.650411448292,52000.66747083873
2026-08-01 00:07:38,18000.773947231486,-1500.450395218973,52000.30015334014
2026-08-01 00:07:39,18000.273056018134,-1500.1713744826152,52000.253007465726
2026-08-01 00:07:40,18000.56106562325,-1500.492829797379,51998.821077910085
2026-08-01 00:07:41,18000.010709663642,-1499.2238593308257,52000.91543033235
2026-08-01 00:07:42,18000.05961417458,-1499.8537157675212,52000.30210917887
2026-08-01 00:07:43,18000.195617696663,-1500.1268282079718,51999.67646990051
2026-08-01 00:07:44,17999.681876893577,-1500.471638110915,51999.75610391853
2026-08-01 00:07:45,17999.915934956265,-1500.6444450378622,51998.78743469753
2026-08-01 00:07:46,17999.777157862838,-1500.5410489025599,52000.167392116404
2026-08-01 00:07:47,18000.0352046052,-1499.616164896751,51999.495028684214
2026-08-01 00:07:48,18000.49822848078,-1500.5688963504706,51999.05657490515
2026-08-01 00:07:49,17999.55298005236,-1500.0646779011909,51999.80075839253
2026-08-01 00:07:50,17999.945900235885,-1499.7034796444332,52000.34532204256
2026-08-01 00:07:51,17999.94744854953,-1500.2201359847863,52000.50573522567
2026-08-01 00:07:52,17999.785316472615,-1499.8570807581102,52000.28181486184
2026-08-01 00:07:53,18000.399512145945,-1499.9757957956615,52000.22724566049
2026-08-01 00:07:54,18000.184565454656,-1500.5910901705702,52000.281368326876
2026-08-01 00:07:55,17999.41484410884,-1500.073774763238,51999.45383479055
2026-08-01 00:07:56,17999.64943159332,-1499.032266328959,52000.11920627775
2026-08-01 00:07:57,18001.00849071155,-1500.122226596411,52000.2282720783
2026-08-01 00:07:58,17999.6292702283,-1499.9501160962225,52000.14042466437
2026-08-01 00:07:59,17999.42071952554,-1500.6200849261597,51999.07297115956
2026-08-01 00:08:00,17999.88049007029,-1499.9852758552456,51999.323823313855
2026-08-01 00:08:01,18000.756549912883,-1499.295012060388,51999.941673721725
2026-08-01 00:08:02,18000.1547018153,-1500.4044510827591,52000.118508443324
2026-08-01 00:08:03,18000.8114056113,-1500.6743103793485,52000.397657726
2026-08-01 00:08:04,17999.8919632219,-1499.4443190639245,52000.28410298999
2026-08-01 00:08:05,17999.69251896318,-1500.793701893757,51999.08423773937
2026-08-01 00:08:06,17999.939089300547,-1500.0542229757486,51998.48069038172
2026-08-01 00:08:07,18000.43904021375,-1500.3106541938425,51999.38934938855
2026-08-01 00:08:08,18000.875349185444,-1499.9550091524627,51999.3726670878
2026-08-01 00:08:09,17999.918739334356,-1500.9891127772757,52000.495861071504
2026-08-01 00:08:10,17999.768048480088,-1499.7243144369745,52000.2698136082
2026-08-01 00:08:11,17999.46649738632,-1500.4119964309177,51999.97550718941
2026-08-01 00:08:12,17999.938060890847,-1499.84176581396,51999.92834570887
2026-08-01 00:08:13,17999.686015759675,-1500.4710264774226,51999.18851492379
2026-08-01 00:08:14,17999.506414536405,-1499.199351468554,51999.904007485595
2026-08-01 00:08:15,17999.30765969296,-1499.350154651709,52000.035135193386
2026-08-01 00:08:16,17999.461611397484,-1500.483255598213,52000.393946865566
2026-08-01 00:08:17,18000.513899612117,-1499.2738238733998,52000.36296360058
2026-08-01 00:08:18,18000.489441026733,-1500.5435924454828,52000.26243317006
2026-08-01 00:08:19,17999.43807761338,-1499.0176944269424,52000.837716700524
2026-08-01 00:08:20,18000.065577314614,-1500.055316850789,51999.86401539124
2026-08-01 00:08:21,17998.957909789417,-1500.1766459183664,52000.71734100967
2026-08-01 00:08:22,17999.816037565437,-1499.9525585681567,52000.5332711895
2026-08-01 00:08:23,17999.738398639824,-1500.0724692310916,52000.117288576024
2026-08-01 00:08:24,18000.778482176673,-1500.642627475807,51999.43405609002
2026-08-01 00:08:25,18000.274465272723,-1499.606166150382,52000.06467649304
2026-08-01 00:08:26,17999.2268832721,-1500.7413903059398,51999.48532314161
2026-08-01 00:08:27,18001.386884716783,-1499.400877616149,51999.52226374752
2026-08-01 00:08:28,18000.43907061584,-1500.1493343343059,51999.70834557297
2026-08-01 00:08:29,18000.493865558376,-1501.1185857623032,52000.0326599288
2026-08-01 00:08:30,18000.187355200396,-1500.2019247274486,51999.94930940702
2026-08-01 00:08:31,18000.537158495525,-1499.918604298592,51998.87769741685
2026-08-01 00:08:32,17999.757699789592,-1500.1396043693428,52000.05301745429
2026-08-01 00:08:33,17999.903008728314,-1500.0205494845138,52000.01014897774
2026-08-01 00:08:34,17999.822631261446,-1500.1736588309216,52000.08258858621
2026-08-01 00:08:35,17999.524581540092,-1499.5436200694057,51998.613079402436
2026-08-01 00:08:36,18000.27094761462,-1499.6283907091977,52000.24888640713
2026-08-01 00:08:37,18000.314317670658,-1499.177027057169,51999.90333640731
2026-08-01 00:08:38,18000.43017972955,-1500.5017450227008,51998.6154628213
2026-08-01 00:08:39,17999.3923088334,-1500.95757598504,52000.082116266116
2026-08-01 00:08:40,18000.052159788498,-1498.3895485975615,51999.80558698231
2026-08-01 00:08:41,17999.58569651665,-1499.8996912353887,51999.156424753826
2026-08-01 00:08:42,18000.186939464278,-1500.1097654864805,52000.03416206452
2026-08-01 00:08:43,18000.56122088449,-1500.1905237599608,52000.31515812727
2026-08-01 00:08:44,18000.454237086255,-1500.0066136538676,52000.07708834077
2026-08-01 00:08:45,18000.425221734706,-1499.4301839440543,52000.56709992051
2026-08-01 00:08:46,18000.075787255235,-1499.7761417724898,52000.03704580635
2026-08-01 00:08:47,17999.179919737187,-1499.0370375822624,51999.663005694434
2026-08-01 00:08:48,17999.340447274364,-1500.5604787960092,51999.86798481958
2026-08-01 00:08:49,18000.0981539234,-1500.3746323067671,51999.58803297219
2026-08-01 00:08:50,17999.76580809584,-1499.2817546290291,51999.50719136403
2026-08-01 00:08:51,18000.459003156913,-1499.8425655864596,52000.23498785391
2026-08-01 00:08:52,17999.431569127737,-1500.507923859145,51999.22700818296
2026-08-01 00:08:53,18000.248641506536,-1500.2467097167594,51999.735722781814
2026-08-01 00:08:54,17999.678204170075,-1500.8416227343978,51999.9125123281
2026-08-01 00:08:55,18000.0666997239,-1499.6706455406454,52000.78440288283
2026-08-01 00:08:56,17999.11620273623,-1499.9124096737112,51999.507581915605
2026-08-01 00:08:57,17999.57388049746,-1500.1784126129207,51999.58663700806
2026-08-01 00:08:58,17999.641995534144,-1499.8739486004995,52000.6480744885
2026-08-01 00:08:59,18000.528827739825,-1499.9486060601018,52000.5195309983
2026-08-01 00:09:00,17999.997536053572,-1499.7030778123844,51999.41450271448
2026-08-01 00:09:01,17999.965499559767,-1500.1612811007433,51999.84380127047
2026-08-01 00:09:02,18000.518427209412,-1500.038555639583,51999.68787542493
2026-08-01 00:09:03,18000.058811001316,-1499.1494217347079,51999.80176169885
2026-08-01 00:09:04,17999.93110934738,-1499.9515654467737,52000.08755945041
2026-08-01 00:09:05,17999.769327481186,-1499.8441405990798,52000.66868928601
2026-08-01 00:09:06,17999.763563943205,-1500.3387494965154,51999.75182554081
2026-08-01 00:09:07,18001.204476244362,-1500.0628761099906,52000.200104181095
2026-08-01 00:09:08,17999.82628010444,-1500.5728822250705,52000.46997306159
2026-08-01 00:09:09,17999.841720480177,-1500.0608280794613,52000.65261649275
2026-08-01 00:09:10,18000.338604216504,-1499.977973372871,52000.04785350254
2026-08-01 00:09:11,18000.450822477564,-1499.9712830870021,51999.97027812365
2026-08-01 00:09:12,18000.82259410568,-1500.4828625573798,52000.08914948127
2026-08-01 00:09:13,17999.455310156056,-1500.4988302593795,52000.113114838256
2026-08-01 00:09:14,17999.975854537846,-1499.8208994717425,51999.267160349824
2026-08-01 00:09:15,18000.444888634927,-1500.2125286226076,51998.84822359757
2026-08-01 00:09:16,17999.297670826385,-1499.4404070696685,52000.46485092674
2026-08-01 00:09:17,17999.712694388832,-1500.7844498855995,52000.06457251641
2026-08-01 00:09:18,17999.421480635676,-1499.9383286616435,52000.867057032745
2026-08-01 00:09:19,17999.980136673345,-1499.1568093698654,52000.23063847286
2026-08-01 00:09:20,17998.87680526278,-1500.8415229787106,52000.70876045778
2026-08-01 00:09:21,18000.446426600403,-1500.4891819353388,52000.19612783794
2026-08-01 00:09:22,17999.467355121604,-1499.6333669100034,52000.21032733629
2026-08-01 00:09:23,17999.518036481622,-1499.9684923330037,52000.31706829534
2026-08-01 00:09:24,18000.22107253005,-1499.7860300938266,51999.69238026231
2026-08-01 00:09:25,17999.90115192856,-1500.154019135639,52000.492734459935
2026-08-01 00:09:26,18000.226673241727,-1499.4578842172673,52000.092345063094
2026-08-01 00:09:27,18000.274177021103,-1500.4739860810594,51999.035884561396
2026-08-01 00:09:28,17999.94171706719,-1499.943706938161,52000.119635179406
2026-08-01 00:09:29,18000.26318665148,-1500.2347949031066,51999.888833855504
2026-08-01 00:09:30,17999.59828337973,-1500.168400907568,51999.479990157495
2026-08-01 00:09:31,18000.23007684636,-1500.6948184134965,52000.902427117144
2026-08-01 00:09:32,17999.85804678985,-1499.4569617930974,51999.662048736995
2026-08-01 00:09:33,18000.305519518097,-1499.6098575295453,52000.34058176454
2026-08-01 00:09:34,17998.943433236647,-1499.9073043664303,51999.422390779226
2026-08-01 00:09:35,17999.28148684965,-1499.7032145004696,52000.49825823995
2026-08-01 00:09:36,18000.36287076034,-1499.9712947134524,51999.95993166313
2026-08-01 00:09:37,17999.7477293465,-1499.702550351055,51999.19706467585
2026-08-01 00:09:38,17999.893157171882,-1499.490329739478,52000.492035368414
2026-08-01 00:09:39,17999.83430146812,-1500.7314562660647,51999.59390414735
2026-08-01 00:09:40,17999.558448506137,-1500.1698544297876,51999.296164507396
2026-08-01 00:09:41,17999.912538567496,-1499.2178822184592,52000.14859702492
2026-08-01 00:09:42,17998.990994288724,-1499.8108138191906,52000.25222214185
2026-08-01 00:09:43,17999.70103187179,-1500.460038436976,52000.501085072756
2026-08-01 00:09:44,17999.928955287927,-1500.8173599528322,51999.40249088653
2026-08-01 00:09:45,18000.50007544257,-1499.4439761786557,51999.16871211443
2026-08-01 00:09:46,17999.876185796365,-1499.5795209138437,51999.44133771498
2026-08-01 00:09:47,18000.548245345384,-1499.7457755468783,51999.86481748465
2026-08-01 00:09:48,18000.944039851674,-1500.1726181647716,52000.07689102996
2026-08-01 00:09:49,17998.898613723784,-1499.8571142634771,52000.05849280354
2026-08-01 00:09:50,17999.753289841912,-1499.6696061171504,52000.54236320482
2026-08-01 00:09:51,18000.32083332884,-1500.1969067203668,52000.03143194662
2026-08-01 00:09:52,18000.636843014916,-1500.4919584686052,52000.69358698575
2026-08-01 00:09:53,17999.312477119543,-1499.552419733523,51999.18484659529
2026-08-01 00:09:54,18000.57639323193,-1500.0295839882428,52000.35964035024
2026-08-01 00:09:55,18000.030343739014,-1500.2156344269329,51999.73660177439
2026-08-01 00:09:56,18000.36483028552,-1499.91119408908,52000.414541014514
2026-08-01 00:09:57,17999.13840842137,-1500.280492161939,52000.37650014935
2026-08-01 00:09:58,18000.190525068665,-1500.7019900695334,52000.52656190317
2026-08-01 00:09:59,17999.806158300973,-1498.8278908962566,51999.58638485397
2026-08-01 00:10:00,17998.889751551385,-1499.983691376834,52001.020207654816
2026-08-01 00:10:01,17999.65264302901,-1500.1509112835702,51999.93612261294
2026-08-01 00:10:02,17999.853215308947,-1500.1748831308041,51999.81662705129
2026-08-01 00:10:03,18000.2985210687,-1500.0755363681305,52000.35983184946
2026-08-01 00:10:04,17999.767383240436,-1499.4227608451688,52000.42917203876
2026-08-01 00:10:05,17999.833709809875,-1499.6401544963505,52001.436087156515
2026-08-01 00:10:06,18000.088612335498,-1499.8220570713474,51999.71990065284
2026-08-01 00:10:07,18001.403349763863,-1499.6795463373912,52000.269388368106
2026-08-01 00:10:08,17999.99847502589,-1500.1149307669277,51999.096808881266
2026-08-01 00:10:09,17998.99647652,-1500.1467447707132,52000.4635394536
2026-08-01 00:10:10,17999.937538819708,-1500.5275200023236,52000.26147690092
2026-08-01 00:10:11,17999.7502469739,-1500.1218017053834,51999.84938744138
2026-08-01 00:10:12,17999.514816259343,-1499.9180463329237,51999.70593571224
2026-08-01 00:10:13,18000.41393968018,-1500.2784802443366,52000.22802584479
2026-08-01 00:10:14,18000.376584203328,-1499.9721450120844,51999.92804003159
2026-08-01 00:10:15,17999.367873976018,-1500.1665320040554,51998.9234410291
2026-08-01 00:10:16,18000.450571382004,-1499.5042832624965,52000.40629006414
2026-08-01 00:10:17,17999.326088551778,-1500.264689663059,52001.034176621855
2026-08-01 00:10:18,18000.145268589014,-1499.2074924509163,52000.171666868824
2026-08-01 00:10:19,18000.113541092225,-1500.4641511196003,52000.34416597781
2026-08-01 00:10:20,18001.407577248232,-1499.86893367161,52000.91785904802
2026-08-01 00:10:21,17999.922375561124,-1500.4772648967157,52000.007643255405
2026-08-01 00:10:22,18000.469365892004,-1499.668812329672,51999.296708777154
2026-08-01 00:10:23,18000.969999058678,-1499.8603256793342,52000.40655052889
2026-08-01 00:10:24,18000.165710097997,-1499.2478263927349,51999.638600216436
2026-08-01 00:10:25,18000.02461793487,-1499.579594611205,51999.81199989776
2026-08-01 00:10:26,17999.53548323968,-1499.3289729774397,52000.14306295026
2026-08-01 00:10:27,17999.881455026567,-1499.9387640328766,52000.058738906155
2026-08-01 00:10:28,18000.427285076243,-1499.7755356609964,51999.843932120355
2026-08-01 00:10:29,18000.1787710528,-1500.0407953516167,52000.33249754975
2026-08-01 00:10:30,17999.510899072557,-1500.7237308271947,51999.749641962735
2026-08-01 00:10:31,18000.308113850486,-1500.9142380632788,52000.49640439011
2026-08-01 00:10:32,18000.138242648696,-1500.0897670240995,51999.74717529933
2026-08-01 00:10:33,17999.69146267044,-1500.1131156175938,51999.38335612256
2026-08-01 00:10:34,18000.238971520455,-1500.572948602687,52000.041527712754
2026-08-01 00:10:35,18000.72877759817,-1500.5692962511716,51999.95989395224
2026-08-01 00:10:36,17999.975389255145,-1499.8380381456416,52000.92872942064
2026-08-01 00:10:37,18000.03832727186,-1500.4480254013013,52000.45520285605
2026-08-01 00:10:38,17999.409048862093,-1499.5088944225981,51999.275155138064
2026-08-01 00:10:39,17999.29661654538,-1500.3683736308917,51999.24632494923
2026-08-01 00:10:40,17999.53393733926,-1499.8882002974021,52000.58426188541
2026-08-01 00:10:41,18000.481255310566,-1500.2176625318557,52000.108772647305
2026-08-01 00:10:42,18000.445145929174,-1499.5160916343689,51999.78219761577
2026-08-01 00:10:43,18000.434380157203,-1499.4750601028743,52000.44988743944
2026-08-01 00:10:44,18000.275931860728,-1500.73537242349,52000.2468962868
2026-08-01 00:10:45,17999.585210658373,-1500.748332638381,51999.77941550296
2026-08-01 00:10:46,18000.42057056065,-1500.1568501417519,51999.59485112508
2026-08-01 00:10:47,17999.21031727493,-1500.5932772659696,51999.80860227774
2026-08-01 00:10:48,18000.455887110413,-1500.08910551295,51999.34703735877
2026-08-01 00:10:49,17999.07160174173,-1500.1807274106457,52000.13846325685
2026-08-01 00:10:50,18000.220685720342,-1499.5887683581993,51999.71068097622
2026-08-01 00:10:51,17999.91832030369,-1499.4818862519514,51999.13872363706
2026-08-01 00:10:52,18000.544457205713,-1498.7325986155624,51999.676493377876
2026-08-01 00:10:53,17999.546196983407,-1499.7855563655464,51999.66276167228
2026-08-01 00:10:54,18000.537326585487,-1500.3654682723538,52000.765943713595
2026-08-01 00:10:55,18000.545832971053,-1500.2990538787335,51998.92656593538
2026-08-01 00:10:56,17999.91456857,-1499.3894943630678,52000.23744469906
2026-08-01 00:10:57,17999.882148308756,-1499.7574404210256,52000.47587671011
2026-08-01 00:10:58,17999.87456400139,-1500.0473296851949,52000.03378410683
2026-08-01 00:10:59,17999.411537835458,-1500.2969224134804,52000.28749248766
2026-08-01 00:11:00,18000.282980095166,-1499.6619455841017,51999.467182889995
2026-08-01 00:11:01,18000.068598412283,-1500.2682548103253,51999.290678788224
2026-08-01 00:11:02,18000.441988363393,-1498.8421013427333,52000.40766855404
2026-08-01 00:11:03,17999.281059120713,-1500.04894611424,52000.34052594075
2026-08-01 00:11:04,17999.989520541854,-1500.3225416443888,51999.496969335516
2026-08-01 00:11:05,17999.600166264107,-1499.7024935729353,51999.74545594207
2026-08-01 00:11:06,18000.33751117412,-1500.1358802061884,51999.8555729318
2026-08-01 00:11:07,17999.96638752414,-1499.7748093145326,52000.45786605024
2026-08-01 00:11:08,17999.598919289234,-1500.0685238679653,52000.152264222306
2026-08-01 00:11:09,18000.432867850333,-1499.8383335718897,52000.2377519233
2026-08-01 00:11:10,18000.19408016104,-1499.0998637319174,52000.227215254636
2026-08-01 00:11:11,17998.788542162725,-1499.5299343726529,52000.0403482517
2026-08-01 00:11:12,17999.955537697246,-1500.4457271959216,51999.91474239622
2026-08-01 00:11:13,17999.784732696113,-1500.663851171249,51999.22751607998
2026-08-01 00:11:14,18000.015057049186,-1500.4656479836838,52000.642971188805
2026-08-01 00:11:15,17999.458839710715,-1499.145622603673,51999.99287254379
2026-08-01 00:11:16,18000.57771923726,-1500.652203789196,52000.56517617925
2026-08-01 00:11:17,17999.578793710094,-1499.423531165076,51999.53924836772
2026-08-01 00:11:18,18000.033352829116,-1500.056345562174,51999.17032552566
2026-08-01 00:11:19,18000.366613661183,-1499.4047850636318,52000.2237180937
2026-08-01 00:11:20,17999.871863772212,-1500.29280012781,51999.48621591135
2026-08-01 00:11:21,18000.322447225735,-1498.8575742218795,51999.74866225745
2026-08-01 00:11:22,17999.886577638546,-1500.1659938580813,51999.67296999143
2026-08-01 00:11:23,17999.36057899952,-1500.2667987022335,51999.515386834
2026-08-01 00:11:24,17999.996886154837,-1499.5896454994572,51999.24439577322
2026-08-01 00:11:25,18000.16586350293,-1499.9814119670452,51999.93909449537
2026-08-01 00:11:26,18000.469575942807,-1500.231971925091,51999.82712488544
2026-08-01 00:11:27,17999.55243852349,-1499.6248950687182,51999.77742599592
2026-08-01 00:11:28,17999.79086096043,-1500.6450437110918,52000.16580419823
2026-08-01 00:11:29,18000.141733291162,-1500.2523871533813,51999.32166476654
2026-08-01 00:11:30,17999.998366387335,-1500.4262713432486,52000.228386493036
2026-08-01 00:11:31,18000.586004118803,-1500.4808806118237,51999.48287409331
2026-08-01 00:11:32,18000.40071255589,-1500.3275995312595,52000.071716046354
2026-08-01 00:11:33,18000.935130296377,-1499.4436624496586,51999.91583355445
2026-08-01 00:11:34,17999.79395450259,-1500.2683189511342,52000.72948650128
2026-08-01 00:11:35,17999.84994224147,-1500.1960422183954,51999.712503394556
2026-08-01 00:11:36,18000.217640991545,-1500.4329464338525,52000.27524556643
2026-08-01 00:11:37,18000.394917120993,-1500.2941796335447,51999.631313307524
2026-08-01 00:11:38,17999.77487075922,-1499.7272563963954,52000.60549127737
2026-08-01 00:11:39,17999.718637671598,-1500.288910452651,52000.522362524825
2026-08-01 00:11:40,18000.369847518785,-1499.50992943364,51999.40297442957
2026-08-01 00:11:41,18000.22773425593,-1499.78272639639,51999.245461553306
2026-08-01 00:11:42,18000.786553374794,-1500.8758016082747,52000.014128808485
2026-08-01 00:11:43,18000.29927580326,-1500.3810958753304,52000.760658630235
2026-08-01 00:11:44,18000.50589656341,-1500.0520806961931,52000.55522115333
2026-08-01 00:11:45,18000.616856208075,-1500.7035093291463,52000.23609906687
2026-08-01 00:11:46,18000.206071612967,-1500.547857231847,51999.065074497485
2026-08-01 00:11:47,17999.858745049114,-1499.5332008570952,51999.36377450396
2026-08-01 00:11:48,17999.72141034718,-1499.6669189893964,51999.5951500382
2026-08-01 00:11:49,17999.60412087561,-1500.222368522491,52000.02888121872
2026-08-01 00:11:50,18000.413920934945,-1500.008770517869,51999.412522030485
2026-08-01 00:11:51,17998.98258946597,-1500.445841520777,51999.09204734018
2026-08-01 00:11:52,17999.811947092192,-1499.8376518687319,51999.5629494727
2026-08-01 00:11:53,18000.169884944175,-1499.9168651967034,51999.68771011632
2026-08-01 00:11:54,18000.133323089518,-1500.0255272449538,51999.284406400424
2026-08-01 00:11:55,17999.687263193653,-1499.86643558078,52000.696836881194
2026-08-01 00:11:56,18000.246046547738,-1499.2340099083601,52000.07947454427
2026-08-01 00:11:57,17999.775992027768,-1499.944305714877,51999.85234178513
2026-08-01 00:11:58,18000.454295671345,-1500.43496327426,52000.98839377149
2026-08-01 00:11:59,17999.493892935563,-1500.5046237890663,52000.849435314776
2026-08-01 00:12:00,17999.313826288722,-1500.1767758617964,52000.24211242826
2026-08-01 00:12:01,17999.110256946857,-1499.6998398507196,51999.943878651015
2026-08-01 00:12:02,17999.92438703077,-1500.3629439177923,52000.422192560996
2026-08-01 00:12:03,18000.274543396765,-1499.8817467830404,51999.83975912895
2026-08-01 00:12:04,17999.5855269659,-1499.058530666247,52000.21348875453
2026-08-01 00:12:05,17999.690095672882,-1499.792224921241,51999.904078035426
2026-08-01 00:12:06,17999.69238007975,-1500.17002495202,52000.57863455955
2026-08-01 00:12:07,17999.043355439473,-1501.077050172994,51999.7033590593
2026-08-01 00:12:08,17999.630463255562,-1500.455340422752,52000.23984921622
2026-08-01 00:12:09,17999.97950390334,-1499.8878287701705,52000.16437492454
2026-08-01 00:12:10,18000.025229901905,-1500.388390472042,52000.37549167434
2026-08-01 00:12:11,17999.74069251661,-1500.766896992088,51999.914035846516
2026-08-01 00:12:12,17999.390964640912,-1500.4260039146427,51999.17653372195
2026-08-01 00:12:13,18000.03271645437,-1500.4894929990157,51999.958933675785
2026-08-01 00:12:14,18000.551650982725,-1500.4494291610474,52000.0175837387
2026-08-01 00:12:15,18000.222527784168,-1499.34777106256,51999.86309990021
2026-08-01 00:12:16,18000.014802045756,-1500.2339455897884,52000.22494817508
2026-08-01 00:12:17,18000.304566396717,-1500.1214427636548,51999.88659934035
2026-08-01 00:12:18,18000.124433076955,-1499.405457638431,51999.86221886608
2026-08-01 00:12:19,17999.19382328507,-1500.2992829027858,52001.02566301393
2026-08-01 00:12:20,17999.9413963961,-1499.5046315981062,51999.62505357415
2026-08-01 00:12:21,17999.504648062357,-1500.319947380246,51999.72084450509
2026-08-01 00:12:22,17999.857838527605,-1499.9416652071152,51999.94762817483
2026-08-01 00:12:23,18000.495729444643,-1500.0965212470558,51999.48513735031
2026-08-01 00:12:24,18000.768870649103,-1499.182502413402,52000.04149152125
2026-08-01 00:12:25,17999.605062001738,-1500.0246854585519,51999.85101201571
2026-08-01 00:12:26,17999.577586650175,-1500.7781211629554,51999.8552569553
2026-08-01 00:12:27,17998.919279056172,-1500.0383581632789,52000.67719986431
2026-08-01 00:12:28,17999.70184679076,-1499.4749252298504,51999.778989768514
2026-08-01 00:12:29,17999.47000177183,-1499.9518733156503,52000.76523405685
2026-08-01 00:12:30,17999.8519458048,-1500.6493566679205,51999.21206235349
2026-08-01 00:12:31,17999.035113851423,-1499.8792312605171,51999.23151041824
2026-08-01 00:12:32,18000.091417237807,-1500.2865497975179,52000.587073648996
2026-08-01 00:12:33,17999.797169513633,-1500.3549531999242,51999.853363449074
2026-08-01 00:12:34,17999.175738357637,-1499.717771395155,51999.828256985376
2026-08-01 00:12:35,18000.003765468664,-1498.9996268922569,51999.584009741724
2026-08-01 00:12:36,18000.36746865956,-1499.516482286965,52000.26599881911
2026-08-01 00:12:37,17999.619335474043,-1500.0403625882384,52001.40957504442
2026-08-01 00:12:38,17999.253126392345,-1500.1539220899106,52000.50643282507
2026-08-01 00:12:39,18000.097056433766,-1499.9306327769282,51999.913704720726
2026-08-01 00:12:40,18001.057793807817,-1500.358731452007,51999.77791221096
2026-08-01 00:12:41,17999.573145118873,-1499.7087300076014,52000.057039376465
2026-08-01 00:12:42,18000.068800219804,-1499.9108790800813,51999.978013338565
2026-08-01 00:12:43,18000.370915869793,-1499.5363756255465,52000.168582904786
2026-08-01 00:12:44,18000.212765626115,-1498.9648788501524,52000.505549942085
2026-08-01 00:12:45,17999.714625597953,-1500.206629177982,52000.72042518742
2026-08-01 00:12:46,17999.22520188131,-1500.1971864883124,51999.03410890255
2026-08-01 00:12:47,17999.869969269534,-1499.5631565043557,52000.06572628029
2026-08-01 00:12:48,17999.657670028235,-1499.5224288862732,51999.846012440416
2026-08-01 00:12:49,18000.200631538446,-1499.3889097577153,51999.64224140922
2026-08-01 00:12:50,18000.071625783476,-1500.6380446070439,51999.88714686756
2026-08-01 00:12:51,17999.449452587138,-1499.7115931294356,51999.87345040308
2026-08-01 00:12:52,17999.759122692176,-1500.5735813703059,51999.99998975801
2026-08-01 00:12:53,18000.077546078315,-1499.4080130631282,51999.89294434612
2026-08-01 00:12:54,18000.030233772904,-1499.0174828091322,52000.68567996782
2026-08-01 00:12:55,17999.91247851415,-1499.702419120838,51999.6155888024
2026-08-01 00:12:56,18000.090559003886,-1500.4789786147307,51999.57393332676
2026-08-01 00:12:57,18000.601180917536,-1500.458168110004,51999.58413619592
2026-08-01 00:12:58,17999.03890948617,-1500.3373344741822,52000.82824626683
2026-08-01 00:12:59,17999.711234318896,-1499.8166181694246,52000.299129216095
2026-08-01 00:13:00,18000.521170360975,-1499.5926225237833,51999.83956878491
2026-08-01 00:13:01,18000.23140179635,-1500.7219901557019,51999.31067208551
2026-08-01 00:13:02,18000.090628162117,-1499.354927558577,51999.90842025659
2026-08-01 00:13:03,18000.331275943186,-1499.8798507118918,52000.76277538631
2026-08-01 00:13:04,18000.56093388656,-1500.2364933134163,51999.93620575577
2026-08-01 00:13:05,17998.8477212428,-1499.537605171592,52000.94682641987
2026-08-01 00:13:06,17999.37039103978,-1499.8365458749088,51998.99292918396
2026-08-01 00:13:07,18000.059719233308,-1499.0334866396379,51999.56394992019
2026-08-01 00:13:08,18000.055138012918,-1499.4465386466552,51999.589468024125
2026-08-01 00:13:09,17999.93079204808,-1500.8381126465206,52000.3520453089
2026-08-01 00:13:10,18000.740424294934,-1500.2895983209073,51999.94854413501
2026-08-01 00:13:11,18000.42973381242,-1500.4345070037546,52000.277565251854
2026-08-01 00:13:12,17999.785094322786,-1500.9303989224052,52000.589780919996
2026-08-01 00:13:13,18000.238589141216,-1499.7858978720608,52000.46078840119
2026-08-01 00:13:14,18000.38596304422,-1500.504256348088,52000.4107266404
2026-08-01 00:13:15,18000.059483558696,-1499.8181245347466,52000.73288057966
2026-08-01 00:13:16,18001.623088252643,-1500.360324604921,52000.22979068129
2026-08-01 00:13:17,18000.010204271835,-1500.3179309912086,52000.00437224877
2026-08-01 00:13:18,17999.956884442814,-1500.243868203944,52000.09393055018
2026-08-01 00:13:19,17999.8720550334,-1499.5541081197655,51999.05286896946
2026-08-01 00:13:20,18000.648773810095,-1499.908055229276,51999.283507120366
2026-08-01 00:13:21,17998.783966836105,-1499.301174050437,51999.792789325176
2026-08-01 00:13:22,18000.369343690225,-1500.2567148152461,51999.28678352433
2026-08-01 00:13:23,18000.415142509624,-1501.1745807923066,51999.8008259417
2026-08-01 00:13:24,18000.232148542324,-1499.825927941606,52000.07748177522
2026-08-01 00:13:25,17999.980679956094,-1499.8660312338343,52000.13961394456
2026-08-01 00:13:26,18001.583475447973,-1499.9650248078035,51999.43735311971
2026-08-01 00:13:27,18000.575331388434,-1500.1416709535392,51999.931522317325
2026-08-01 00:13:28,17999.752933385476,-1499.362900425507,51999.43356686892
2026-08-01 00:13:29,17999.711375755003,-1500.2476514625482,51999.87020100941
2026-08-01 00:13:30,17999.81897646456,-1499.9974659345194,52000.1331623772
2026-08-01 00:13:31,18000.65476591612,-1499.8128487815102,52000.08703512304
2026-08-01 00:13:32,18000.446138259977,-1500.5745535923334,51999.21630242631
2026-08-01 00:13:33,18000.014635624997,-1500.4838201069333,52000.025058798026
2026-08-01 00:13:34,18000.70704101779,-1500.0825569631868,52000.43127125622
2026-08-01 00:13:35,18000.279956886443,-1499.9531336843158,51999.91315245106
2026-08-01 00:13:36,17999.714871390395,-1499.825735549299,51999.025515732006
2026-08-01 00:13:37,17999.021914439112,-1500.0557654084414,51999.85234208186
2026-08-01 00:13:38,17998.844151626265,-1500.8120251737903,52000.02405265246
2026-08-01 00:13:39,17999.859193788834,-1499.2729808799456,52000.259200172215
2026-08-01 00:13:40,17999.993353251357,-1499.6217146726447,51999.71685899532
2026-08-01 00:13:41,18000.634037175212,-1499.8629800967576,51999.13540735112
2026-08-01 00:13:42,17999.688941626693,-1499.9568376258321,52000.031667350544
2026-08-01 00:13:43,17999.842085954948,-1499.738542573769,51999.54062797338
2026-08-01 00:13:44,18000.185776442788,-1500.1359904800158,52000.2657499669
2026-08-01 00:13:45,18000.92736682079,-1499.236738590398,51999.751205030276
2026-08-01 00:13:46,18000.155759515263,-1499.214560339166,51999.887287316815
2026-08-01 00:13:47,17999.579685417157,-1499.4250107728506,51999.66068710284
2026-08-01 00:13:48,17999.618628525583,-1499.9717881696677,51999.61234000249
2026-08-01 00:13:49,18000.44375699828,-1500.0864322219725,52000.56937346436
2026-08-01 00:13:50,17999.202278247718,-1498.8585063376781,51999.60794345225
2026-08-01 00:13:51,18000.57720890256,-1499.5473200148729,51999.815277275964
2026-08-01 00:13:52,17999.98635309903,-1499.6472758879006,52000.47869716724
2026-08-01 00:13:53,17999.83827869424,-1499.8493632738077,51999.668598297736
2026-08-01 00:13:54,17999.78796002869,-1499.8035662686611,52000.21745508005
2026-08-01 00:13:55,18000.277437741166,-1500.362193779338,52000.31463248622
2026-08-01 00:13:56,18000.13947037239,-1498.9845444542193,52000.69695987242
2026-08-01 00:13:57,17999.982225016258,-1500.2072706134315,51999.941992008855
2026-08-01 00:13:58,18000.37282579626,-1499.9239533780983,51999.96904000774
2026-08-01 00:13:59,18000.45960397406,-1499.6571710246344,51999.78692513693
2026-08-01 00:14:00,18000.310658091486,-1499.7473430467742,52000.03357532324
2026-08-01 00:14:01,17999.319323534884,-1500.5907425246749,52000.454254105796
2026-08-01 00:14:02,17999.802577649654,-1499.6736980529683,51999.604604037704
2026-08-01 00:14:03,17999.735801511873,-1499.128561538372,51999.43263179025
2026-08-01 00:14:04,18000.157836409697,-1500.041409873585,52000.167139932375
2026-08-01 00:14:05,17999.576294201324,-1499.2147501730137,51999.37823406364
2026-08-01 00:14:06,17999.141195140357,-1499.8567372500167,52000.30832294983
2026-08-01 00:14:07,17999.94319200592,-1500.482132940929,51999.05932960943
2026-08-01 00:14:08,18000.019047402082,-1499.8217804791961,51999.8725621184
2026-08-01 00:14:09,17999.871227683045,-1500.3113856966722,52000.067423684
2026-08-01 00:14:10,17999.90661147127,-1500.564388505401,52000.154410190036
2026-08-01 00:14:11,17999.537527733995,-1499.620117112331,51999.73991438939
2026-08-01 00:14:12,18000.38225643048,-1499.4258354551248,52000.77996818374
2026-08-01 00:14:13,18000.018276708404,-1499.6859179381584,52000.988014665294
2026-08-01 00:14:14,17999.453063951372,-1500.3991927449383,51999.88629077974
2026-08-01 00:14:15,17999.896424734605,-1499.677154495263,52000.07005428512
2026-08-01 00:14:16,17999.520554107723,-1500.074650059684,52000.31747922539
2026-08-01 00:14:17,18000.31935988055,-1499.4959050757652,51999.66733618339
2026-08-01 00:14:18,18000.298664074584,-1501.207428407167,51999.20748415272
2026-08-01 00:14:19,17999.504249938636,-1498.8295900526507,51999.82157207869
2026-08-01 00:14:20,18000.505562551305,-1499.707019206629,51999.48340899054
2026-08-01 00:14:21,17998.948043749842,-1499.3913537761111,51999.08838091668
2026-08-01 00:14:22,18000.582660984375,-1499.9256165253573,52000.6371156803
2026-08-01 00:14:23,18000.79659960433,-1500.6588679121874,52000.62244975214
2026-08-01 00:14:24,18000.049704348294,-1499.7227177913737,52000.3640226924
2026-08-01 00:14:25,18000.172647172647,-1499.9628163457562,52000.16013782297
2026-08-01 00:14:26,18001.960682847057,-1500.3161462330884,52000.27857467135
2026-08-01 00:14:27,18000.566145549197,-1499.2273583005965,51999.48693894431
2026-08-01 00:14:28,17998.997038192192,-1500.7141886855227,52000.47369435362
2026-08-01 00:14:29,18000.121720068106,-1499.8472679159102,51999.935071270724
2026-08-01 00:14:30,18000.622449751867,-1499.8001688516742,51999.77400286819
2026-08-01 00:14:31,17999.544964247492,-1499.3096116618096,52000.344171972465
2026-08-01 00:14:32,18001.074145851206,-1499.4815111624653,52000.477974131594
2026-08-01 00:14:33,18000.02000915874,-1500.2656853429444,51999.23487406486
2026-08-01 00:14:34,18000.823581480847,-1499.84003807491,52000.16232581336
2026-08-01 00:14:35,18000.76635821027,-1500.5563769955013,51999.54568960924
2026-08-01 00:14:36,17999.431754597797,-1499.183818981991,51999.24377666491
2026-08-01 00:14:37,18000.939392546916,-1499.947597607001,52000.96904874351
2026-08-01 00:14:38,17999.855329164366,-1500.660991385673,52000.983020893465
2026-08-01 00:14:39,18000.435973523945,-1499.8309675045018,51999.2951115083
2026-08-01 00:14:40,18000.43095126409,-1498.483267847209,52000.12376391244
2026-08-01 00:14:41,17999.618208447384,-1499.4927200119914,52000.832648592674
2026-08-01 00:14:42,17999.917123142804,-1500.5933274398635,52000.18527441024
2026-08-01 00:14:43,17998.868356409417,-1500.203899555071,52000.12214066902
2026-08-01 00:14:44,17999.403083993508,-1499.7950434108534,52000.31108398273
2026-08-01 00:14:45,18000.292910537322,-1499.8805215642817,51999.630841650105
2026-08-01 00:14:46,18000.32604365115,-1500.2704226340834,52000.12153224272
2026-08-01 00:14:47,17999.188904197395,-1500.0091700769162,51999.90915510379
2026-08-01 00:14:48,18000.40404343454,-1499.8101427283063,52000.02861314263
2026-08-01 00:14:49,17999.868257345162,-1499.772501927219,52000.207693930795
2026-08-01 00:14:50,18000.00892482309,-1499.4165910537383,51999.836534751885
2026-08-01 00:14:51,18000.22972956572,-1499.0702735084867,51999.6038163572
2026-08-01 00:14:52,17999.502418426557,-1499.4091836167208,51999.15762353023
2026-08-01 00:14:53,18000.036965002862,-1500.3516920456398,52000.615527952374
2026-08-01 00:14:54,17999.946274486425,-1500.3070183619088,52000.18405217594
2026-08-01 00:14:55,17999.031769916193,-1500.4207886521713,52000.56849875711
2026-08-01 00:14:56,18000.011013684867,-1500.73392645458,51998.94907444466
2026-08-01 00:14:57,17999.810014146267,-1500.0828332939968,52000.65330410975
2026-08-01 00:14:58,18000.295627656527,-1499.545055056998,51999.850014287
2026-08-01 00:14:59,17999.80120711897,-1500.5404094238158,51999.678949701134
2026-08-01 00:15:00,17999.68238327889,-1500.6461814163445,51999.86079425658
2026-08-01 00:15:01,17998.355381756857,-1499.8148814369254,52000.27819551168
2026-08-01 00:15:02,18000.877716912153,-1499.811977958046,52000.38932908862
2026-08-01 00:15:03,17999.75767474755,-1499.2287423786402,52000.73349457984
2026-08-01 00:15:04,18000.036453146902,-1499.5390446755055,51999.915716717536
2026-08-01 00:15:05,17998.827090487765,-1500.3846214776372,52000.04183656757
2026-08-01 00:15:06,18000.473095785,-1501.0059861713385,52000.46515818521
2026-08-01 00:15:07,17999.593963337193,-1499.094917069383,52000.213058627225
2026-08-01 00:15:08,17999.91403767521,-1499.8600372272424,51999.741558917354
2026-08-01 00:15:09,17999.631293232822,-1500.0630040437497,52000.050295474175
2026-08-01 00:15:10,17999.728707578157,-1500.0897875775668,51998.78827488999
2026-08-01 00:15:11,18000.393219234735,-1500.3764428037682,52000.16156060436
2026-08-01 00:15:12,18000.24760573066,-1500.5299480232266,52000.070717692775
2026-08-01 00:15:13,17999.583733447234,-1501.2737047328178,52001.00249684231
2026-08-01 00:15:14,18000.496414679765,-1500.8113886120375,51999.85129635312
2026-08-01 00:15:15,17998.969031512825,-1499.6116751095487,51999.62411400234
2026-08-01 00:15:16,18000.031864573673,-1500.4644130147265,51999.23276374944
2026-08-01 00:15:17,17999.645455693713,-1499.133574299226,51999.8108467755
2026-08-01 00:15:18,17999.353620725185,-1499.686517256464,52000.01573519875
2026-08-01 00:15:19,18000.37923296463,-1500.448586299827,51999.44977993716
2026-08-01 00:15:20,18000.247731202868,-1500.0607455333497,52000.70270255605
2026-08-01 00:15:21,18000.07483207726,-1500.2142259134514,52000.9966498694
2026-08-01 00:15:22,17999.082067288386,-1499.2828958169393,52000.05694075806
2026-08-01 00:15:23,18000.115688054895,-1500.9462798467773,52000.53935113827
2026-08-01 00:15:24,17999.55616925924,-1500.4518441062871,51999.48218782531
2026-08-01 00:15:25,17999.61345038994,-1500.4940432401563,52000.410358888206
2026-08-01 00:15:26,17999.640610206086,-1499.9715667433177,52000.19459122655
2026-08-01 00:15:27,17999.463533140923,-1499.3755759784399,52000.03547097451
2026-08-01 00:15:28,18000.02622812786,-1499.3200668691134,52000.094083029195
2026-08-01 00:15:29,17999.253348288847,-1500.4443022318858,52000.210640488
2026-08-01 00:15:30,18000.03948422977,-1499.8735718608052,51999.701191290915
2026-08-01 00:15:31,17999.95470981837,-1499.7323716468973,51999.73291542088
2026-08-01 00:15:32,18000.009750338326,-1499.7727720553287,52000.54663632653
2026-08-01 00:15:33,18000.576198659473,-1499.9552995656961,52001.062611929854
2026-08-01 00:15:34,17999.71372730206,-1499.0362428490216,51999.363165321825
2026-08-01 00:15:35,17999.412963176597,-1499.304617534459,51999.66654031167
2026-08-01 00:15:36,18000.565141691437,-1500.0328013177548,51999.54608220207
2026-08-01 00:15:37,17999.896393916108,-1499.8089530068794,51999.721940144394
2026-08-01 00:15:38,18000.637285553883,-1500.845279269998,51999.5832137577
2026-08-01 00:15:39,17999.67713705935,-1499.7447378019392,52000.52309169489
2026-08-01 00:15:40,18000.733303658642,-1498.4429498897323,52000.17262821671
2026-08-01 00:15:41,18000.05094394635,-1500.2335756651703,52000.29594981567
2026-08-01 00:15:42,17999.84161261524,-1500.305689116594,51999.855476762095
2026-08-01 00:15:43,18000.173838210496,-1500.5752686210453,51999.31926478538
2026-08-01 00:15:44,17999.786749292995,-1499.5429485707793,51999.699333216995
2026-08-01 00:15:45,17999.90792259437,-1500.3156910841803,52000.27655829623
2026-08-01 00:15:46,17999.740796782015,-1499.334092676995,52000.70819739423
2026-08-01 00:15:47,17998.82972870644,-1499.2740784365885,52000.19448711325
2026-08-01 00:15:48,17999.944596152603,-1500.051252893624,52000.407098410076
2026-08-01 00:15:49,17999.533775978114,-1499.4609772481026,52001.02650509202
2026-08-01 00:15:50,17999.469027847463,-1500.22405987843,51999.479515002546
2026-08-01 00:15:51,17999.75365598969,-1499.798261567833,51999.38245907263
2026-08-01 00:15:52,18000.522894224512,-1499.5638241152033,51999.796645561524
2026-08-01 00:15:53,17999.987317394447,-1500.2794992783467,52000.00318617788
2026-08-01 00:15:54,17999.91643076279,-1500.2781897492805,51999.81670447546
2026-08-01 00:15:55,17999.80672939991,-1500.0259546384746,51999.48352021198
2026-08-01 00:15:56,18000.285877599446,-1501.398410407333,52000.51834487197
2026-08-01 00:15:57,17999.92289093136,-1499.3849795407252,52000.13996172579
2026-08-01 00:15:58,17999.909631902203,-1499.941960965948,52000.6266717729
2026-08-01 00:15:59,18000.152692898897,-1499.3325469394783,51999.299547265204
2026-08-01 00:16:00,18000.161929772297,-1500.2753318132955,52000.68320406412
2026-08-01 00:16:01,17999.72994634316,-1499.8852556531865,51999.49429714796
2026-08-01 00:16:02,17999.951563916242,-1499.5607381852376,52000.15681861579
2026-08-01 00:16:03,18000.754790033083,-1498.9554386992256,51999.94880764351
2026-08-01 00:16:04,18000.39395235619,-1499.9188552679311,52000.03984782387
2026-08-01 00:16:05,18000.34766954984,-1500.7371230372648,52000.96172036446
2026-08-01 00:16:06,17999.894322687844,-1500.5102264027848,51998.87417295389
2026-08-01 00:16:07,18000.189322618062,-1499.269566580788,51999.33456342407
2026-08-01 00:16:08,18000.20801322402,-1499.5177543703644,51999.89568184548
2026-08-01 00:16:09,18000.05124677782,-1499.9889795470572,52000.15485535222
2026-08-01 00:16:10,18000.0668305475,-1499.3190101306973,51999.55783886975
2026-08-01 00:16:11,18000.460942808015,-1500.6684326422596,52000.14383151636
2026-08-01 00:16:12,17999.564521571145,-1500.4927209190957,52000.31091117046
2026-08-01 00:16:13,18000.184277399505,-1499.832493871128,51999.86376567533
2026-08-01 00:16:14,18000.913042807493,-1499.3979260602946,51999.60059780651
2026-08-01 00:16:15,18000.14822688114,-1500.4984034239196,51999.968586128154
2026-08-01 00:16:16,18000.575266874373,-1499.8186786045599,51999.4521222485
2026-08-01 00:16:17,17999.891962482092,-1499.7066883660384,51999.96432102326
2026-08-01 00:16:18,18000.390950519504,-1500.162309166595,51999.856564874455
2026-08-01 00:16:19,18000.793109494796,-1499.1293569575294,52000.127416790114
2026-08-01 00:16:20,18000.659369204663,-1499.9574041704086,51999.6823293225
2026-08-01 00:16:21,17999.573429878663,-1500.3599986841634,51999.70010944454
2026-08-01 00:16:22,18000.624378641765,-1500.0451696029834,51999.40987650448
2026-08-01 00:16:23,18000.625374826213,-1500.858639284437,52000.164229623784
2026-08-01 00:16:24,17999.703769350468,-1500.4891036631484,52000.403800233624
2026-08-01 00:16:25,18000.12157146814,-1500.2501478002607,51999.75434390062
2026-08-01 00:16:26,18000.542074453915,-1499.6431021178416,51999.56358166315
2026-08-01 00:16:27,17998.876879326144,-1500.522303167552,52000.33273537169
2026-08-01 00:16:28,17999.384043092065,-1500.0436310703112,52000.54877237821
2026-08-01 00:16:29,17999.70930525137,-1499.6631344985735,51998.98905679641
2026-08-01 00:16:30,17999.69025751818,-1501.090434505736,52000.67842834798
2026-08-01 00:16:31,18001.038659369944,-1500.4918630536674,52000.61989366689
2026-08-01 00:16:32,17999.914942469008,-1500.5946785529075,51999.878488199996
2026-08-01 00:16:33,17999.74744959076,-1499.92781549902,52000.18447709883
2026-08-01 00:16:34,18000.04740869958,-1500.0555910146354,51999.93394208815
2026-08-01 00:16:35,17999.484171706932,-1500.0529815032683,51999.93327933882
2026-08-01 00:16:36,18000.302341809595,-1499.7315523884542,51999.50176497296
2026-08-01 00:16:37,17999.397748724827,-1499.9439419620392,51999.0645883801
2026-08-01 00:16:38,18001.70850770775,-1499.9367588866805,52000.66319218519
2026-08-01 00:16:39,18000.35310478276,-1500.2456634951375,52001.26816798912
2026-08-01 00:16:40,17999.776964971064,-1500.6792967518895,51998.993965210066
2026-08-01 00:16:41,17999.979332617,-1499.5961083880657,52000.596366269485
2026-08-01 00:16:42,17999.582941132267,-1499.6541674069113,51999.53386842058
2026-08-01 00:16:43,17999.542797422844,-1499.9479311719158,51999.75454004037
2026-08-01 00:16:44,17999.66683855782,-1500.5980226792565,51999.360847445685
2026-08-01 00:16:45,17999.425626298605,-1499.8319755286993,52000.06029373522
2026-08-01 00:16:46,17999.326198174953,-1499.624393162525,52001.21651127852
2026-08-01 00:16:47,17999.44832084964,-1500.226992184716,52000.11542252887
2026-08-01 00:16:48,17999.76018606105,-1500.2820990299656,51999.600672745226
2026-08-01 00:16:49,18000.064423965665,-1499.7351763016618,51999.35651135729
2026-08-01 00:16:50,17999.907665730454,-1499.7174539357602,51998.838085833115
2026-08-01 00:16:51,17999.335196145363,-1500.1258660461058,52000.48532449968
2026-08-01 00:16:52,17999.8644964816,-1499.8428186629767,51999.34131572215
2026-08-01 00:16:53,17999.444009056595,-1499.7956684419291,52000.24925838575
2026-08-01 00:16:54,18000.26825501733,-1500.4119957721898,51998.736080079274
2026-08-01 00:16:55,18000.425175127843,-1500.3704104803332,51999.55535429875
2026-08-01 00:16:56,17999.852623496405,-1499.6723766840107,51999.366745564956
2026-08-01 00:16:57,17999.76508923485,-1499.2651794869823,51999.89405777854
2026-08-01 00:16:58,18000.078252821164,-1499.5619756622193,52000.40377175881
2026-08-01 00:16:59,17999.86920587229,-1499.5127090868784,52000.856691146706
2026-08-01 00:17:00,17998.77244741593,-1500.4635605407366,51999.74582618699
2026-08-01 00:17:01,18000.38785526291,-1499.483891251745,51999.26760536512
2026-08-01 00:17:02,17999.64411163936,-1499.6369700497382,52000.17318967218
2026-08-01 00:17:03,18000.763453355034,-1499.6831072457073,52000.51920426366
2026-08-01 00:17:04,18000.047039864796,-1500.3717515153892,51999.580838603775
2026-08-01 00:17:05,18000.514240407567,-1500.2088918031116,51999.440069928445
2026-08-01 00:17:06,17999.98559359885,-1498.870376187186,51999.713546410254
2026-08-01 00:17:07,17999.814898598015,-1499.3362609996216,51999.56733982915
2026-08-01 00:17:08,18001.04537228844,-1499.6280654655654,52000.668861413
2026-08-01 00:17:09,18000.15127506619,-1499.5980288676096,52000.67793772474
2026-08-01 00:17:10,17999.84789134867,-1500.1499108141954,51999.54877225372
2026-08-01 00:17:11,17999.909770298258,-1499.6182569664152,52000.21197515108
2026-08-01 00:17:12,18000.39073305766,-1499.7415839278963,51999.70778433098
2026-08-01 00:17:13,18000.02692241586,-1500.1082396101524,52000.2216758675
2026-08-01 00:17:14,17998.49704479385,-1500.7009812385456,51999.93183857464
2026-08-01 00:17:15,18000.21087615588,-1499.6499410019503,51999.697373369214
2026-08-01 00:17:16,17998.754855281844,-1500.3540422654949,51999.418735616244
2026-08-01 00:17:17,17999.897313970887,-1499.4762856728848,52000.78546914457
2026-08-01 00:17:18,17999.45103074538,-1500.1206524167173,51999.56409321246
2026-08-01 00:17:19,17999.247700308715,-1499.8668426095815,52000.440056907115
2026-08-01 00:17:20,18000.393172687378,-1499.8059651536614,52000.32329590251
2026-08-01 00:17:21,18000.0565328709,-1499.5902333995994,52000.03108486583
2026-08-01 00:17:22,18000.554483297816,-1499.9785944411212,52000.82279017477
2026-08-01 00:17:23,17999.76868303839,-1499.890076804097,52000.16300181603
2026-08-01 00:17:24,17998.9936491396,-1500.2840733743167,52000.268820483194
2026-08-01 00:17:25,18000.12622140561,-1499.351734945712,52000.06701850617
2026-08-01 00:17:26,17999.715524585397,-1500.1622178817552,52000.0576379198
2026-08-01 00:17:27,18000.65482372385,-1499.3019612069243,51999.621587286136
2026-08-01 00:17:28,17999.045084344223,-1500.6438051149755,51999.6707836379
2026-08-01 00:17:29,18000.126056314206,-1500.3863983038398,51999.38520455176
2026-08-01 00:17:30,18000.207827688922,-1499.758508001877,52000.17087297487
2026-08-01 00:17:31,18000.743682240773,-1499.1403905171767,51999.78212814074
2026-08-01 00:17:32,17999.178219663194,-1499.507180118453,51999.43364965706
2026-08-01 00:17:33,18000.179745622278,-1499.6326793436226,51999.6929985533
2026-08-01 00:17:34,18000.281079432887,-1500.3672226516198,52000.163701814505
2026-08-01 00:17:35,17999.381047816983,-1500.294669317825,52000.383945666836
2026-08-01 00:17:36,18000.02838177255,-1500.948013732777,52000.07789346697
2026-08-01 00:17:37,18000.360394544485,-1499.5128445630826,51999.4451598753
2026-08-01 00:17:38,17999.067547706876,-1499.710071197161,51999.968470538806
2026-08-01 00:17:39,17999.96030425682,-1500.4226092748095,51999.21803825636
2026-08-01 00:17:40,17999.917778765564,-1500.234591301401,52000.30607570819
2026-08-01 00:17:41,18000.23423216762,-1499.5714466868392,51999.299165299366
2026-08-01 00:17:42,18000.452319247055,-1500.1525428866473,51999.5814367523
2026-08-01 00:17:43,18000.054722860215,-1499.7568790879252,51999.41985929198
2026-08-01 00:17:44,17999.864847517103,-1500.3991534987936,52000.70910884646
2026-08-01 00:17:45,18000.062348374206,-1500.2463046504124,52000.32978308635
2026-08-01 00:17:46,18000.520097644396,-1500.7074151523975,51999.59722614719
2026-08-01 00:17:47,18000.69292317003,-1500.3162404644534,51999.80603615968
2026-08-01 00:17:48,18000.05704164252,-1499.6428660304457,51999.99014274649
2026-08-01 00:17:49,17999.610204165736,-1499.6233249413883,51999.66364710329
2026-08-01 00:17:50,18000.741369683008,-1500.4515366272806,51999.661337019075
2026-08-01 00:17:51,18000.131082334974,-1500.3230663509928,52000.38935101241
2026-08-01 00:17:52,17999.699784094628,-1499.9426174242435,51999.80216309299
2026-08-01 00:17:53,18000.626784639506,-1499.8427369079018,52001.10260066609
2026-08-01 00:17:54,18000.674271118914,-1500.079510123458,51999.78931156307
2026-08-01 00:17:55,17998.624165391582,-1500.4990868245582,51999.39403234422
2026-08-01 00:17:56,18000.147907398627,-1500.0591636858865,52000.380263549625
2026-08-01 00:17:57,17999.81655879132,-1499.986410391449,51999.69631288913
2026-08-01 00:17:58,17999.2527807134,-1500.1629424596902,52000.047783694456
2026-08-01 00:17:59,17999.83624001943,-1500.3270959934143,52000.13503851477
2026-08-01 00:18:00,18000.570336431483,-1500.3676773506854,52000.16488080549
2026-08-01 00:18:01,17999.73699556609,-1498.6950843005473,51999.938356711034
2026-08-01 00:18:02,17999.602616979635,-1499.7803330216582,51999.51537018584
2026-08-01 00:18:03,17999.90130872623,-1499.4835694408453,52000.0452961576
2026-08-01 00:18:04,17999.33021025544,-1500.1781861302402,52000.28114431813
2026-08-01 00:18:05,18000.876413823415,-1499.8439863838412,51998.94369690667
2026-08-01 00:18:06,18000.252810158592,-1499.5682121638672,51999.90099477371
2026-08-01 00:18:07,18000.288544519535,-1498.9326307011258,51999.45015620353
2026-08-01 00:18:08,17999.858749440315,-1499.978368184218,52000.0915714224
2026-08-01 00:18:09,17998.791527658002,-1499.7727170628923,51999.951442376354
2026-08-01 00:18:10,18000.51471854485,-1500.3582573929039,51999.46999321368
2026-08-01 00:18:11,17999.752478526665,-1499.842193630355,52000.32914328516
2026-08-01 00:18:12,18000.194654872616,-1499.3904505962228,52000.46929051345
2026-08-01 00:18:13,17999.8848899989,-1499.6835845657104,52000.409517248525
2026-08-01 00:18:14,17999.69581791309,-1500.249631427442,51999.664522264815
2026-08-01 00:18:15,17999.985885979677,-1499.1199232303218,51999.663906632595
2026-08-01 00:18:16,17999.64530579382,-1499.4848920774557,52000.7825412281
2026-08-01 00:18:17,17999.89214987477,-1499.3301556280387,52000.790060841675
2026-08-01 00:18:18,18000.322495099852,-1499.9268764883964,52000.673996885016
2026-08-01 00:18:19,18000.047365823575,-1499.5373241829689,52000.36326480059
2026-08-01 00:18:20,18000.048096414364,-1499.9515848034637,52000.251286912106
2026-08-01 00:18:21,17999.461550938016,-1499.7092816346674,52000.204357814706
2026-08-01 00:18:22,17999.932766527552,-1499.4234194299665,52000.29368766796
2026-08-01 00:18:23,17999.86645895174,-1500.3976004363021,51999.77350053621
2026-08-01 00:18:24,17999.441772301114,-1500.4033726805108,51999.99339678514
2026-08-01 00:18:25,17998.78755450764,-1500.0708214289393,52000.90986587848
2026-08-01 00:18:26,18000.217867955686,-1499.7464533182472,51999.68422396825
2026-08-01 00:18:27,17999.43489177851,-1500.4896787081277,51999.2265319891
2026-08-01 00:18:28,17999.746696376285,-1499.9896370524357,52000.499143368426
2026-08-01 00:18:29,18000.127304670124,-1500.9098125187786,52000.66794320371
2026-08-01 00:18:30,17999.79291527434,-1499.7787861831196,51999.884440213646
2026-08-01 00:18:31,18000.31971814133,-1500.2222689671964,51999.539088332676
2026-08-01 00:18:32,18000.15424346541,-1500.7854034908207,51999.123872397795
2026-08-01 00:18:33,18000.71965034317,-1500.0801265056434,52001.33261457722
2026-08-01 00:18:34,18000.31856796016,-1500.4358400045433,51999.02707838309
2026-08-01 00:18:35,17999.959852772725,-1499.7675963964293,52001.14288629532
2026-08-01 00:18:36,17999.79574766503,-1500.4906701796738,51999.30714372669
2026-08-01 00:18:37,17999.810893309084,-1500.3083726818966,52000.46888152685
2026-08-01 00:18:38,17999.90970129192,-1500.2843727331335,51999.98341227348
2026-08-01 00:18:39,17999.97437192028,-1500.299781471712,52001.18488784445
2026-08-01 00:18:40,17999.227846476326,-1499.1300787082268,52000.19686215586
2026-08-01 00:18:41,17999.842307202965,-1499.6444822033252,52000.65483888894
2026-08-01 00:18:42,17999.227799206386,-1500.1841714090915,51999.97437567839
2026-08-01 00:18:43,18001.41114236009,-1500.293355090942,52000.6932180372
2026-08-01 00:18:44,17999.572890341475,-1500.4845897477019,52000.78034180342
2026-08-01 00:18:45,17999.296772846636,-1499.6835126922408,51999.967609265885
2026-08-01 00:18:46,18000.057599792613,-1500.1702967394083,52000.54962299082
2026-08-01 00:18:47,18000.218273588333,-1500.2240959363776,51999.081345201645
2026-08-01 00:18:48,17999.705079795072,-1499.9856833624035,52000.073438139945
2026-08-01 00:18:49,18000.610849485038,-1499.2729375796807,51999.52399298324
2026-08-01 00:18:50,18001.12838501949,-1500.4915869716801,51999.031462796986
2026-08-01 00:18:51,18000.39103490486,-1499.9507439986476,51998.9507071405
2026-08-01 00:18:52,17999.78334022189,-1499.9942091352445,52000.3767762232
2026-08-01 00:18:53,18000.489917890478,-1499.706850997692,51999.683825694075
2026-08-01 00:18:54,18000.38466600419,-1500.0683134203352,51999.41773501042
2026-08-01 00:18:55,18000.08555747133,-1499.9338037166142,52000.35070337174
2026-08-01 00:18:56,17999.916469543976,-1500.838660525076,51999.51705975122
2026-08-01 00:18:57,18000.592867683717,-1500.459645862995,51999.26590764672
2026-08-01 00:18:58,18000.284702373676,-1499.027356496777,52000.350107977836
2026-08-01 00:18:59,18000.67952878995,-1500.3211887031782,51999.23496654132
2026-08-01 00:19:00,18000.363469810327,-1500.1934086897895,52000.0480538857
2026-08-01 00:19:01,17999.140583318847,-1500.3895598773006,51999.94666173249
2026-08-01 00:19:02,17999.848634150054,-1499.6339527465584,52000.584034849875
2026-08-01 00:19:03,17999.920551515923,-1499.0792375533015,52000.087669480745
2026-08-01 00:19:04,18000.849978763694,-1499.227078909083,51999.29187290802
2026-08-01 00:19:05,18000.894582185265,-1500.500259477085,52000.03476803015
2026-08-01 00:19:06,17999.058929074556,-1499.8928305644922,51999.388541369124
2026-08-01 00:19:07,17999.812502856534,-1499.7689827342367,51999.66318617809
2026-08-01 00:19:08,18000.221815486377,-1498.9673029859582,52000.64920602655
2026-08-01 00:19:09,18000.988046072333,-1500.5227115380578,51999.58074776924
2026-08-01 00:19:10,17999.481030557046,-1499.8681037394006,51999.75733614593
2026-08-01 00:19:11,17999.392570377888,-1499.3694233620322,51999.47446817147
2026-08-01 00:19:12,18000.663558423636,-1500.8409363336452,52000.33057407283
2026-08-01 00:19:13,17999.32556295659,-1499.236622626174,51999.570580028456
2026-08-01 00:19:14,17999.950895406113,-1499.4156671351152,51999.966316348546
2026-08-01 00:19:15,17999.411105161143,-1500.4015458893646,51999.87985888483
2026-08-01 00:19:16,18000.576875474977,-1499.8341209969315,51999.526795780876
2026-08-01 00:19:17,17999.848507884497,-1499.9546049917267,51999.32435017004
2026-08-01 00:19:18,18000.442512660702,-1500.106480912045,51999.98173048715
2026-08-01 00:19:19,17999.86439260758,-1499.4752446995099,51999.386640476936
2026-08-01 00:19:20,17999.13679951519,-1500.1669334295052,51999.28255898396
2026-08-01 00:19:21,17999.475797711624,-1500.3625614581179,52001.367345124054
2026-08-01 00:19:22,18000.739070040603,-1499.9984937915583,51999.37808516082
2026-08-01 00:19:23,18000.463022374053,-1499.6786899537672,51999.50375088894
2026-08-01 00:19:24,18000.344817400182,-1499.8878375659542,52000.42265664475
2026-08-01 00:19:25,17999.60112056725,-1499.9196489414771,52000.42981632804
2026-08-01 00:19:26,17999.92095217276,-1499.7027076661755,52000.61538000586
2026-08-01 00:19:27,17999.90299390563,-1499.5388241389305,52000.81040468459
2026-08-01 00:19:28,18000.949377404417,-1499.778539933941,51999.92096044831
2026-08-01 00:19:29,17999.490936858405,-1500.0419059882395,51999.907842287816
2026-08-01 00:19:30,18000.609765189554,-1500.3530029650342,52000.46483053746
2026-08-01 00:19:31,17999.407618160974,-1499.8113169752257,52000.17398605824
2026-08-01 00:19:32,17999.54155524118,-1499.930747398553,51999.79737334799
2026-08-01 00:19:33,17998.923276056004,-1500.4405058754887,51999.67589242626
2026-08-01 00:19:34,17999.41900980012,-1500.273068435661,52000.327409593316
2026-08-01 00:19:35,17999.842846398744,-1499.3128768826673,52001.261941122655
2026-08-01 00:19:36,18000.271066809695,-1499.9090717050801,51999.726768144756
2026-08-01 00:19:37,18000.061781074193,-1499.3581782293725,51999.836010666266
2026-08-01 00:19:38,17999.656573197215,-1499.6578457897203,51999.629902964356
2026-08-01 00:19:39,17999.328027849366,-1499.996220013538,51999.99158799281
2026-08-01 00:19:40,18000.11668374125,-1499.969582398467,52000.076172442044
2026-08-01 00:19:41,18000.264459521677,-1500.274329365018,51999.9165242402
2026-08-01 00:19:42,18000.288686798132,-1501.0060827653103,52000.05188870623
2026-08-01 00:19:43,17999.75011957471,-1499.840320934617,52000.00177565595
2026-08-01 00:19:44,17999.219660589013,-1500.1309648693402,52000.16616695453
2026-08-01 00:19:45,17998.553800486105,-1500.1955367744304,52000.21964011474
2026-08-01 00:19:46,17999.102470518446,-1500.4777150359064,51999.94655258993
2026-08-01 00:19:47,18000.83160659336,-1499.1026925226304,52000.3387041013
2026-08-01 00:19:48,18000.00584878623,-1499.9752087565505,51999.66984013323
2026-08-01 00:19:49,18000.162024928602,-1500.1655735672693,51999.9712933126
2026-08-01 00:19:50,18000.282556672813,-1499.7765967749615,51998.99116006378
2026-08-01 00:19:51,18000.450904407746,-1500.97637349761,51999.62893866239
2026-08-01 00:19:52,18000.27556531661,-1499.8674520841696,51999.295359500196
2026-08-01 00:19:53,17999.394061863008,-1499.4891738020476,51999.832589785234
2026-08-01 00:19:54,18000.545986519362,-1500.5334468603394,52000.075209470626
2026-08-01 00:19:55,17999.526007362678,-1500.3369002734476,52000.392162026335
2026-08-01 00:19:56,18000.240746186697,-1499.1641876885644,51999.55996991697
2026-08-01 00:19:57,17999.592303492464,-1499.5172453962261,51999.80784825555
2026-08-01 00:19:58,17999.49249489128,-1499.7117825794335,52000.84075219842
2026-08-01 00:19:59,17999.670479470347,-1499.5530169260308,51999.19793777606
2026-08-01 00:20:00,17999.40700178092,-1500.5669663403428,51999.62723228865
2026-08-01 00:20:01,17999.88806563654,-1500.0722851228904,51999.689690174855
2026-08-01 00:20:02,17999.362107752557,-1500.2626313703145,51999.90463900519
2026-08-01 00:20:03,18000.025145595955,-1500.0493462300465,51999.35853282486
2026-08-01 00:20:04,17999.90973366251,-1499.195644586891,51999.50570873238
2026-08-01 00:20:05,18000.86778152803,-1500.095112022066,52000.2419754464
2026-08-01 00:20:06,18000.116751004934,-1499.7189372357768,52000.027458083016
2026-08-01 00:20:07,18000.44559291238,-1499.5192749291596,51999.355076345324
2026-08-01 00:20:08,18000.438999061535,-1499.2467154452888,51999.2739619091
2026-08-01 00:20:09,17999.956377469618,-1500.2023480466246,51999.58870612945
2026-08-01 00:20:10,17999.578820700342,-1499.9559040028512,52001.062774322
2026-08-01 00:20:11,17999.64236883131,-1499.7123297484252,52000.107477725534
2026-08-01 00:20:12,17999.793286399974,-1499.1258171527484,51999.49600943882
2026-08-01 00:20:13,17999.85945977735,-1500.8079838557326,51999.909738902345
2026-08-01 00:20:14,18000.168163439517,-1499.5811284274982,51999.21944990144
2026-08-01 00:20:15,18000.628376670917,-1500.2365115859968,52001.06578357138
2026-08-01 00:20:16,18000.60424897188,-1500.0369803161354,51999.484908997765
2026-08-01 00:20:17,18000.604708580446,-1499.7241942742135,51999.950522001745
2026-08-01 00:20:18,17999.327423761715,-1499.9095266331274,52000.36557254084
2026-08-01 00:20:19,18000.438626032967,-1500.176201050307,51999.274881220794
2026-08-01 00:20:20,18000.223182587422,-1499.643253023125,52000.647943214055
2026-08-01 00:20:21,17999.892639718008,-1500.26763393659,52000.46550115471
2026-08-01 00:20:22,18000.897273036433,-1500.3419082237365,52000.264251129716
2026-08-01 00:20:23,17999.10500781345,-1500.5949168979578,52000.046642344474
2026-08-01 00:20:24,18000.154607773675,-1499.998746078094,52001.3297825807
2026-08-01 00:20:25,18001.576537471417,-1500.090250090522,51998.77624787871
2026-08-01 00:20:26,18000.38119112993,-1500.352120377156,51999.540575818064
2026-08-01 00:20:27,17999.79627613689,-1500.4291635126365,52000.02217349882
2026-08-01 00:20:28,17999.743872806346,-1499.9184225107442,51999.33592902715
2026-08-01 00:20:29,17999.96425890931,-1499.1592241412545,52000.257640919815
2026-08-01 00:20:30,18000.413660636357,-1499.5653864004116,52000.40474584631
2026-08-01 00:20:31,18000.084505066796,-1499.4985813868177,51999.950250481896
2026-08-01 00:20:32,18000.152957016515,-1500.6046167978902,51999.51677020482
2026-08-01 00:20:33,18000.5102632546,-1500.590554882501,52000.73445785974
2026-08-01 00:20:34,18000.697409723492,-1500.0280398576122,51999.822230236474
2026-08-01 00:20:35,18000.757763880894,-1499.969779070648,51999.61180888685
2026-08-01 00:20:36,18000.741447287983,-1499.5850559821936,51999.36029099543
2026-08-01 00:20:37,18000.238200548345,-1500.6878431187104,52000.80638519812
2026-08-01 00:20:38,18000.04259846461,-1500.3772697941292,51999.80027671541
2026-08-01 00:20:39,18000.308711316196,-1500.7637366409015,52000.154291030354
2026-08-01 00:20:40,18000.24748196739,-1500.1012452289503,51999.76761747551
2026-08-01 00:20:41,17999.0789390921,-1499.3664643720792,51999.33639352162
2026-08-01 00:20:42,17999.961520300618,-1500.2884072359896,52000.059808465456
2026-08-01 00:20:43,17999.911143971425,-1500.2629504494582,51999.90594947459
2026-08-01 00:20:44,17999.771349383827,-1499.817844288817,52000.01108736491
2026-08-01 00:20:45,18000.511395290217,-1499.972958438204,51999.09682852021
2026-08-01 00:20:46,18000.56758178451,-1499.9269631466636,51999.074411011075
2026-08-01 00:20:47,17999.621147690574,-1500.1056535298162,52000.504229108505
2026-08-01 00:20:48,18000.43297644822,-1500.36413035706,52000.092484161534
2026-08-01 00:20:49,18000.89455836183,-1501.268902079887,52000.009327286105
2026-08-01 00:20:50,17999.7499018878,-1499.9289257772732,52000.4457619222
2026-08-01 00:20:51,18000.557533620256,-1499.693569243304,52000.687144912255
2026-08-01 00:20:52,18000.31321867434,-1499.646398903425,51999.62354536644
2026-08-01 00:20:53,18000.569214638872,-1501.1073711003214,51999.92521126516
2026-08-01 00:20:54,18000.108605849735,-1499.8726821694681,52000.16838713356
2026-08-01 00:20:55,18000.182755748774,-1499.77085035957,51999.62591455846
2026-08-01 00:20:56,18001.119314776275,-1499.9030994726966,52000.26055904166
2026-08-01 00:20:57,17999.996164486874,-1499.7021234672175,52000.22632230623
2026-08-01 00:20:58,18000.846514198347,-1500.18453857475,52000.223033670176
2026-08-01 00:20:59,18000.079295461455,-1500.5954958093325,52000.99880538155
2026-08-01 00:21:00,17999.841497653608,-1500.7493052753064,52000.15562926646
2026-08-01 00:21:01,17998.771516832654,-1500.158716842434,51999.30121311246
2026-08-01 00:21:02,18000.191895016218,-1499.5314407950566,51999.44522043437
2026-08-01 00:21:03,18000.409667151733,-1499.1957612584608,52000.100979637544
2026-08-01 00:21:04,18000.482183016138,-1500.2009103282005,51999.60763778831
2026-08-01 00:21:05,17999.430085685482,-1499.5429549285514,52000.00460383519
2026-08-01 00:21:06,18000.29268052119,-1498.9819342692629,51999.61947746463
2026-08-01 00:21:07,18000.69454228995,-1499.6164825815163,52000.05731120238
2026-08-01 00:21:08,18000.17939771892,-1499.9873226938375,52000.55671942703
2026-08-01 00:21:09,17999.90726442111,-1500.2026683542654,52000.416522391635
2026-08-01 00:21:10,18000.954327764848,-1500.627467983352,52000.72049713047
2026-08-01 00:21:11,17998.442405863425,-1500.6232467529314,51999.71919792147
2026-08-01 00:21:12,17999.190998880025,-1499.7504936752418,52000.09143364213
2026-08-01 00:21:13,18000.03217265457,-1499.898275528121,52000.84693989041
2026-08-01 00:21:14,17999.529413751618,-1499.9301163141067,52000.12878343215
2026-08-01 00:21:15,18000.458114811998,-1500.6239793206764,51999.956480413675
2026-08-01 00:21:16,18000.177649526493,-1499.9873186445086,51999.735989750094
2026-08-01 00:21:17,17999.534665627663,-1499.5850434914632,51999.71027783013
2026-08-01 00:21:18,18000.13781625076,-1499.971120350555,52000.95934707396
2026-08-01 00:21:19,18000.05615726795,-1500.4369484255471,51999.17600965286
2026-08-01 00:21:20,18000.613691352904,-1500.1353539832187,51999.18225630348
2026-08-01 00:21:21,18000.290996151467,-1499.9051383632611,51999.00226263541
2026-08-01 00:21:22,18000.464170621148,-1499.529857504997,51999.59996042058
2026-08-01 00:21:23,18000.69262979245,-1500.3229971802286,52000.132670852356
2026-08-01 00:21:24,18000.313448504246,-1501.2033756696342,52000.43763864163
2026-08-01 00:21:25,17999.68758816991,-1499.7045532988204,51999.952531324176
2026-08-01 00:21:26,17999.8928552936,-1499.4811503326605,51999.512731441086
2026-08-01 00:21:27,18000.26386543458,-1500.0546600104958,51999.48541728796
2026-08-01 00:21:28,17999.86255420608,-1499.3236095165519,52001.006568038654
2026-08-01 00:21:29,18000.18977825258,-1499.6196914981392,51999.35764779797
2026-08-01 00:21:30,17999.580934634643,-1499.9728585425219,51999.685945886355
2026-08-01 00:21:31,17999.821882221593,-1500.5091458662387,51999.76634959052
2026-08-01 00:21:32,17999.775348979587,-1500.2326852788976,52001.057088795904
2026-08-01 00:21:33,18000.00310489935,-1500.0436564844993,51999.473725246455
2026-08-01 00:21:34,18000.68232001119,-1500.100455001061,52000.35031067779
2026-08-01 00:21:35,17999.393975871077,-1499.7546001906426,51999.774256140285
2026-08-01 00:21:36,17999.69101813183,-1499.0168716029616,51999.49047137496
2026-08-01 00:21:37,17999.872190405753,-1500.6226681355936,52000.080363546265
2026-08-01 00:21:38,17999.12921191418,-1499.6740741947308,51999.22994642542
2026-08-01 00:21:39,17999.789600860888,-1499.972189993204,51999.413811069564
2026-08-01 00:21:40,17999.6866092583,-1500.0258212171211,52000.218043452
2026-08-01 00:21:41,17999.79455201675,-1500.0250512091513,51999.73068211529
2026-08-01 00:21:42,18000.60298581118,-1499.6253273013856,52000.30727278028
2026-08-01 00:21:43,18000.32875856686,-1500.3910534553913,51999.77468391898
2026-08-01 00:21:44,18000.251664070718,-1499.4388164538668,52000.3720693255
2026-08-01 00:21:45,18000.713794415075,-1499.2914101569427,51999.08383936147
2026-08-01 00:21:46,17999.81681776089,-1499.2988334870333,51999.89125730626
2026-08-01 00:21:47,18000.05358593315,-1499.4394348546698,52000.67416979423
2026-08-01 00:21:48,18001.38097449256,-1501.546995314407,52000.3768881538
2026-08-01 00:21:49,17999.95279664086,-1501.1897353883978,52001.178556023275
2026-08-01 00:21:50,18000.448850557623,-1500.3356833227642,51999.60164155795
2026-08-01 00:21:51,17999.85324674118,-1499.6663137164985,51999.72055549797
2026-08-01 00:21:52,17999.73188685751,-1499.9287559031973,51999.16872751339
2026-08-01 00:21:53,18000.72067845683,-1499.6781653181959,52000.23560401164
2026-08-01 00:21:54,18000.01769371044,-1499.3874493036965,52000.84593824143
2026-08-01 00:21:55,18000.331926569517,-1499.918937366618,51999.750110736495
2026-08-01 00:21:56,17999.82785754778,-1499.4167060127843,52000.085496011925
2026-08-01 00:21:57,18000.000980750323,-1499.6108220445456,52000.337818782544
2026-08-01 00:21:58,18000.800838200856,-1499.73055861599,51999.80633093342
2026-08-01 00:21:59,17999.391828368967,-1499.436633237836,52000.4532154933
2026-08-01 00:22:00,18000.577439675802,-1499.977618306415,51999.8077098041
2026-08-01 00:22:01,17999.79678813165,-1500.3208874116544,51999.66855777931
2026-08-01 00:22:02,17998.514110043987,-1499.8316286407464,51999.54342067007
2026-08-01 00:22:03,18000.806182191354,-1499.9959629758532,52000.531293718865
2026-08-01 00:22:04,18000.41876194645,-1499.45870858903,51999.956715431836
2026-08-01 00:22:05,17999.533770548685,-1499.3403881926317,52000.092624537545
2026-08-01 00:22:06,17999.65678236296,-1500.5526714954376,52000.080131830066
2026-08-01 00:22:07,18000.52654490529,-1500.5831152649946,51998.34005406431
2026-08-01 00:22:08,18000.20546327546,-1500.0156571956265,51999.69982809225
2026-08-01 00:22:09,18000.553313893593,-1499.5839112360718,51999.62725435358
2026-08-01 00:22:10,17999.831116197944,-1499.241234313364,52000.46600571492
2026-08-01 00:22:11,17999.338536508745,-1500.1660430397567,51999.646521276154
2026-08-01 00:22:12,17999.610636359583,-1499.6789459635452,52001.74068707105
2026-08-01 00:22:13,18000.955072330373,-1499.5558660079957,51999.23291266323
2026-08-01 00:22:14,18000.019520147296,-1500.232064216394,51999.20613637573
2026-08-01 00:22:15,17999.805318905146,-1500.2044143844903,52000.702132650134
2026-08-01 00:22:16,18000.506345751826,-1500.4151850546255,51999.885592030296
2026-08-01 00:22:17,18000.196308972445,-1499.6716601882001,51999.284437895476
2026-08-01 00:22:18,18000.560993169496,-1499.1934523283746,51999.38642290043
2026-08-01 00:22:19,17999.498964644186,-1500.1705511653008,51999.74661735921
2026-08-01 00:22:20,17998.674714503875,-1500.2893234687451,52000.06561630763
2026-08-01 00:22:21,17999.803172444448,-1500.3456400490775,51999.172515900995
2026-08-01 00:22:22,18000.308866568954,-1500.6380297062678,52000.28208910364
2026-08-01 00:22:23,17999.736761332915,-1499.4689194956336,52001.02091606717
2026-08-01 00:22:24,18000.0379166695,-1499.3526272445577,52000.69626400653
2026-08-01 00:22:25,18000.201159615004,-1500.143764780106,51999.917142064325
2026-08-01 00:22:26,17999.64662596114,-1499.6059974589693,51999.62368576723
2026-08-01 00:22:27,17999.26555731881,-1499.5006682137473,52000.359080027
2026-08-01 00:22:28,18000.153566547713,-1499.5105342118334,52000.065873186744
2026-08-01 00:22:29,18000.67824331296,-1499.9768862026988,52000.413996868505
2026-08-01 00:22:30,18000.12551156968,-1499.7832099329287,52000.37429631255
2026-08-01 00:22:31,18000.1126622744,-1501.1898029914898,51999.91422555173
2026-08-01 00:22:32,18000.32595142738,-1500.2805549064399,51999.73219739211
2026-08-01 00:22:33,17999.688756735402,-1499.4263476284566,52000.62101150229
2026-08-01 00:22:34,18000.257912005945,-1500.030302896659,51999.81908581537
2026-08-01 00:22:35,18001.078425223022,-1499.64495621241,51999.8453053508
2026-08-01 00:22:36,18000.012024142514,-1499.538411213817,51999.8627204307
2026-08-01 00:22:37,18000.274547838206,-1500.1335930819616,51999.805988876295
2026-08-01 00:22:38,18000.265197893343,-1499.5089177824975,51999.91065364599
2026-08-01 00:22:39,18000.02776924088,-1499.5947577821548,52000.34448672645
2026-08-01 00:22:40,17999.98308782413,-1500.0975513094245,52000.41475753833
2026-08-01 00:22:41,17999.382846358087,-1500.3687190724077,51999.822987612446
2026-08-01 00:22:42,17999.95378911858,-1499.8793888972364,52000.059160933924
2026-08-01 00:22:43,17999.46550145141,-1499.632521042577,52000.24164606732
2026-08-01 00:22:44,17999.94746751335,-1500.2667511889501,51998.91295140138
2026-08-01 00:22:45,18000.103918049448,-1499.680333733105,51999.969271792565
2026-08-01 00:22:46,17999.81039697375,-1500.1735539239048,51999.14885068431
2026-08-01 00:22:47,17999.771304695627,-1499.6071644688695,52000.719320017924
2026-08-01 00:22:48,17999.39487411808,-1500.4232682109089,52000.50138072404
2026-08-01 00:22:49,17999.964888818173,-1500.5477875600855,51999.417235532645
2026-08-01 00:22:50,17999.665769909163,-1499.9588293342833,51999.16265749945
2026-08-01 00:22:51,18000.214170341857,-1499.7282694641299,52000.03906542836
2026-08-01 00:22:52,17999.835438230246,-1499.7695569027599,51999.801644101564
2026-08-01 00:22:53,17999.804803389692,-1499.9648000780585,51999.61969668603
2026-08-01 00:22:54,17999.88068645734,-1500.4140837304174,52000.46234073926
2026-08-01 00:22:55,18001.173726326433,-1500.7627256964768,52000.13869970957
2026-08-01 00:22:56,18001.08031799043,-1499.9694452711399,52000.18307445778
2026-08-01 00:22:57,18000.414852027527,-1499.9589725452795,51999.805810115424
2026-08-01 00:22:58,18000.20338788748,-1500.250178982964,52000.254690182635
2026-08-01 00:22:59,18000.351742226787,-1500.019152468927,52000.04169027489
2026-08-01 00:23:00,18000.36811895125,-1500.3294729564284,52000.54348836244
2026-08-01 00:23:01,17999.84617399399,-1500.2149556419247,51999.43222035425
2026-08-01 00:23:02,18000.293384229637,-1499.7503768939214,51999.90281747744
2026-08-01 00:23:03,18000.05657166213,-1500.4484095420407,52000.94152079877
2026-08-01 00:23:04,17999.686463958722,-1500.460139767234,51999.92388975382
2026-08-01 00:23:05,18000.16220295278,-1499.9025790234787,52000.724116735844
2026-08-01 00:23:06,17999.755878237353,-1499.3951890020212,51999.625078303834
2026-08-01 00:23:07,17999.956261047428,-1500.507680936772,51999.529498334996
2026-08-01 00:23:08,17999.640725641475,-1499.9816792269585,52000.188235268615
2026-08-01 00:23:09,17999.259290646252,-1500.1360215624322,52000.55385605212
2026-08-01 00:23:10,18000.416096550947,-1500.1148708799162,51999.77166838913
2026-08-01 00:23:11,17999.827151535424,-1500.2749154170278,51999.81502226182
2026-08-01 00:23:12,18000.142641860486,-1499.8958687390257,51998.723504442416
2026-08-01 00:23:13,17999.88839008318,-1500.1087421658783,52000.11909902425
2026-08-01 00:23:14,17999.690549570572,-1500.2027819087514,51998.88633705505
2026-08-01 00:23:15,17999.657714947534,-1499.4282970636382,51999.81472609415
2026-08-01 00:23:16,18001.312301257705,-1499.2395734693673,51999.74161126688
2026-08-01 00:23:17,17999.438748050095,-1500.1892904592617,51999.73980287135
2026-08-01 00:23:18,18000.06638524006,-1500.6375945174054,52000.26585956611
2026-08-01 00:23:19,18000.128321710057,-1500.3637202279156,51999.95360051298
2026-08-01 00:23:20,17999.662167013863,-1500.354580087776,52000.37651117878
2026-08-01 00:23:21,18000.086378232332,-1500.5429734060497,51999.60232461176
2026-08-01 00:23:22,18000.20997412697,-1501.0483638279616,51999.83729068155
2026-08-01 00:23:23,18000.205241055122,-1500.1732492871058,51999.9982184461
2026-08-01 00:23:24,18000.611737904976,-1500.2105097321974,52000.016715549486
2026-08-01 00:23:25,17999.089248523185,-1499.51739864056,52000.10228377459
2026-08-01 00:23:26,18000.266009505052,-1500.000951510109,52000.27344859099
2026-08-01 00:23:27,18000.104112085435,-1500.1469685477432,52000.53996186257
2026-08-01 00:23:28,18000.222628304375,-1499.7651371923073,52000.49284615067
2026-08-01 00:23:29,17999.26932069315,-1499.3949037849277,51999.58107474948
2026-08-01 00:23:30,18000.497495268864,-1499.9133112517625,52000.509173229235
2026-08-01 00:23:31,17999.71050849906,-1500.4376479912319,51999.7514344077
2026-08-01 00:23:32,18000.289695158546,-1500.5510622891145,52000.35587032336
2026-08-01 00:23:33,17999.370825949092,-1499.967150463878,51999.26905032632
2026-08-01 00:23:34,18000.788286753443,-1499.915071780909,52000.953264391734
2026-08-01 00:23:35,17999.676597103706,-1499.6504222261594,52000.066742209805
2026-08-01 00:23:36,18000.19998575333,-1499.1261390555055,52000.00583995128
2026-08-01 00:23:37,18000.917268607038,-1500.0341060692936,51999.06796698138
2026-08-01 00:23:38,17999.523767591047,-1499.9431715011929,52000.386812356766
2026-08-01 00:23:39,17999.79312282805,-1500.4416757553415,52000.34293502318
2026-08-01 00:23:40,18000.05929938278,-1499.6265010529346,51999.7155205944
2026-08-01 00:23:41,18000.872008373,-1500.2724253715746,51999.56023517266
2026-08-01 00:23:42,17999.803180663228,-1500.1247664837608,51999.584044345094
2026-08-01 00:23:43,17999.621417161943,-1500.4572334873756,51999.133224887635
2026-08-01 00:23:44,18000.268018895404,-1500.598995450618,52000.81308056874
2026-08-01 00:23:45,17999.845012470403,-1500.2349758852079,51999.9944338695
2026-08-01 00:23:46,18000.275311636688,-1499.7279708583717,51999.941585992725
2026-08-01 00:23:47,17999.939758821267,-1499.630838808589,51999.48742205036
2026-08-01 00:23:48,17999.40488796527,-1500.2582290906114,52000.350037129676
2026-08-01 00:23:49,17998.83876517282,-1500.0119689506982,51999.43371482058
2026-08-01 00:23:50,17999.154612905873,-1500.3058040979208,51999.92409938848
2026-08-01 00:23:51,17999.120490059344,-1499.0846237537467,52000.17566171088
2026-08-01 00:23:52,17999.10896148346,-1499.5954797521294,51999.281568366976
2026-08-01 00:23:53,17999.26102673472,-1500.2218025756827,52000.10278343506
2026-08-01 00:23:54,18000.077225177618,-1500.9800878623917,52000.609445253365
2026-08-01 00:23:55,18000.009860519684,-1499.4547041495737,52000.757922965444
2026-08-01 00:23:56,18000.037354769964,-1498.99254294579,52000.1711827075
2026-08-01 00:23:57,17999.773441195106,-1499.7305662846709,52000.09093085504
2026-08-01 00:23:58,18000.53677431246,-1499.5123496934573,51999.410324364035
2026-08-01 00:23:59,18000.110022142588,-1499.172464132733,51999.61571580054
2026-08-01 00:24:00,18000.027130398394,-1500.3850439039193,52000.4270696208
2026-08-01 00:24:01,17999.79779996806,-1500.381925472616,52000.13038357464
2026-08-01 00:24:02,17999.36528722865,-1500.09825667148,52000.88175258918
2026-08-01 00:24:03,17998.928462659427,-1500.2900707219326,52000.15834219013
2026-08-01 00:24:04,18000.077231637304,-1499.1848792163478,52001.12530077588
2026-08-01 00:24:05,17999.52973847965,-1498.9493687918452,52000.30149001491
2026-08-01 00:24:06,17999.453074186444,-1499.9131383949154,52000.03867135472
2026-08-01 00:24:07,18000.64535727784,-1500.2346658625122,51999.7216322361
2026-08-01 00:24:08,18000.262675127415,-1500.0516936097183,52000.04258492153
2026-08-01 00:24:09,17999.12569490205,-1499.6065561487114,51999.3461803627
2026-08-01 00:24:10,17999.428334547105,-1499.4196996112587,52000.12921983073
2026-08-01 00:24:11,17999.67807816022,-1499.954761020664,51999.281068961966
2026-08-01 00:24:12,18001.056364908436,-1500.298986133035,51999.95323634652
2026-08-01 00:24:13,17999.44109190772,-1500.6733948389074,51999.81805289308
2026-08-01 00:24:14,17999.704707831523,-1499.8735198893596,51999.75067744255
2026-08-01 00:24:15,18000.04779199848,-1499.4770502269544,52000.19020052776
2026-08-01 00:24:16,18000.359323710956,-1498.48191838269,52000.15411005894
2026-08-01 00:24:17,18000.604114196198,-1500.0409149952457,52000.501556416355
2026-08-01 00:24:18,18000.131815786535,-1499.8803973642312,52000.62452688231
2026-08-01 00:24:19,17999.52349909393,-1499.135658338922,52000.30815952295
2026-08-01 00:24:20,17999.30726092601,-1499.833546925032,51999.44349908239
2026-08-01 00:24:21,17999.183199562794,-1499.5249913945065,52000.828600852634
2026-08-01 00:24:22,18000.917369922994,-1500.6991384849034,51999.83286358495
2026-08-01 00:24:23,17999.698912221946,-1500.4913352867989,52000.0300254546
2026-08-01 00:24:24,17999.768907489783,-1499.6221741003237,51999.50159186174
2026-08-01 00:24:25,18000.013792776215,-1500.0495963409032,51999.841271998164
2026-08-01 00:24:26,17999.37715163258,-1499.9911506014198,52001.0159900043
2026-08-01 00:24:27,18000.46263499961,-1499.8400071838703,51999.98931687843
2026-08-01 00:24:28,17999.92441802017,-1500.0670915552555,51999.73081240927
2026-08-01 00:24:29,17999.340084777166,-1499.2715860774736,52000.31588066383
2026-08-01 00:24:30,17999.901472655867,-1499.502519416855,51999.06301125278
2026-08-01 00:24:31,17999.476680256266,-1500.188622201601,52000.577876816234
2026-08-01 00:24:32,17999.38564246596,-1499.888373720705,51999.63275376382
2026-08-01 00:24:33,17999.484353131003,-1500.23442047664,51998.84932471606
2026-08-01 00:24:34,17999.875686992393,-1500.3870103256872,52001.01635844552
2026-08-01 00:24:35,18000.35518957655,-1500.0228530431214,52000.26672063326
2026-08-01 00:24:36,17999.751813908373,-1499.1468708775358,52000.362573438535
2026-08-01 00:24:37,18000.60396498328,-1499.7382918896012,52000.24053024053
2026-08-01 00:24:38,17999.998730111263,-1500.316641348686,51999.43006790106
2026-08-01 00:24:39,18000.36405696191,-1500.218327293769,52000.08220976309
2026-08-01 00:24:40,17999.586752147527,-1501.1684299176334,52000.33359429376
2026-08-01 00:24:41,18000.05856548306,-1499.511819245554,51999.27192305861
2026-08-01 00:24:42,17999.98732976219,-1499.9980082056031,51999.41888486611
2026-08-01 00:24:43,17999.17223135064,-1500.523979313656,52000.875121793084
2026-08-01 00:24:44,18000.45418921423,-1499.316670220781,52000.27578657313
2026-08-01 00:24:45,17999.63949896674,-1500.414537592427,52000.408598280126
2026-08-01 00:24:46,17999.82403829245,-1499.0152101234253,52000.01717422527
2026-08-01 00:24:47,18000.283444287834,-1500.1988974079375,51999.68455571917
2026-08-01 00:24:48,17999.37640281891,-1498.919400259325,52000.06994948227
2026-08-01 00:24:49,17999.71030630878,-1500.1589009966758,52000.49017243009
2026-08-01 00:24:50,17999.902315894913,-1500.4712862517451,51999.49457770477
2026-08-01 00:24:51,18000.23627958199,-1500.5803693686269,51999.64512100274
2026-08-01 00:24:52,17999.645517682882,-1500.1829838118308,51999.96745991312
2026-08-01 00:24:53,18000.083393536934,-1499.9054310456277,52000.068548424
2026-08-01 00:24:54,18000.440800323075,-1499.9903893093415,52000.33344072492
2026-08-01 00:24:55,17999.845948472932,-1499.0471326469255,51999.40098816508
2026-08-01 00:24:56,18000.22499093643,-1500.496779108199,52000.27363327871
2026-08-01 00:24:57,18000.11663496597,-1500.1641213358319,51999.95788051138
2026-08-01 00:24:58,18000.27566405802,-1498.8803409224477,52000.36887167884
2026-08-01 00:24:59,18000.33716185693,-1500.1359975283817,51999.857377075
2026-08-01 00:25:00,18000.145078568254,-1500.3808307288732,51999.88338251032
2026-08-01 00:25:01,17999.585486124495,-1500.1039094495902,52000.414273653754
2026-08-01 00:25:02,17999.365445848078,-1500.470156960687,51999.590608750754
2026-08-01 00:25:03,18000.46620903782,-1501.2591895493679,52000.82701408996
2026-08-01 00:25:04,17999.967111180842,-1499.7550215218462,51999.53285588349
2026-08-01 00:25:05,18000.087626380213,-1499.3757818824624,51999.75688079935
2026-08-01 00:25:06,18000.014029874004,-1500.3999198061579,52000.942703864996
2026-08-01 00:25:07,17999.974873518684,-1499.7634069338076,52000.03695369239
2026-08-01 00:25:08,17999.911254056264,-1499.677869331631,52000.50638618542
2026-08-01 00:25:09,17999.64235426356,-1500.2329347368186,51999.44979679016
2026-08-01 00:25:10,17999.901942373133,-1500.267500679943,52000.227169616766
2026-08-01 00:25:11,17999.6482018626,-1499.972579799631,52000.02993517524
2026-08-01 00:25:12,17999.886310984642,-1500.552334383336,52000.982724901274
2026-08-01 00:25:13,17999.667543155087,-1499.8973866861538,52000.27460245933
2026-08-01 00:25:14,18000.467049903513,-1499.4531634300354,52000.21745114027
2026-08-01 00:25:15,17999.319543500736,-1500.080856540756,51999.82645472047
2026-08-01 00:25:16,17999.293550315506,-1499.715695746927,52000.8500055897
2026-08-01 00:25:17,17999.62871422869,-1499.9144739411,52000.16658834061
2026-08-01 00:25:18,18000.967133467984,-1500.3970681935455,51999.72680211289
2026-08-01 00:25:19,18000.428337846573,-1500.4247918401961,52000.02607858382
2026-08-01 00:25:20,17999.672732160845,-1500.2688005396071,52000.194766207365
2026-08-01 00:25:21,17999.830915662205,-1500.098157728961,51999.89835628438
2026-08-01 00:25:22,18001.037239985268,-1500.1435458517901,51999.350646459396
2026-08-01 00:25:23,17998.83149515768,-1499.9773396592072,52000.38662382944
2026-08-01 00:25:24,17999.991791718032,-1499.4461126515698,52000.18953869996
2026-08-01 00:25:25,18000.168570417296,-1499.7037475454658,51999.531995779624
2026-08-01 00:25:26,18000.18471812961,-1500.383026170339,51999.907296646285
2026-08-01 00:25:27,17999.72159043199,-1499.4205054455372,52000.08340443409
2026-08-01 00:25:28,18000.867788636457,-1499.3610936616449,51999.67097680217
2026-08-01 00:25:29,17999.98056091562,-1499.7317827571753,52000.11507611108
2026-08-01 00:25:30,18000.376828370467,-1500.4132156931703,51999.590002581084
2026-08-01 00:25:31,17999.754687579127,-1500.5411484761592,51999.507388375525
2026-08-01 00:25:32,18001.222587522363,-1499.5002502042591,51999.13823074144
2026-08-01 00:25:33,18000.038458507184,-1499.5495111903895,51999.65578947941
2026-08-01 00:25:34,18000.566695271104,-1500.0490894850168,52000.55102108674
2026-08-01 00:25:35,17999.85920551017,-1500.6588420432392,52000.82123406779
2026-08-01 00:25:36,17999.364858303237,-1500.964745001944,52000.440392705925
2026-08-01 00:25:37,17999.900775922666,-1499.0065345707692,51999.078813127715
2026-08-01 00:25:38,17998.74368643255,-1499.9689348061825,52000.82437894866
2026-08-01 00:25:39,17999.737431924823,-1500.438704284033,52000.2383602824
2026-08-01 00:25:40,18000.222778184125,-1499.717514555306,52000.22185875224
2026-08-01 00:25:41,17999.967291258396,-1500.102628687397,51999.72361188227
2026-08-01 00:25:42,18000.050848618357,-1500.2490854864916,51999.82264896177
2026-08-01 00:25:43,17999.148580510846,-1500.0401359790712,51999.697921981075
2026-08-01 00:25:44,17999.94611057525,-1500.2490752569445,51998.95465594765
2026-08-01 00:25:45,18000.618867900215,-1499.7688640285687,52000.182514264314
2026-08-01 00:25:46,18000.58214820145,-1499.4366640258127,52000.32991607795
2026-08-01 00:25:47,18000.33313109512,-1500.3336717978643,51999.83395234201
2026-08-01 00:25:48,18000.124433425062,-1499.9538198237933,52000.90916823141
2026-08-01 00:25:49,18000.291703711846,-1499.9229568079345,52000.304089520134
2026-08-01 00:25:50,18000.621945798575,-1500.8393444196956,52000.449459457086
2026-08-01 00:25:51,17999.721128056946,-1500.0906870510316,51999.717680726266
2026-08-01 00:25:52,17999.861790192397,-1500.5413248386128,52000.92757409165
2026-08-01 00:25:53,17999.5997973556,-1499.9616407872286,52000.52727394464
2026-08-01 00:25:54,18000.3290257966,-1500.316399742955,52000.744301553066
2026-08-01 00:25:55,17999.81840222186,-1500.9951272791277,51999.78451000713
2026-08-01 00:25:56,18000.364208890718,-1500.7485053820478,51998.83933214658
2026-08-01 00:25:57,18001.260165775686,-1499.9940392393912,51999.96743018535
2026-08-01 00:25:58,17999.84125926763,-1500.4417583728966,51999.611608837746
2026-08-01 00:25:59,18000.260704593806,-1499.6988556679191,52000.543485855145
2026-08-01 00:26:00,18000.40885546463,-1500.8874111937141,52001.11571763819
2026-08-01 00:26:01,17999.826920653963,-1500.2245291971142,52001.40515821423
2026-08-01 00:26:02,17999.471293385046,-1500.232815957962,51999.96971282299
2026-08-01 00:26:03,18000.22425616825,-1499.667059792312,51999.96041001244
2026-08-01 00:26:04,18000.340517602017,-1500.1700379788986,51999.573428230105
2026-08-01 00:26:05,18000.25265786338,-1499.4554049296864,51999.633499631425
2026-08-01 00:26:06,18000.14781715713,-1499.8906724380822,52000.03569566564
2026-08-01 00:26:07,18000.09648334369,-1500.1144021416585,52000.32338376816
2026-08-01 00:26:08,18000.220563765157,-1499.720684665569,52001.021942824365
2026-08-01 00:26:09,18000.39106718853,-1499.9041835965484,52000.014900473616
2026-08-01 00:26:10,17999.305227637637,-1499.3964732300335,52000.20710838471
2026-08-01 00:26:11,17998.948721564782,-1500.1552808153083,51999.305935233046
2026-08-01 00:26:12,17999.475236498216,-1499.7864840281698,52000.755228791895
2026-08-01 00:26:13,18000.72617335302,-1500.7497979608909,52000.633687366506
2026-08-01 00:26:14,17999.958216513776,-1499.3592485815827,52000.349441620056
2026-08-01 00:26:15,18000.2864690282,-1499.1614053395992,51999.89047512683
2026-08-01 00:26:16,18000.234149237054,-1499.8246261465051,51999.17138568245
2026-08-01 00:26:17,17999.88734977841,-1500.313435889601,51999.224987194626
2026-08-01 00:26:18,17999.74417701664,-1499.7028743742478,52000.21647438817
2026-08-01 00:26:19,18000.264653749575,-1499.6142620846667,52000.347430852875
2026-08-01 00:26:20,18000.902039767,-1499.1304316683024,51999.98196950054
2026-08-01 00:26:21,17999.82715559489,-1499.8875388915103,52000.1063668006
2026-08-01 00:26:22,17999.823584729165,-1500.300197435611,51999.69999166996
2026-08-01 00:26:23,17999.334987135542,-1499.8182024038608,51999.59689747433
2026-08-01 00:26:24,17999.58246937729,-1499.2159370841682,52000.19842686711
2026-08-01 00:26:25,17999.407977769755,-1499.2473306101776,52000.16938166284
2026-08-01 00:26:26,17999.974683309418,-1499.2213945346653,52000.08504178968
2026-08-01 00:26:27,18000.29964282336,-1499.9015958321688,52000.45639855502
2026-08-01 00:26:28,17999.825638939994,-1499.8511686438512,51999.598720375994
2026-08-01 00:26:29,17999.710564512658,-1500.3102359965458,52000.57277928761
2026-08-01 00:26:30,18000.894391077247,-1499.483496973478,51999.6966022413
2026-08-01 00:26:31,17999.87935122434,-1500.3431421932094,52000.010966919246
2026-08-01 00:26:32,18000.527961237076,-1500.9695051829635,51999.60008701289
2026-08-01 00:26:33,17999.90680286243,-1499.2948582083473,52000.055524763586
2026-08-01 00:26:34,18000.299831355296,-1499.8951070648818,52000.76597596342
2026-08-01 00:26:35,18000.03834922239,-1499.3925558670453,52000.137665790535
2026-08-01 00:26:36,18000.008657165916,-1500.2854024584396,52000.190072468766
2026-08-01 00:26:37,17999.671224177553,-1500.62356361432,52000.15859714037
2026-08-01 00:26:38,17999.549012694206,-1500.2280602315377,51999.45316177911
2026-08-01 00:26:39,17999.750036973503,-1501.2307193840372,52000.66310323526
2026-08-01 00:26:40,17999.937534133423,-1499.7289468391193,51999.683641908705
2026-08-01 00:26:41,17999.944551833007,-1500.4229549869433,52000.49716634816
2026-08-01 00:26:42,17999.091297908264,-1499.4427569149113,51999.36808711772
2026-08-01 00:26:43,18000.086892941516,-1499.0439724016849,51999.719861495534
2026-08-01 00:26:44,17999.749741587377,-1500.0534121325677,51999.7815021085
2026-08-01 00:26:45,17999.501911483854,-1499.2025113228108,51999.47591022931
2026-08-01 00:26:46,17999.873716702354,-1500.0099252172488,51999.76768740328
2026-08-01 00:26:47,17999.485748722203,-1499.1694310789003,52000.71742549326
2026-08-01 00:26:48,17999.98065957501,-1500.08003954027,52000.00027167449
2026-08-01 00:26:49,18000.922463384297,-1500.167646156389,51999.1935171899
2026-08-01 00:26:50,18000.05407420229,-1499.6475858852405,51999.5582817181
2026-08-01 00:26:51,18000.14599392244,-1501.0129051276358,51999.245978489744
2026-08-01 00:26:52,18000.56745780659,-1500.2011580149483,51999.67719846149
2026-08-01 00:26:53,18000.713734383455,-1500.2745096488254,51999.22764025661
2026-08-01 00:26:54,18000.390227542473,-1500.4643212382464,52000.6712513561
2026-08-01 00:26:55,18000.39135465083,-1500.3654023603121,51998.95643514539
2026-08-01 00:26:56,17999.609428226406,-1500.3769946804207,52000.63646029505
2026-08-01 00:26:57,18000.333812029043,-1499.1068585384087,52001.14503706541
2026-08-01 00:26:58,18000.756465054863,-1500.116742910831,52000.16170021654
2026-08-01 00:26:59,18000.37603481838,-1499.2747509402848,52000.26886438875
2026-08-01 00:27:00,17999.917282879524,-1500.501761849851,52000.52502891142
2026-08-01 00:27:01,17999.869014776465,-1499.3202910081227,51999.00648385119
2026-08-01 00:27:02,18000.168894381404,-1500.9850270597533,52000.32336664018
2026-08-01 00:27:03,17999.943146548492,-1499.1995559522468,52000.38065567861
2026-08-01 00:27:04,18000.268372313167,-1499.82210880179,51999.93828616183
2026-08-01 00:27:05,17999.466694282157,-1500.0955998250515,52000.11850044597
2026-08-01 00:27:06,17999.72037769493,-1499.4492132806427,51999.425331845174
2026-08-01 00:27:07,17999.646708148048,-1500.3821255968774,52000.562726116
2026-08-01 00:27:08,17999.820919279526,-1499.7983169374393,52000.58090752761
2026-08-01 00:27:09,17999.878760021544,-1499.4639339051457,51999.55888768164
2026-08-01 00:27:10,18000.461314310913,-1499.6639220485838,52000.813136887096
2026-08-01 00:27:11,17999.766866288897,-1499.7727322836088,52000.03642019704
2026-08-01 00:27:12,17999.703401796487,-1499.8325651299228,51999.57001746775
2026-08-01 00:27:13,17999.836319193226,-1500.4246630544037,52000.66541569962
2026-08-01 00:27:14,18000.44743188521,-1500.148066510293,51999.96172001989
2026-08-01 00:27:15,17999.65050046166,-1499.2072895680453,51999.55186256658
2026-08-01 00:27:16,17999.944250314285,-1500.8963293939703,52000.00872347223
2026-08-01 00:27:17,18000.49326095301,-1500.3047246979345,52000.14972114802
2026-08-01 00:27:18,18000.109687906213,-1500.2561550338241,52000.67253151807
2026-08-01 00:27:19,18000.385886786757,-1500.4602115608404,52000.1776530587
2026-08-01 00:27:20,18000.272577701573,-1500.1602121211824,51999.664745913185
2026-08-01 00:27:21,18000.471496481554,-1500.0551951985394,51999.8414147151
2026-08-01 00:27:22,18000.184021956866,-1500.0513506229095,51999.96163715235
2026-08-01 00:27:23,17999.62788717909,-1499.5617223714403,51999.78107702587
2026-08-01 00:27:24,17999.717181182015,-1499.5230940146128,52000.08108424533
2026-08-01 00:27:25,18000.80057964468,-1500.0012851591823,52000.518612778236
2026-08-01 00:27:26,18000.093891040146,-1500.9309818579677,51999.591042393586
2026-08-01 00:27:27,17999.786521835125,-1500.0948969057,52000.162175195524
2026-08-01 00:27:28,18000.468202917553,-1499.9746301609482,52001.46844475323
2026-08-01 00:27:29,17999.95210613232,-1499.4870352330222,51999.69500191704
2026-08-01 00:27:30,17999.969768777617,-1499.8800465832771,51999.73750395107
2026-08-01 00:27:31,17999.989618445205,-1500.0921268007166,52000.44248807777
2026-08-01 00:27:32,17999.856714339738,-1500.9306162842224,51999.68132186079
2026-08-01 00:27:33,17999.079579387402,-1500.6834597578734,52000.20254606069
2026-08-01 00:27:34,18000.043593033944,-1499.2978296938866,52000.20174453475
2026-08-01 00:27:35,17999.85944874163,-1500.3728637166132,51999.55811524615
2026-08-01 00:27:36,17999.449881048637,-1500.101989819783,52001.211416463215
2026-08-01 00:27:37,18000.590269089837,-1500.6570182845724,52000.198886840735
2026-08-01 00:27:38,17999.787648210928,-1500.9695165049347,51999.70252675946
2026-08-01 00:27:39,18000.330090981755,-1499.7172092718163,52000.16832708729
2026-08-01 00:27:40,17999.96095919882,-1499.8932609926494,51999.89571698203
2026-08-01 00:27:41,17999.89875861092,-1500.581628144847,51999.897447098745
2026-08-01 00:27:42,17999.922195305982,-1498.679855417528,52000.932960753
2026-08-01 00:27:43,17999.91795636436,-1499.9305417864825,52000.91798395373
2026-08-01 00:27:44,18001.11382457137,-1500.019035879653,52000.325702370596
2026-08-01 00:27:45,18000.01738435253,-1499.5225821864374,52000.49664922329
2026-08-01 00:27:46,18000.462863534958,-1499.9951800348745,52000.09856266799
2026-08-01 00:27:47,18000.314967127786,-1500.404417138685,52000.3245959074
2026-08-01 00:27:48,17999.548892748368,-1499.2788460680135,51999.648882734735
2026-08-01 00:27:49,18000.230917225603,-1499.44813196262,51999.627194333385
2026-08-01 00:27:50,17999.96755086648,-1499.2517672865406,52000.33797892127
2026-08-01 00:27:51,18000.582413204153,-1500.1420477952686,52000.40827789551
2026-08-01 00:27:52,17999.92088644471,-1500.0528029701518,52000.30319026249
2026-08-01 00:27:53,18000.0167009707,-1499.297883122865,52000.24001743705
2026-08-01 00:27:54,18000.72425954631,-1500.3192962807805,51999.68642448082
2026-08-01 00:27:55,18000.358375593063,-1500.355946213682,51999.24595617296
2026-08-01 00:27:56,18000.249937427292,-1499.6204745007312,51999.79661134936
2026-08-01 00:27:57,18000.432146521463,-1499.948845383246,51999.390699426185
2026-08-01 00:27:58,17999.347446975647,-1500.8921323322986,51999.61121758746
2026-08-01 00:27:59,17999.68273256457,-1499.7428933106864,52000.6296584328
2026-08-01 00:28:00,18000.806645124394,-1499.1045465573627,52000.07850877853
2026-08-01 00:28:01,17999.87298702604,-1499.9002897013129,52000.5904029431
2026-08-01 00:28:02,17999.59526721564,-1499.9547444273196,52000.2336816095
2026-08-01 00:28:03,17999.385761433256,-1500.2437811756506,52000.34942622895
2026-08-01 00:28:04,18000.450657318615,-1499.7995209168744,51999.689943982885
2026-08-01 00:28:05,18000.02953629334,-1500.6845491320855,51999.99863247844
2026-08-01 00:28:06,18000.092556931646,-1500.5095958059235,51999.31820350472
2026-08-01 00:28:07,17999.98623152425,-1500.5019510724853,52000.40342371757
2026-08-01 00:28:08,17999.12711280363,-1500.0401223868037,51999.85456533245
2026-08-01 00:28:09,18000.173515491544,-1500.1504932276923,51999.71587713432
2026-08-01 00:28:10,17999.932790623552,-1499.9873723934961,51999.7032692658
2026-08-01 00:28:11,18000.20498494476,-1500.1249741739418,51999.66012344963
2026-08-01 00:28:12,17999.3354316747,-1499.6478286385757,52000.203573821855
2026-08-01 00:28:13,18000.370885405362,-1499.7874819197998,52000.372865133635
2026-08-01 00:28:14,18000.080183082304,-1499.765266667912,52000.42664790964
2026-08-01 00:28:15,18000.69964643552,-1499.3859600487872,51999.534653450224
2026-08-01 00:28:16,18000.273665040535,-1499.8982943320052,51999.759485291535
2026-08-01 00:28:17,17999.828829366594,-1499.685547956667,52000.36946184661
2026-08-01 00:28:18,18000.100199066936,-1499.9658857959093,51999.57730305978
2026-08-01 00:28:19,18000.310525728615,-1500.0409545662144,51999.9969653747
2026-08-01 00:28:20,17999.539172951012,-1499.949322142999,52000.27352475484
2026-08-01 00:28:21,18000.460773929175,-1500.4169673878393,52000.12753291429
2026-08-01 00:28:22,18000.14549549563,-1500.3999326198652,52000.2971382617
2026-08-01 00:28:23,17999.951773687575,-1500.220265065627,51999.91842300732
2026-08-01 00:28:24,18001.321185456916,-1499.7480169076023,52000.3833158347
2026-08-01 00:28:25,18000.805300912965,-1500.3932596184898,52000.5564264445
2026-08-01 00:28:26,18000.864683131716,-1500.8390805024803,52000.096149976875
2026-08-01 00:28:27,18000.49193845729,-1501.179642545452,51999.523486086124
2026-08-01 00:28:28,17999.84911577366,-1500.0293599156487,51999.8686683466
2026-08-01 00:28:29,18000.714743442415,-1500.0104238425602,51999.52258408429
2026-08-01 00:28:30,18000.60874096453,-1499.6902153986857,51999.82200808013
2026-08-01 00:28:31,17999.845040757344,-1500.1657427746622,51999.74063529399
2026-08-01 00:28:32,18000.646858109656,-1500.5335264810258,52000.08993276453
2026-08-01 00:28:33,18000.365899894834,-1500.0873990565985,51999.42440079718
2026-08-01 00:28:34,17999.69491694843,-1499.3160663048761,52000.07193922905
2026-08-01 00:28:35,18000.408434507706,-1499.747041208073,51999.08635637972
2026-08-01 00:28:36,18000.86376041054,-1499.7571892071594,51999.4584169056
2026-08-01 00:28:37,18000.01055366161,-1500.2707632363465,51999.965213114476
2026-08-01 00:28:38,18000.98630411872,-1500.7041836979931,51999.499690207085
2026-08-01 00:28:39,18000.74105054229,-1500.183166918229,52000.081581804145
2026-08-01 00:28:40,17999.54280250353,-1499.2976018929287,52000.06660806767
2026-08-01 00:28:41,17999.552575860456,-1500.6699776580415,52001.104381364225
2026-08-01 00:28:42,18000.860488846338,-1499.5640137506507,51999.67865329405
2026-08-01 00:28:43,18000.287306313163,-1500.6640331956858,51999.85127103846
2026-08-01 00:28:44,18000.00860759508,-1500.7488347526944,52000.25137623349
2026-08-01 00:28:45,17999.83357841117,-1499.7975361166543,51999.702175226674
2026-08-01 00:28:46,18000.020583270227,-1499.8517499291997,52000.264042608615
2026-08-01 00:28:47,17999.546639793614,-1499.4991867978013,52000.740407092504
2026-08-01 00:28:48,18000.578139773654,-1500.9390851202113,52000.04921484773
2026-08-01 00:28:49,18000.037356924462,-1500.1741311057137,51999.73654172381
2026-08-01 00:28:50,18000.502833389364,-1500.2831187620234,51999.87640633739
2026-08-01 00:28:51,18000.44368399874,-1500.886068095166,51999.59342183454
2026-08-01 00:28:52,18000.309142571426,-1499.2308956161205,52000.056272181704
2026-08-01 00:28:53,18000.72744793718,-1499.4754501904565,51999.64510333804
2026-08-01 00:28:54,17999.863762400637,-1500.481709785201,51999.08871721737
2026-08-01 00:28:55,17999.93281807915,-1500.134444329907,51999.51691200162
2026-08-01 00:28:56,18000.370306437733,-1500.1319808943695,51999.446523400184
2026-08-01 00:28:57,17999.767965054663,-1499.5479340311626,52000.16870923118
2026-08-01 00:28:58,17999.194944369134,-1500.0453425627015,51999.58608064256
2026-08-01 00:28:59,17999.99722739676,-1499.8782974498681,51999.450293021255
2026-08-01 00:29:00,18000.380150716475,-1500.2777113121124,51999.76464483221
2026-08-01 00:29:01,17999.904050015313,-1499.2483986707146,52000.372469708855
2026-08-01 00:29:02,18000.453281343383,-1500.466884972562,52000.55975306373
2026-08-01 00:29:03,17999.84730174959,-1498.9212523239014,52001.08446846269
2026-08-01 00:29:04,18000.156735104876,-1500.3342683926055,51999.98660408223
2026-08-01 00:29:05,18000.416676008463,-1499.9503958221956,51999.43022198489
2026-08-01 00:29:06,18000.195509735473,-1500.8001984210664,51999.10149001226
2026-08-01 00:29:07,18000.38196840976,-1500.2863267647642,52000.23749420291
2026-08-01 00:29:08,17999.323854112758,-1500.7007327508616,52000.019452131106
2026-08-01 00:29:09,17999.71827036592,-1499.3251045116506,51999.39921077572
2026-08-01 00:29:10,17999.954040346813,-1499.6479910299404,52000.26212426807
2026-08-01 00:29:11,18000.570365759584,-1500.0852126676293,51999.96110364549
2026-08-01 00:29:12,17999.931922902568,-1500.4445789961649,52000.36659852259
2026-08-01 00:29:13,18000.05990422434,-1499.3036924946514,52000.31030436702
2026-08-01 00:29:14,18000.15746667905,-1499.7774298083752,51999.85438243585
2026-08-01 00:29:15,18000.82343189442,-1499.9010325346414,52000.77532830677
2026-08-01 00:29:16,17999.907933756476,-1500.545381203643,52000.83086889154
2026-08-01 00:29:17,18000.468189749332,-1500.2361537475256,52000.70554086193
2026-08-01 00:29:18,18000.11059466122,-1500.431350871416,52000.483380031714
2026-08-01 00:29:19,18000.709634210543,-1500.5540248209966,52000.42458134365
2026-08-01 00:29:20,17999.811320415294,-1499.7241457216458,52000.9792366291
2026-08-01 00:29:21,18000.149707794066,-1499.942709953681,52000.47291263766
2026-08-01 00:29:22,18000.133955704117,-1500.3084150622035,51999.78044426788
2026-08-01 00:29:23,18000.525381099607,-1500.8325484080726,51999.75689328637
2026-08-01 00:29:24,18000.05526718088,-1500.6829719791863,51999.69345774167
2026-08-01 00:29:25,17999.871326697074,-1501.0534769762655,52000.52440929089
2026-08-01 00:29:26,17999.163974437437,-1499.714526506852,51999.242744703915
2026-08-01 00:29:27,18000.290976077922,-1500.1668879366187,51999.33052264651
2026-08-01 00:29:28,17999.886558763996,-1500.1485310361745,51999.818245558425
2026-08-01 00:29:29,18001.08316457213,-1499.3548656997787,51999.87279758558
2026-08-01 00:29:30,17999.834791984,-1499.644320388089,51999.18448910531
2026-08-01 00:29:31,18000.514578185233,-1500.8389460903672,51999.54928503072
2026-08-01 00:29:32,18000.44259883215,-1499.3349601831328,51999.89954164357
2026-08-01 00:29:33,18000.500921028688,-1498.9330134569516,51999.36375934464
2026-08-01 00:29:34,17999.854249541484,-1500.7919320504118,52000.70211333761
2026-08-01 00:29:35,18000.392457594793,-1498.926815584172,51999.780462546
2026-08-01 00:29:36,18000.15395876969,-1499.7098351047537,52000.35594680781
2026-08-01 00:29:37,17998.594580077086,-1500.4325390694971,51998.91716479747
2026-08-01 00:29:38,17999.561246290803,-1499.8937322600243,51999.71285718679
2026-08-01 00:29:39,17999.49120351379,-1501.081837035858,52000.7220934689
2026-08-01 00:29:40,17999.937279566388,-1499.7450916683981,51999.99874036693
2026-08-01 00:29:41,17999.423776677733,-1500.4185288489425,51998.895927967045
2026-08-01 00:29:42,17998.925719821797,-1499.947293826479,51999.66324297364
2026-08-01 00:29:43,18000.03606304508,-1500.1036767956884,51999.77383302196
2026-08-01 00:29:44,17999.586660099754,-1499.86345968861,51999.77669002639
2026-08-01 00:29:45,17999.252123631915,-1500.3491750587045,51999.9043438804
2026-08-01 00:29:46,18000.481809157995,-1500.1081198176526,51999.396381375416
2026-08-01 00:29:47,17999.483326938516,-1501.0751463252873,51999.500219674934
2026-08-01 00:29:48,18000.478363229075,-1500.2813481423498,51999.8089608644
2026-08-01 00:29:49,17999.87374912736,-1499.301857589301,51998.75789481769
2026-08-01 00:29:50,17999.370337506873,-1499.164100842309,52000.00965594547
2026-08-01 00:29:51,18000.384298492143,-1500.5338745727438,52000.252106878346
2026-08-01 00:29:52,18000.332341299083,-1500.0340354132434,52000.17714227864
2026-08-01 00:29:53,17999.96854571109,-1499.7657968968904,52000.5089865436
2026-08-01 00:29:54,17999.20331686133,-1500.3051285799872,51999.476292675456
2026-08-01 00:29:55,17998.520295858307,-1499.9233458421595,52000.2007958411
2026-08-01 00:29:56,17999.688587304438,-1499.3336122510987,52000.30986887239
2026-08-01 00:29:57,18001.01315967531,-1499.5778118891099,51999.89411146835
2026-08-01 00:29:58,17999.69087275354,-1500.7993519292625,51999.745655018836
2026-08-01 00:29:59,17999.337348394354,-1499.6467463474476,52000.25718300669
2026-08-01 00:30:00,17999.69816823617,-1499.8899600229538,51999.86997413293
2026-08-01 00:30:01,18000.487363552264,-1499.857238467456,51998.863621571974
2026-08-01 00:30:02,17999.609092398205,-1500.651450328216,52000.56748870478
2026-08-01 00:30:03,18000.787642076833,-1500.138712938582,52000.392258161104
2026-08-01 00:30:04,18000.666788495848,-1500.3635860934519,51999.985585107206
2026-08-01 00:30:05,18000.210771170907,-1499.0395527678793,52000.59325935558
2026-08-01 00:30:06,18000.52505520743,-1500.7680882533389,51999.966747217615
2026-08-01 00:30:07,17999.417011738024,-1499.875063764575,52000.52176870177
2026-08-01 00:30:08,17999.247737270507,-1499.945072071912,52000.50066284908
2026-08-01 00:30:09,18000.094573645507,-1500.0614413298342,51999.2339779911
2026-08-01 00:30:10,17999.05897270483,-1500.6369087686976,51999.944137418664
2026-08-01 00:30:11,18000.59827870275,-1499.904825970064,51999.94821624625
2026-08-01 00:30:12,18000.539616612,-1499.8703978590293,51999.685337637835
2026-08-01 00:30:13,17999.603002540935,-1499.128703652023,51999.64024004866
2026-08-01 00:30:14,17999.68675836146,-1499.1129706479303,51999.64667342894
2026-08-01 00:30:15,17999.240273393865,-1501.207487510439,51999.322461710595
2026-08-01 00:30:16,18000.513533915826,-1500.2829508403706,52000.16863282946
2026-08-01 00:30:17,17999.568126070597,-1499.4954890685933,51999.50682101317
2026-08-01 00:30:18,18000.39262871288,-1499.7271038836984,52000.18083123327
2026-08-01 00:30:19,17999.760723949374,-1500.321169403829,52000.445538269356
2026-08-01 00:30:20,18000.07589047132,-1499.9210440734253,51999.97848266212
2026-08-01 00:30:21,18000.45505762987,-1500.215464577726,52000.34014139557
2026-08-01 00:30:22,18000.01149434939,-1501.2868763972906,51999.73675606156
2026-08-01 00:30:23,18000.39701625104,-1499.6935033671252,52000.58383404703
2026-08-01 00:30:24,17999.44204005832,-1499.4769310151496,51999.15823418507
2026-08-01 00:30:25,17999.30159193989,-1499.5275589190005,52001.416296071475
2026-08-01 00:30:26,17999.755117256464,-1500.240870254984,52000.50375882143
2026-08-01 00:30:27,18000.007384167402,-1500.0647034763856,52000.18827392871
2026-08-01 00:30:28,17999.673909874033,-1501.0251180329333,52000.22089812752
2026-08-01 00:30:29,17999.47338253703,-1500.1803060061175,51999.6731412896
2026-08-01 00:30:30,17999.571952120674,-1499.9797858526715,51999.60288011269
2026-08-01 00:30:31,17999.69149720944,-1499.6733503420298,52000.171883454736
2026-08-01 00:30:32,18000.53767672305,-1500.0562286973477,51999.34778312123
2026-08-01 00:30:33,17999.47771979405,-1500.0155622811437,51998.821266587445
2026-08-01 00:30:34,18000.53758179546,-1500.1045899477497,52001.26361132257
2026-08-01 00:30:35,18001.08664578618,-1499.657319555784,52000.028547502174
2026-08-01 00:30:36,18000.026992756426,-1499.2992969683978,52000.923898589615
2026-08-01 00:30:37,18000.081081808217,-1499.8047453755391,51999.34961753352
2026-08-01 00:30:38,18000.32739721687,-1500.634940232057,51999.20123469434
2026-08-01 00:30:39,18000.05772186991,-1499.4818465318308,52000.11248705989
2026-08-01 00:30:40,18000.076672480827,-1500.500294049083,52000.57212192989
2026-08-01 00:30:41,18000.7348714701,-1500.092112937825,52000.228948830256
2026-08-01 00:30:42,17999.958147551988,-1499.9404047173855,52000.305168713865
2026-08-01 00:30:43,18000.061553202628,-1499.6825898911184,52000.44139534841
2026-08-01 00:30:44,18000.667335584232,-1499.8677881759395,52000.205758689364
2026-08-01 00:30:45,18000.692111139753,-1500.0795160022406,51999.933028716914
2026-08-01 00:30:46,18001.048802560894,-1499.9857378953961,51999.800194966316
2026-08-01 00:30:47,18000.107463886747,-1499.9250088754832,51999.36876645412
2026-08-01 00:30:48,18000.609867347735,-1499.194318800948,52000.14628596997
2026-08-01 00:30:49,18000.49051524633,-1499.5014094575395,51999.98117972721
2026-08-01 00:30:50,17999.81359805836,-1499.8503493481765,52000.36178470913
2026-08-01 00:30:51,17998.923374512753,-1500.4264014449757,51999.87933631616
2026-08-01 00:30:52,17999.668017532484,-1500.2932128023704,52000.290923819375
2026-08-01 00:30:53,17999.90304113729,-1500.4895592015157,52000.083459882124
2026-08-01 00:30:54,18000.60121408327,-1500.2635491395847,51999.4932183922
2026-08-01 00:30:55,17999.652324720726,-1499.9252057698204,52001.29483790039
2026-08-01 00:30:56,18000.05665962733,-1499.6053147159103,51999.51615281754
2026-08-01 00:30:57,17999.437700420694,-1499.5232664109596,52000.06145480098
2026-08-01 00:30:58,17999.990556469093,-1500.1341849501255,51999.581975397836
2026-08-01 00:30:59,18000.218928270213,-1500.6742117138851,52000.31570954033
2026-08-01 00:31:00,18000.74193296358,-1500.0495239572963,52000.09643196067
2026-08-01 00:31:01,18000.41910189912,-1499.7015597743539,52000.30423685166
2026-08-01 00:31:02,17999.80184002191,-1500.661423183947,51999.94712073083
2026-08-01 00:31:03,18000.217507225236,-1499.982409988029,52000.45204919731
2026-08-01 00:31:04,18000.195323193384,-1499.9245906606736,51999.41786990462
2026-08-01 00:31:05,17999.919857305165,-1500.285105307493,52000.279826731305
2026-08-01 00:31:06,17999.506765175145,-1499.5741978096564,51999.855576847
2026-08-01 00:31:07,17999.31408290187,-1499.0139997487224,51998.87546803411
2026-08-01 00:31:08,17999.899264094794,-1499.4054209203457,51999.98028521972
2026-08-01 00:31:09,18000.73538774562,-1499.9669824472167,51999.97412029893
2026-08-01 00:31:10,18000.10234116513,-1499.3457324790697,51999.636389083615
2026-08-01 00:31:11,17999.85155271145,-1499.2394797973843,51999.6531325432
2026-08-01 00:31:12,18000.07313750071,-1500.4912113824446,51999.249361200746
2026-08-01 00:31:13,18000.003711942558,-1500.1063741819773,51999.54578986068
2026-08-01 00:31:14,18000.061532828826,-1501.1019068505166,52000.193520996196
2026-08-01 00:31:15,17999.95472926972,-1500.4764041190263,52000.34783444727
2026-08-01 00:31:16,18000.437790596836,-1499.6361409235085,52000.753296311676
2026-08-01 00:31:17,18000.135248300154,-1500.2589930834322,52000.041567682485
2026-08-01 00:31:18,17999.801239553333,-1499.9791789666122,51999.929691117446
2026-08-01 00:31:19,18000.05944330056,-1499.4380206268977,52000.28439406234
2026-08-01 00:31:20,17999.245429710183,-1499.5913655763206,51999.492576672616
2026-08-01 00:31:21,17999.948697092535,-1500.8788877433249,51999.668401401555
2026-08-01 00:31:22,18000.189761754507,-1499.7377040707663,52000.66746686135
2026-08-01 00:31:23,18000.671858963808,-1500.8206101020542,51999.08228401285
2026-08-01 00:31:24,17999.767741715747,-1500.1511316529386,51999.866732850736
2026-08-01 00:31:25,18000.395701409747,-1500.3218788008337,52000.60517792206
2026-08-01 00:31:26,18000.020050579926,-1500.1239242623244,52000.65111914913
2026-08-01 00:31:27,17999.89678712104,-1500.5491219519454,51999.44865244101
2026-08-01 00:31:28,18000.875916569737,-1499.404076192135,52000.07031135679
2026-08-01 00:31:29,18000.45802415817,-1500.374557114994,52000.88427976269
2026-08-01 00:31:30,17999.44956878308,-1499.6620156654246,51999.68885032104
2026-08-01 00:31:31,17999.80241462032,-1499.708591583347,52000.614162249716
2026-08-01 00:31:32,17999.90112083729,-1499.5719005811754,51999.62182833764
2026-08-01 00:31:33,18000.749806408854,-1500.216188339384,51999.36101348415
2026-08-01 00:31:34,18000.14216754618,-1500.1412207915866,51999.94810512437
2026-08-01 00:31:35,17999.1949221101,-1499.6461532796345,51999.751031832864
2026-08-01 00:31:36,18000.48830821028,-1500.1606009164354,52000.79866805543
2026-08-01 00:31:37,18000.40585546219,-1498.667748590392,52000.239361738866
2026-08-01 00:31:38,17999.513990957108,-1500.4594684505087,52000.47049987793
2026-08-01 00:31:39,18000.14535921335,-1499.3524536356956,52000.64042450524
2026-08-01 00:31:40,18000.6492550888,-1500.617569736636,51999.89494715447
2026-08-01 00:31:41,18000.154960906406,-1500.4152888515255,51999.782794308725
2026-08-01 00:31:42,18000.990760259883,-1498.3640485986425,51999.63001906147
2026-08-01 00:31:43,17999.87306004007,-1500.7595580054408,52001.27598327775
2026-08-01 00:31:44,18000.236969735965,-1499.656363921912,51999.64680250204
2026-08-01 00:31:45,18000.09493456908,-1500.0462716313418,51999.58745912664
2026-08-01 00:31:46,17999.42568434976,-1500.0181282488254,52000.433950010774
2026-08-01 00:31:47,17999.787016115024,-1499.9655580867136,52000.28388843445
2026-08-01 00:31:48,17999.487704733074,-1498.553973589101,51999.83192677739
2026-08-01 00:31:49,18000.1858110609,-1500.0889830033434,51999.322577139406
2026-08-01 00:31:50,18000.196774400778,-1499.5601349108024,52000.37631472137
2026-08-01 00:31:51,17999.73709988345,-1500.1885787222068,51999.497314274
2026-08-01 00:31:52,17999.874915347158,-1499.09358417776,51999.61079805834
2026-08-01 00:31:53,18000.134449975296,-1500.1298239754365,51999.50719622191
2026-08-01 00:31:54,17999.65415111616,-1500.2613078323511,51999.76709136427
2026-08-01 00:31:55,18000.772551315553,-1499.7595776213157,52000.56243058274
2026-08-01 00:31:56,17999.841966597247,-1500.172703946818,52000.16051832091
2026-08-01 00:31:57,18000.139346650103,-1499.9012073416961,51999.75670908517
2026-08-01 00:31:58,17999.345314678256,-1500.2936055079101,51999.35954045043
2026-08-01 00:31:59,18000.407768327925,-1500.1861078471436,51999.80982495831
2026-08-01 00:32:00,17999.138973377107,-1499.771385414187,52000.18048487348
2026-08-01 00:32:01,17999.578581373375,-1500.1654198615768,51999.43270735284
2026-08-01 00:32:02,17999.574487486614,-1499.596984760915,52001.11568386625
2026-08-01 00:32:03,17999.821440876654,-1500.5813734407282,51999.971445139345
2026-08-01 00:32:04,18000.305824765113,-1500.5917670234965,52000.24653289611
2026-08-01 00:32:05,18000.033875970163,-1500.1274297872794,51999.501039096634
2026-08-01 00:32:06,17999.607209982816,-1500.5482547180295,52000.32402780769
2026-08-01 00:32:07,17999.90650968473,-1499.39159215213,52000.5717494655
2026-08-01 00:32:08,18000.23236859651,-1499.7524887932054,52000.071926295816
2026-08-01 00:32:09,18000.445236699547,-1500.6129648901065,51999.583829192554
2026-08-01 00:32:10,17999.812050771965,-1499.8504959017796,51999.854146448306
2026-08-01 00:32:11,17999.506047315575,-1499.963575833487,51999.54436363217
2026-08-01 00:32:12,17999.83339267521,-1499.2742035540102,51999.864936530736
2026-08-01 00:32:13,18000.37749764773,-1499.7797805466744,52000.06650489108
2026-08-01 00:32:14,18000.575643455024,-1499.7335288942734,51999.59848946157
2026-08-01 00:32:15,17999.906821736302,-1500.1699530201763,51999.214075026786
2026-08-01 00:32:16,17999.542811454907,-1500.0997433131627,51999.56072491245
2026-08-01 00:32:17,17999.48677183891,-1499.9677150594773,51999.67799834908
2026-08-01 00:32:18,17999.799759354384,-1499.4174596439973,51999.43582187344
2026-08-01 00:32:19,17999.874494388834,-1499.7267575263459,51999.422137945236
2026-08-01 00:32:20,17999.47957638904,-1498.7554111907916,51999.28449619831
2026-08-01 00:32:21,17998.825286010953,-1499.6533432967499,52000.079767926094
2026-08-01 00:32:22,18000.23716779572,-1500.9703446033152,52000.898004183175
2026-08-01 00:32:23,18000.203667928963,-1500.4390660925505,51999.670246444606
2026-08-01 00:32:24,18000.046560806324,-1499.7535113114066,51998.48603214467
2026-08-01 00:32:25,17999.288551033125,-1499.2429272684162,51999.631386430345
2026-08-01 00:32:26,18000.211902544335,-1500.1633021527314,51999.5455532506
2026-08-01 00:32:27,17999.70989162361,-1499.7167234409294,51999.95233793367
2026-08-01 00:32:28,17999.330955197995,-1500.0458108459318,51999.82423934791
2026-08-01 00:32:29,18000.266468245565,-1500.1120368552051,51999.98358674301
2026-08-01 00:32:30,18000.02858922559,-1500.5965405307516,51999.66007723825
2026-08-01 00:32:31,17999.94972438957,-1499.821203902514,51998.80281507457
2026-08-01 00:32:32,17999.878924033954,-1499.112195959985,51999.74875060703
2026-08-01 00:32:33,17999.56726735964,-1500.3890814391157,51999.890136546965
2026-08-01 00:32:34,17999.186943513072,-1500.0563734451569,52000.23057616405
2026-08-01 00:32:35,18000.31915051618,-1499.3905276745613,51999.86266534725
2026-08-01 00:32:36,18000.04119794657,-1499.2726149009193,52000.80875716848
2026-08-01 00:32:37,17999.602731560157,-1500.3169625633354,51999.27680942468
2026-08-01 00:32:38,18000.306457705195,-1499.7759610349667,52000.38568619268
2026-08-01 00:32:39,17999.598878788922,-1499.4345459957683,52000.160912538144
2026-08-01 00:32:40,17999.966015080667,-1499.8266710252415,52000.36425384025
2026-08-01 00:32:41,18000.626244915926,-1500.3502406043972,52000.50953016116
2026-08-01 00:32:42,18000.10928754939,-1500.3083910420241,51999.96876122147
2026-08-01 00:32:43,17999.558632044696,-1500.0124307468277,52000.20198672332
2026-08-01 00:32:44,18000.82983388763,-1500.2302082329259,51999.14637697944
2026-08-01 00:32:45,17999.888137753045,-1500.5187730361226,51999.526294566545
2026-08-01 00:32:46,17999.75776646536,-1499.5575234284388,51999.70731937069
2026-08-01 00:32:47,17999.879253864183,-1500.3627014103522,52000.48224407498
2026-08-01 00:32:48,18000.22814978555,-1500.1370476097359,51999.814295355674
2026-08-01 00:32:49,17999.80156556979,-1499.888351610813,52000.01757918917
2026-08-01 00:32:50,18000.203692316034,-1500.1346589266402,51999.017580581036
2026-08-01 00:32:51,17999.928259628774,-1499.6860017391698,52000.156088976495
2026-08-01 00:32:52,17999.903023416882,-1500.362146770631,51999.74017064108
2026-08-01 00:32:53,18000.41079625752,-1500.3891333956833,52000.40857561654
2026-08-01 00:32:54,17999.912514176867,-1499.5983967233599,51999.78516782632
2026-08-01 00:32:55,17999.486179107163,-1500.1188815462576,52000.288263543785
2026-08-01 00:32:56,17999.634391792493,-1500.8260538872505,51999.53756549069
2026-08-01 00:32:57,17999.969895561375,-1500.568069087889,52000.13299619427
2026-08-01 00:32:58,18000.32289942268,-1500.063921062873,52000.235512861706
2026-08-01 00:32:59,17999.853451944207,-1500.0218686429487,51999.94051136183
2026-08-01 00:33:00,17999.763313111238,-1499.7796352901876,52000.40050590288
2026-08-01 00:33:01,17999.943295885143,-1500.5883049901006,52000.32413921378
2026-08-01 00:33:02,17999.00178815374,-1500.3234497886356,51999.85294432771
2026-08-01 00:33:03,17999.925754750817,-1499.9218081258089,52000.326205134144
2026-08-01 00:33:04,17999.967499553706,-1499.5893601369767,52000.04867792929
2026-08-01 00:33:05,17999.66590398569,-1500.0041861820237,52000.08087517635
2026-08-01 00:33:06,17999.880030431355,-1500.0760761940332,52000.67748500727
2026-08-01 00:33:07,17999.570044132055,-1500.1217914983138,52000.75778549153
2026-08-01 00:33:08,17999.851088938303,-1499.5221527722206,52000.57619751921
2026-08-01 00:33:09,18001.04659787234,-1499.9429695908789,51999.90998871433
2026-08-01 00:33:10,17999.630037319108,-1500.1289717637458,52000.67521536876
2026-08-01 00:33:11,17999.803221894206,-1500.3376128824927,51999.51988627961
2026-08-01 00:33:12,18000.28780827962,-1499.8079842139325,52000.15591310308
2026-08-01 00:33:13,17999.970944634482,-1499.8827531396928,52000.12174513538
2026-08-01 00:33:14,17999.316806621726,-1501.016320522098,52000.426494872576
2026-08-01 00:33:15,17999.72312350144,-1500.2588539855235,52000.057529799065
2026-08-01 00:33:16,17999.667145766507,-1500.2824263871364,51999.21625768658
2026-08-01 00:33:17,18000.338463769014,-1499.7706157424493,51998.93082948211
2026-08-01 00:33:18,18001.023723353126,-1500.5589283247073,52000.43452557972
2026-08-01 00:33:19,17999.71777063782,-1499.5920604973146,51999.504113473195
2026-08-01 00:33:20,17999.588198802103,-1500.6769169420897,51999.39837449093
2026-08-01 00:33:21,18000.229903315205,-1501.0759057467642,51999.51892541485
2026-08-01 00:33:22,17999.648262640298,-1499.8000381418,51999.89001294247
2026-08-01 00:33:23,17999.637571753854,-1500.1977943849347,51999.22256526893
2026-08-01 00:33:24,17999.765737583468,-1499.6352419584982,52000.81765380367
2026-08-01 00:33:25,18000.159204678355,-1499.875003324002,51999.658816431154
2026-08-01 00:33:26,17999.588889013026,-1499.812762909627,51999.63902265859
2026-08-01 00:33:27,17999.07322897517,-1499.7169935070247,52000.08645302479
2026-08-01 00:33:28,18000.43270063724,-1499.8212140643407,52000.08673644632
2026-08-01 00:33:29,17999.759370559663,-1499.4500117228072,51999.18136193206
2026-08-01 00:33:30,17999.743883078805,-1499.5333237295958,51999.92971017431
2026-08-01 00:33:31,17999.671267956794,-1500.020985080214,51999.12750852726
2026-08-01 00:33:32,18000.298766142616,-1500.2895710435362,52000.77192547176
2026-08-01 00:33:33,17999.334749212525,-1499.9644408266636,52000.19169632773
2026-08-01 00:33:34,18000.460045802793,-1499.897077828576,51999.32206320086
2026-08-01 00:33:35,17999.490476374973,-1500.0153359654166,51999.960539003776
2026-08-01 00:33:36,17999.464690887602,-1499.7192613967325,52000.17326715721
2026-08-01 00:33:37,18000.409228167322,-1499.5508293261773,51999.897276990705
2026-08-01 00:33:38,17999.234964202715,-1499.3508074284841,52001.152249853614
2026-08-01 00:33:39,17999.620676454997,-1500.0092830359047,51999.6962252235
2026-08-01 00:33:40,18000.457896261007,-1500.187644120148,51999.76607967368
2026-08-01 00:33:41,18000.573753453045,-1501.3797471368594,52000.622478211386
2026-08-01 00:33:42,18000.069647108714,-1500.5467182076213,51999.91498892126
2026-08-01 00:33:43,18000.069813629234,-1500.1783754347002,51999.947074786156
2026-08-01 00:33:44,18000.04470652853,-1499.8010027700627,51999.78929265636
2026-08-01 00:33:45,18000.4071039791,-1499.7436373191097,52000.31205353976
2026-08-01 00:33:46,17999.600778055446,-1500.9366292519735,51999.6871714314
2026-08-01 00:33:47,17999.934433478804,-1499.939448395157,52000.123381082885
2026-08-01 00:33:48,17998.972837944693,-1500.51393832171,51999.30750272716
2026-08-01 00:33:49,17999.619618879686,-1500.1301542484043,51999.84337368399
2026-08-01 00:33:50,17999.685073415985,-1499.857670820534,51999.408173554555
2026-08-01 00:33:51,18000.112717318858,-1500.074419916272,52000.30228400789
2026-08-01 00:33:52,17999.564078855597,-1499.9947835727785,51999.89905614426
2026-08-01 00:33:53,18000.498800876438,-1500.124858355989,51999.96323528771
2026-08-01 00:33:54,17999.967280593693,-1500.4313667780857,52000.53180454929
2026-08-01 00:33:55,17999.50968689523,-1499.9969528440201,51999.78757286911
2026-08-01 00:33:56,18000.6185935653,-1499.3176847389393,52000.43795365373
2026-08-01 00:33:57,18000.276835662735,-1499.8022285682503,52000.202489769326
2026-08-01 00:33:58,17999.564973473407,-1500.1640952832388,52000.11153412907
2026-08-01 00:33:59,18000.156303759042,-1499.3170422094618,52000.71627444402
2026-08-01 00:34:00,18000.700170295462,-1500.6060693002155,51999.146564374176
2026-08-01 00:34:01,17999.627463877117,-1500.0082805588956,52000.59929247289
2026-08-01 00:34:02,17999.90477330186,-1499.890279500654,51999.77983347675
2026-08-01 00:34:03,18000.041107485857,-1500.1675406264162,52000.01463715543
2026-08-01 00:34:04,17999.847758263066,-1499.6740785316238,51999.89313406642
2026-08-01 00:34:05,18000.613085203982,-1499.9823151783826,52000.65978529877
2026-08-01 00:34:06,18000.20390309677,-1499.9349957619904,52000.07321988605
2026-08-01 00:34:07,17999.70779904007,-1500.296806138392,51999.424890122944
2026-08-01 00:34:08,18000.17447448624,-1499.995962910994,52000.36596133071
2026-08-01 00:34:09,17999.71201974615,-1500.1675388053893,51999.71439392806
2026-08-01 00:34:10,18000.64283816994,-1499.9522589512148,51999.77013924887
2026-08-01 00:34:11,17999.055828676144,-1500.524728731049,51999.84669299847
2026-08-01 00:34:12,17999.444487038192,-1499.230898354561,51999.0631884875
2026-08-01 00:34:13,18000.102218298667,-1499.8021024742973,52000.34556559843
2026-08-01 00:34:14,18000.006890801058,-1499.1766207228482,51999.80902618568
2026-08-01 00:34:15,18000.09014918439,-1499.8581053290245,52000.27993697547
2026-08-01 00:34:16,17999.15836212896,-1499.982166554596,51999.956665106605
2026-08-01 00:34:17,17999.5556340588,-1499.4192696602574,52000.786500357484
2026-08-01 00:34:18,18000.66075608843,-1499.6914240754138,51999.72146908633
2026-08-01 00:34:19,18000.737000927387,-1499.8504226546875,52000.03907862601
2026-08-01 00:34:20,18000.183477609087,-1500.4170862132369,51999.59652942392
2026-08-01 00:34:21,17999.608151069773,-1499.666615244667,52000.47674417024
2026-08-01 00:34:22,18000.341297487448,-1500.2434407678902,51999.93209870448
2026-08-01 00:34:23,17999.698412711958,-1500.1383784690001,51999.66543126573
2026-08-01 00:34:24,17999.758313554546,-1499.8835795858795,52000.06278222939
2026-08-01 00:34:25,17999.717609605876,-1500.0960129007483,52000.37540931769
2026-08-01 00:34:26,17999.49305962008,-1500.9874512888807,52000.37520142599
2026-08-01 00:34:27,17999.684936873004,-1499.962546369449,52000.38346998699
2026-08-01 00:34:28,18000.115966192647,-1500.7157684656831,51999.79480585865
2026-08-01 00:34:29,17999.71462093263,-1499.9985872812115,51999.742287914785
2026-08-01 00:34:30,17999.405874556847,-1499.8189968544953,52001.03360689004
2026-08-01 00:34:31,17999.47926294077,-1500.6316590985277,52000.4715396722
2026-08-01 00:34:32,17999.588853037,-1499.2647597400387,51999.195639715734
2026-08-01 00:34:33,17999.007339660446,-1499.8680929752718,52000.00484505229
2026-08-01 00:34:34,17999.79271011806,-1499.843893532248,52000.10957330027
2026-08-01 00:34:35,17999.337498185632,-1500.1747854763107,51998.53580045628
2026-08-01 00:34:36,18000.547275030203,-1500.1903734845184,52000.72230871764
2026-08-01 00:34:37,18000.29979603441,-1501.142921501859,51999.49962550332
2026-08-01 00:34:38,17999.870526436775,-1500.2969345647023,51999.94382291627
2026-08-01 00:34:39,18000.385918334017,-1500.818861915325,51999.79403201858
2026-08-01 00:34:40,17999.924507123447,-1499.9376284562668,52000.79726346266
2026-08-01 00:34:41,18000.254829686226,-1499.5827534325601,51999.24742872261
2026-08-01 00:34:42,18000.782257502316,-1499.8172590153508,52000.0443153203
2026-08-01 00:34:43,17999.65531495675,-1500.515786700749,52000.18363258677
2026-08-01 00:34:44,17999.48006027085,-1500.568887633942,52000.923241524135
2026-08-01 00:34:45,17999.85191541255,-1501.5119602657528,51999.830786769344
2026-08-01 00:34:46,18000.23252830038,-1500.1693129772752,52000.95667224739
2026-08-01 00:34:47,18000.1905127211,-1500.247145673087,51999.775245371624
2026-08-01 00:34:48,17999.84346206593,-1499.4197515925853,52000.266712126155
2026-08-01 00:34:49,17999.72960084822,-1499.6810472877523,51999.79927634782
2026-08-01 00:34:50,18000.231215544554,-1499.83393394485,51999.79435922069
2026-08-01 00:34:51,18000.089133355686,-1500.3053840130765,51999.827346458245
2026-08-01 00:34:52,17998.971021492445,-1499.565330754914,51999.39254418715
2026-08-01 00:34:53,18000.57327555487,-1499.2428429418176,51999.62173506925
2026-08-01 00:34:54,18000.823286318853,-1500.7589611414246,52000.190823112534
2026-08-01 00:34:55,17999.335038453693,-1499.9680456718222,52000.18705127258
2026-08-01 00:34:56,18000.097797417602,-1499.9141811944316,52000.6684192473
2026-08-01 00:34:57,18000.685344826612,-1499.9621548842633,51999.53598662999
2026-08-01 00:34:58,18000.568924781943,-1500.79073347422,51999.57817842769
2026-08-01 00:34:59,18000.802394149727,-1500.4342464007946,51999.88687992929
2026-08-01 00:35:00,18000.359190862837,-1499.4318745172518,52000.28243952038
2026-08-01 00:35:01,17999.480240374134,-1499.2837563075152,51999.83271455678
2026-08-01 00:35:02,18000.059812402687,-1500.3304229548858,52000.56389147122
2026-08-01 00:35:03,18001.412551804795,-1500.2672437457363,52000.35044996424
2026-08-01 00:35:04,17999.611202617438,-1500.6230794645448,52000.96049401258
2026-08-01 00:35:05,18000.220000689078,-1501.0247476355594,52000.53641193408
2026-08-01 00:35:06,17999.55801131537,-1498.7310498406343,52000.37958733139
2026-08-01 00:35:07,17999.96508447922,-1500.1323358285065,51999.562445975076
2026-08-01 00:35:08,18000.11141261765,-1499.6115289890029,51999.42455497458
2026-08-01 00:35:09,17999.624729315256,-1499.8421959971124,52000.1112492398
2026-08-01 00:35:10,18000.925742421616,-1500.632766905403,52000.61840521109
2026-08-01 00:35:11,17999.52139091808,-1500.2593604559295,52000.21153991379
2026-08-01 00:35:12,17999.732224789248,-1499.8317337237127,51999.61159065361
2026-08-01 00:35:13,18000.213192751336,-1500.4278568020645,51999.40289512827
2026-08-01 00:35:14,17999.294240290776,-1499.7252475179923,52000.26747248158
2026-08-01 00:35:15,17999.779611103702,-1500.38416188319,51999.88955591822
2026-08-01 00:35:16,18000.634408438218,-1499.4626082392697,52000.183381068375
2026-08-01 00:35:17,17999.424762582006,-1499.0282134481076,51999.892826282055
2026-08-01 00:35:18,17999.62907764544,-1499.5790381551294,52000.23316468149
2026-08-01 00:35:19,17999.809276579657,-1500.6335124643172,51999.870977947736
2026-08-01 00:35:20,18000.05472105376,-1499.5284289408646,52000.037949984755
2026-08-01 00:35:21,17999.474682283086,-1500.002557899299,52000.14597205988
2026-08-01 00:35:22,17999.57493220153,-1499.8407355686686,52000.00342831561
2026-08-01 00:35:23,18001.375660804282,-1499.52777295587,52000.31128142265
2026-08-01 00:35:24,18000.437971990086,-1498.963731245288,51999.67913275777
2026-08-01 00:35:25,18000.11512108012,-1499.9685243233816,51999.34311295037
2026-08-01 00:35:26,18000.329135455544,-1499.994246573473,52000.09925732486
2026-08-01 00:35:27,17999.98299829511,-1500.2117915762362,52000.34847475623
2026-08-01 00:35:28,17999.270714495407,-1499.4941878527934,52000.01614507752
2026-08-01 00:35:29,17999.939872377043,-1500.6400193725715,52000.32281083184
2026-08-01 00:35:30,17999.64402252716,-1499.960190006075,52000.1713641937
2026-08-01 00:35:31,17999.81244661845,-1499.4987242127934,51999.843150153785
2026-08-01 00:35:32,18000.389618582252,-1500.110296346662,51999.12445496966
2026-08-01 00:35:33,17999.3469163482,-1500.8023964015276,52000.370354602404
2026-08-01 00:35:34,17999.833060570116,-1500.3059669003953,52000.03847153771
2026-08-01 00:35:35,18000.351871250157,-1500.8436684264452,51999.69110911666
2026-08-01 00:35:36,17999.87183126614,-1499.6793678690217,51999.75485563273
2026-08-01 00:35:37,18000.43696618645,-1500.0986263270247,52000.31977416639
2026-08-01 00:35:38,17999.82080362261,-1500.093104617287,52000.08602223267
2026-08-01 00:35:39,17999.558759643525,-1500.4663629401398,52000.180585028975
2026-08-01 00:35:40,17999.6834028668,-1500.52662118878,51999.490354391324
2026-08-01 00:35:41,18000.279535607206,-1501.0070359905324,51999.760464387015
2026-08-01 00:35:42,17999.075028374613,-1499.438755085688,51999.84248949781
2026-08-01 00:35:43,17999.802588891627,-1499.2999787101373,51999.12740684217
2026-08-01 00:35:44,17999.97113135626,-1500.9822387587212,52000.26570299039
2026-08-01 00:35:45,18000.09706949765,-1499.5110525352,52000.34864221895
2026-08-01 00:35:46,18000.05268941454,-1499.3905030175915,52000.47419321412
2026-08-01 00:35:47,18000.240540782204,-1500.1443301042643,51998.92164870696
2026-08-01 00:35:48,17999.162187127025,-1500.021007780659,52000.898444722035
2026-08-01 00:35:49,17999.39274969065,-1499.8008483253363,52000.24455724791
2026-08-01 00:35:50,18000.78962350492,-1500.2293814316442,52000.10909889374
2026-08-01 00:35:51,17999.84244251073,-1500.105694433378,51999.4647279049
2026-08-01 00:35:52,18000.248855541406,-1500.4061244331692,52000.614293990584
2026-08-01 00:35:53,17999.66181707115,-1499.856010230833,52000.79109706334
2026-08-01 00:35:54,18000.47724426294,-1500.3756379481533,51999.19448306813
2026-08-01 00:35:55,18000.0890802329,-1500.3422346589434,52000.39006540705
2026-08-01 00:35:56,17999.233947385266,-1499.559114225081,51999.965635522494
2026-08-01 00:35:57,17998.92547993298,-1500.8766549136205,52000.13192134514
2026-08-01 00:35:58,17999.94010142307,-1499.6072119713479,52000.370367214884
2026-08-01 00:35:59,17999.938322912014,-1500.4014678421654,52000.05110604308
2026-08-01 00:36:00,17999.803545506886,-1499.8536307708484,51999.726887794284
2026-08-01 00:36:01,17999.344568776385,-1500.0023433562303,51999.031853525375
2026-08-01 00:36:02,17999.499540295637,-1500.4490848029727,52000.649264153704
2026-08-01 00:36:03,17999.778060136578,-1499.2003229761945,51999.72475332201
2026-08-01 00:36:04,18000.63462005135,-1499.9544035747235,52000.086754712305
2026-08-01 00:36:05,17999.91575238726,-1500.6265962490434,52000.534697442905
2026-08-01 00:36:06,18000.85375266987,-1500.4546733479951,52000.80514382115
2026-08-01 00:36:07,17999.88891287626,-1500.0602566178973,51999.67158228025
2026-08-01 00:36:08,18000.61903194123,-1499.316249765245,52000.00163505754
2026-08-01 00:36:09,18000.219815209104,-1499.4303369911547,52000.09322807266
2026-08-01 00:36:10,18000.392280550623,-1500.055851766322,51999.696059456044
2026-08-01 00:36:11,17999.47265540898,-1500.0466891712476,52000.32342852384
2026-08-01 00:36:12,17999.840497902234,-1499.7943505997875,52001.35713221842
2026-08-01 00:36:13,17999.987576695585,-1501.395949080077,51999.10957016953
2026-08-01 00:36:14,17999.202370806408,-1499.0148023673516,52000.9149316048
2026-08-01 00:36:15,17999.49306476756,-1500.475110838765,52000.330794258065
2026-08-01 00:36:16,18000.211009130682,-1500.1237990307218,52000.91147812483
2026-08-01 00:36:17,17999.388852395274,-1499.6005873432161,52000.136991176616
2026-08-01 00:36:18,17999.746672698075,-1499.7354721545819,51999.434349357456
2026-08-01 00:36:19,17999.78150586894,-1500.3715662183897,52000.005751052006
2026-08-01 00:36:20,18000.448514635875,-1500.2871766976632,52000.04413489744
2026-08-01 00:36:21,17999.859187687263,-1500.7632992768708,51999.95341765135
2026-08-01 00:36:22,18000.284647471162,-1500.0420431167495,51999.54250496457
2026-08-01 00:36:23,18000.99348554963,-1500.8672884399298,51999.743379645
2026-08-01 00:36:24,18000.292279216483,-1500.001664781211,52000.0274736704
2026-08-01 00:36:25,17999.926699590043,-1499.8764959001562,51999.37398464109
2026-08-01 00:36:26,17999.68527430111,-1499.8244337723515,51999.458151918225
2026-08-01 00:36:27,18000.369798657044,-1500.2671156188405,52000.0835463056
2026-08-01 00:36:28,17999.014139730814,-1498.9999100140403,52000.07600976024
2026-08-01 00:36:29,17999.212184083157,-1499.651924174841,52000.546371419936
2026-08-01 00:36:30,17999.55265453453,-1499.628847339099,51999.995818210715
2026-08-01 00:36:31,17999.884331047473,-1500.2811215975432,52000.19747378444
2026-08-01 00:36:32,17999.847338736763,-1499.2991742000966,52000.259951512955
2026-08-01 00:36:33,18000.456509493037,-1499.351687127969,51999.8984117911
2026-08-01 00:36:34,17999.055229144735,-1498.7052882977614,52000.144559472516
2026-08-01 00:36:35,17999.58268822838,-1499.6724533296288,52000.69370583376
2026-08-01 00:36:36,17999.378657333596,-1499.3157546995074,51999.639782085935
2026-08-01 00:36:37,18001.092656368593,-1499.5448641967118,51999.476655743005
2026-08-01 00:36:38,17999.805282832785,-1500.3746948523883,51999.86748361515
2026-08-01 00:36:39,18000.217042703724,-1500.438540869878,51999.9323568594
2026-08-01 00:36:40,17998.843421776957,-1499.8042128920592,51998.93672861758
2026-08-01 00:36:41,18000.94887568502,-1500.0435290769656,51999.719071052015
2026-08-01 00:36:42,18000.13944362721,-1500.5343547707078,52000.37802005201
2026-08-01 00:36:43,18001.01185996917,-1500.2178900854421,52000.347125348504
2026-08-01 00:36:44,17999.4086881563,-1499.1812379559028,51999.735237868816
2026-08-01 00:36:45,18000.15763630798,-1500.2480377237189,51999.66879098493
2026-08-01 00:36:46,17999.988366816873,-1499.6669240800636,51999.26880147007
2026-08-01 00:36:47,18000.041775274793,-1499.6073627514345,51999.8063642498
2026-08-01 00:36:48,18000.73522855672,-1500.064543776797,52000.38024475158
2026-08-01 00:36:49,18000.72473749661,-1500.2523379156594,51999.68890140307
2026-08-01 00:36:50,18000.03478981772,-1499.7888909567118,51999.46212005826
2026-08-01 00:36:51,17999.670526278926,-1500.1318346752334,52000.07602814065
2026-08-01 00:36:52,18000.080062362827,-1499.974514001476,52000.26412785741
2026-08-01 00:36:53,18000.021464195153,-1500.1441768134596,51999.79663210989
2026-08-01 00:36:54,17999.62145505985,-1500.106567865819,52000.47334160998
2026-08-01 00:36:55,17999.998718343802,-1500.3504067593374,51999.921551621504
2026-08-01 00:36:56,18000.29926154909,-1499.6031499229741,52000.09662251373
2026-08-01 00:36:57,17999.663966928387,-1499.7052521700164,51999.55060807516
2026-08-01 00:36:58,17999.68934722891,-1500.1291767495761,52000.136262864595
2026-08-01 00:36:59,17999.457834297205,-1500.3029387489253,52000.03621384505
2026-08-01 00:37:00,17999.73666630783,-1500.2142723525142,52000.46420601286
2026-08-01 00:37:01,18000.037460629435,-1500.002505022173,51999.439658186806
2026-08-01 00:37:02,18000.383345731472,-1500.197950480034,51999.896762465854
2026-08-01 00:37:03,17999.99656813781,-1499.8410221694555,52000.271495714056
2026-08-01 00:37:04,17999.619042467282,-1499.3240872818271,51999.51618337717
2026-08-01 00:37:05,17999.585451327406,-1500.5249173616803,52000.37917400068
2026-08-01 00:37:06,18000.024083571458,-1499.2610991222577,51999.6097084028
2026-08-01 00:37:07,17998.849807992527,-1499.9594513840987,52000.70597352629
2026-08-01 00:37:08,17999.244140782244,-1499.448083802921,51999.35221715495
2026-08-01 00:37:09,18000.3520093814,-1499.3378258248645,51999.86234207722
2026-08-01 00:37:10,17999.36971046771,-1499.8511693750083,52000.19132783522
2026-08-01 00:37:11,18000.683928257084,-1499.9641234253588,52000.417188673426
2026-08-01 00:37:12,17999.252515999415,-1499.5855104512398,52000.62248482426
2026-08-01 00:37:13,17999.649392608335,-1499.5357060977858,51999.86227006504
2026-08-01 00:37:14,18000.846259124268,-1501.292199582382,51999.56354137631
2026-08-01 00:37:15,18000.46213952818,-1500.0736943751162,51999.79895976399
2026-08-01 00:37:16,17999.71105076796,-1499.4888595613747,51999.83361635669
2026-08-01 00:37:17,18000.103039606707,-1500.1765861571457,51999.503245078406
2026-08-01 00:37:18,17999.693395440943,-1500.5201122356943,52000.2333316543
2026-08-01 00:37:19,18000.02554142657,-1499.6872972857352,52000.07679287016
2026-08-01 00:37:20,18000.15248264045,-1499.419120810573,51999.84977487233
2026-08-01 00:37:21,18000.952520150877,-1499.9859276033874,52000.036950171794
2026-08-01 00:37:22,18000.174169880756,-1499.1637338391763,52001.090622878706
2026-08-01 00:37:23,17999.364409336187,-1499.2131775213088,52000.361206756
2026-08-01 00:37:24,17999.990430361584,-1499.4764607734614,52001.444959264794
2026-08-01 00:37:25,18000.212267975054,-1499.6125464039421,52000.15519101223
2026-08-01 00:37:26,18000.49719927155,-1499.8628153617599,52000.12287311606
2026-08-01 00:37:27,18000.200628593877,-1499.6632828753013,52000.06704512852
2026-08-01 00:37:28,17999.91994445682,-1500.6629391325318,52000.71705378059
2026-08-01 00:37:29,17999.57072957913,-1500.4482329696261,52000.680607308364
2026-08-01 00:37:30,18001.064254593093,-1500.1686071191098,51999.20257353556
2026-08-01 00:37:31,17999.41174117659,-1499.295574965446,51999.942250965316
2026-08-01 00:37:32,18000.00655927538,-1500.0997715525655,51999.85284541699
2026-08-01 00:37:33,17999.689614091894,-1499.8757989621818,52000.45754220901
2026-08-01 00:37:34,18000.169574549367,-1499.3916592023077,51999.35251180247
2026-08-01 00:37:35,18000.560171519595,-1499.8794834185328,51999.113906719576
2026-08-01 00:37:36,18000.339416189847,-1499.6868702822835,52000.29047328689
2026-08-01 00:37:37,18000.359984654056,-1499.4371311164712,51999.78264372988
2026-08-01 00:37:38,17999.602918929962,-1499.9267336901319,51999.922229520154
2026-08-01 00:37:39,17999.736884407295,-1499.9336093568368,51999.46794246575
2026-08-01 00:37:40,18000.88082963907,-1500.4434554182735,51999.67462881671
2026-08-01 00:37:41,18000.746947871925,-1499.7957220386002,51999.982899529175
2026-08-01 00:37:42,17999.954621323035,-1499.6794954492714,52000.089613785385
2026-08-01 00:37:43,18000.158302993437,-1500.7891553301754,51999.225042087244
2026-08-01 00:37:44,18000.653474242394,-1499.4350954975548,52000.16844356736
2026-08-01 00:37:45,17999.883702485633,-1500.3457899903854,51999.33507455608
2026-08-01 00:37:46,17999.841879608597,-1499.6974649011402,51999.57514896576
2026-08-01 00:37:47,18000.70242415499,-1501.532736422205,51999.706778715816
2026-08-01 00:37:48,17999.61760974818,-1500.46513532228,51999.9863554355
2026-08-01 00:37:49,18000.75680064514,-1500.1665281312237,52000.39747353712
2026-08-01 00:37:50,17999.91984960653,-1499.7917125380143,51999.998220691225
2026-08-01 00:37:51,18000.772787750986,-1500.33761646668,52000.36223832498
2026-08-01 00:37:52,18000.165866199426,-1500.0565484661367,51999.86582370152
2026-08-01 00:37:53,18000.338936418655,-1500.1791968407806,51999.931937531575
2026-08-01 00:37:54,17999.9187685936,-1499.576312928278,52000.32769173471
2026-08-01 00:37:55,17999.8247133452,-1500.3289037744962,51999.968811610604
2026-08-01 00:37:56,18000.755855450556,-1499.3615031698466,52000.364178182026
2026-08-01 00:37:57,17999.803576041057,-1499.5578773666916,52000.517249660894
2026-08-01 00:37:58,18001.340467436956,-1499.4660151444004,52000.40040876481
2026-08-01 00:37:59,17999.486012425627,-1498.846836018471,52000.95060669249
2026-08-01 00:38:00,18000.602114070727,-1499.715934887161,51999.54350250087
2026-08-01 00:38:01,17999.276490477383,-1500.453800455375,51999.82108958844
2026-08-01 00:38:02,17999.159206567627,-1500.1609188795267,51999.79696240198
2026-08-01 00:38:03,18000.119266536174,-1499.5634646518376,52000.22832866757
2026-08-01 00:38:04,17999.65134232687,-1500.0802142512453,51999.962237522814
2026-08-01 00:38:05,18000.487269116205,-1499.4607702288793,51999.945325489556
2026-08-01 00:38:06,17999.17293010178,-1500.2747548207333,51999.046280147755
2026-08-01 00:38:07,18000.397235928605,-1500.2747100706779,52000.740434860345
2026-08-01 00:38:08,17999.78570496497,-1500.738557652473,52000.20326132586
2026-08-01 00:38:09,18000.722967822432,-1499.9028179166314,51998.99566518278
2026-08-01 00:38:10,18000.02736588043,-1499.8035239500173,52000.58671854304
2026-08-01 00:38:11,17999.75782994946,-1499.3966383375976,52000.36152965683
2026-08-01 00:38:12,17999.67871599739,-1498.6801869017856,51999.969181684595
2026-08-01 00:38:13,18000.57252490048,-1499.6607433630188,52000.155405071084
2026-08-01 00:38:14,17999.880757279017,-1500.0806733093366,52000.266652430335
2026-08-01 00:38:15,18000.272031848584,-1499.8284674849292,51999.95906546844
2026-08-01 00:38:16,17999.843681841758,-1499.701904403316,51999.87387477678
2026-08-01 00:38:17,17999.452558227,-1501.43395471346,52000.05875206591
2026-08-01 00:38:18,17999.848873765255,-1499.7385048010824,51999.62077397984
2026-08-01 00:38:19,18000.32284333047,-1499.7032662296717,51998.781161479674
2026-08-01 00:38:20,17998.966643205433,-1499.0721338195567,52000.16313245103
2026-08-01 00:38:21,17999.30743364048,-1500.2027174848363,52000.123466282625
2026-08-01 00:38:22,18000.328380704686,-1499.52922335379,52000.422424042496
2026-08-01 00:38:23,17999.968027556584,-1500.0035544278621,51999.72758445422
2026-08-01 00:38:24,17999.870839614363,-1499.1090799830808,52000.202561312355
2026-08-01 00:38:25,17999.765600522263,-1499.7467195209003,51999.016541119716
2026-08-01 00:38:26,18000.30770659812,-1500.0317214589024,52000.84713209225
2026-08-01 00:38:27,17999.526475767143,-1499.963900185871,51999.96519530408
2026-08-01 00:38:28,17999.864853596617,-1499.4078814492334,51999.62503271714
2026-08-01 00:38:29,18000.21757367611,-1500.6572549189475,51999.730061597256
2026-08-01 00:38:30,17999.654056443545,-1500.3197332880607,51999.76157766257
2026-08-01 00:38:31,17999.92044524004,-1500.357281645752,52000.22944642918
2026-08-01 00:38:32,18001.24852996258,-1500.1317158654829,52000.67739887405
2026-08-01 00:38:33,17999.805317946128,-1500.2936159284134,51998.89327948461
2026-08-01 00:38:34,18000.1652367651,-1500.1648677344801,51999.7820893119
2026-08-01 00:38:35,18000.19747780003,-1499.4185478446793,52000.98343707767
2026-08-01 00:38:36,17999.944923404964,-1499.615901249154,51999.7353967935
2026-08-01 00:38:37,17999.59847935253,-1498.8328990723153,52000.13699313604
2026-08-01 00:38:38,18000.709764375035,-1499.33392609435,52000.985923812135
2026-08-01 00:38:39,18000.037760280582,-1500.3102086132021,52000.4660948196
2026-08-01 00:38:40,17999.79321216411,-1499.1553598501905,51999.89313820968
2026-08-01 00:38:41,17999.882855964563,-1499.8496900615355,52001.020414852035
2026-08-01 00:38:42,17999.849150642218,-1500.2187034989377,51999.92592531261
2026-08-01 00:38:43,17999.434740232056,-1499.9699047663732,52000.589100301695
2026-08-01 00:38:44,18000.689673575558,-1500.6775974750835,51999.26590284317
2026-08-01 00:38:45,18000.036294443875,-1501.1344705667564,52000.5422433517
2026-08-01 00:38:46,17999.407126109883,-1499.60159974648,52000.48702581038
2026-08-01 00:38:47,18000.0928667988,-1500.1481913286398,52000.12616897369
2026-08-01 00:38:48,18000.39758327694,-1499.7817842757722,51999.68697712813
2026-08-01 00:38:49,17999.97273015755,-1500.0688567404513,52000.197968225875
2026-08-01 00:38:50,18000.120784915838,-1500.0058314979667,51999.819535439674
2026-08-01 00:38:51,17998.793238374805,-1499.4990414500076,52000.54909391608
2026-08-01 00:38:52,17999.979789528195,-1500.0938340505515,51999.56010397612
2026-08-01 00:38:53,18000.162088587287,-1500.2184827563228,52001.18862378598
2026-08-01 00:38:54,18000.291423600404,-1500.3562356851057,51999.81551838212
2026-08-01 00:38:55,17999.993617145537,-1499.8815397030146,52000.028001291896
2026-08-01 00:38:56,17999.678652404797,-1499.6371389259084,51999.99655946524
2026-08-01 00:38:57,18000.208566004687,-1500.1599222912253,51999.39069091591
2026-08-01 00:38:58,18000.12146078859,-1499.8855839463847,51999.90401493979
2026-08-01 00:38:59,17999.89498050203,-1500.1058684812406,52000.118274691806
2026-08-01 00:39:00,17999.950816736247,-1500.3577775387112,51999.634435692926
2026-08-01 00:39:01,18000.27805644543,-1500.2041696811941,51999.45028735586
2026-08-01 00:39:02,17999.935063722434,-1500.417448796814,52000.31658427733
2026-08-01 00:39:03,18000.07904558708,-1500.6665514320828,51999.033513524744
2026-08-01 00:39:04,17999.665336895316,-1499.4529833099482,51999.633828560065
2026-08-01 00:39:05,17999.537652183648,-1499.7715959846862,51999.394398829936
2026-08-01 00:39:06,18000.18179744505,-1500.4678104600612,51999.39236390795
2026-08-01 00:39:07,17999.785842699333,-1500.2005377362289,52000.29941423702
2026-08-01 00:39:08,18000.457814002424,-1500.6032794038556,51999.74688470315
2026-08-01 00:39:09,17999.95247519237,-1499.8880237739677,52000.16816992803
2026-08-01 00:39:10,18000.070256084502,-1500.8380957465304,52000.555347991074
2026-08-01 00:39:11,17999.76729395029,-1499.6211766912709,51999.792102399755
2026-08-01 00:39:12,18000.760987036116,-1498.8769921233247,51999.181942024086
2026-08-01 00:39:13,17999.78632059434,-1499.6807680881086,52000.25995259085
2026-08-01 00:39:14,18001.036336990375,-1500.2387809715378,52000.144412237176
2026-08-01 00:39:15,18000.46263309272,-1500.486446245963,51999.62596166771
2026-08-01 00:39:16,18000.00785644809,-1499.7533848750957,52000.85365212149
2026-08-01 00:39:17,18000.61798077552,-1500.613218592261,52000.50374161943
2026-08-01 00:39:18,18000.2569562626,-1499.7725326517343,52000.38296275287
2026-08-01 00:39:19,17999.117215676342,-1500.2590819575257,51999.70264144727
2026-08-01 00:39:20,17999.873273162764,-1500.35593342602,52000.10332289343
2026-08-01 00:39:21,18000.26341862951,-1499.3073569525836,51999.93882113784
2026-08-01 00:39:22,18000.561149612422,-1500.242947771103,51999.746747467114
2026-08-01 00:39:23,17999.686443207385,-1500.0636179192,51999.61790658665
2026-08-01 00:39:24,17999.60691068974,-1500.1211184871884,52000.14548409025
2026-08-01 00:39:25,17999.833262522814,-1500.1725932170662,51999.615479495405
2026-08-01 00:39:26,18000.15843799621,-1499.6928462171413,51999.143208860274
2026-08-01 00:39:27,18000.281407121645,-1500.7232464904043,52000.186606014686
2026-08-01 00:39:28,18000.15725130702,-1500.4856586198346,51999.78596953793
2026-08-01 00:39:29,17999.423461704202,-1500.459357915423,52000.75238844409
2026-08-01 00:39:30,18000.407027880745,-1500.7235798505105,51999.636303593026
2026-08-01 00:39:31,17999.22800177201,-1500.871074335786,52000.139352804115
2026-08-01 00:39:32,18000.299354612922,-1499.763639337559,52000.18687740657
2026-08-01 00:39:33,17999.89254279547,-1500.2102508826329,52000.00360033005
2026-08-01 00:39:34,18000.319327870908,-1499.845550105035,52000.91160279806
2026-08-01 00:39:35,18000.580008588015,-1499.9996074483918,52000.53525243752
2026-08-01 00:39:36,18000.21368985575,-1500.2445323149357,52000.10417009273
2026-08-01 00:39:37,18000.006747356412,-1499.7841978359943,51999.89248944721
2026-08-01 00:39:38,17999.538155287857,-1500.5754102822793,51999.64595850596
2026-08-01 00:39:39,17999.6947902101,-1501.1482782074906,51999.2443730776
2026-08-01 00:39:40,18000.170619296412,-1499.9867141861298,52000.45458215151
2026-08-01 00:39:41,17999.274515826375,-1500.5018529306305,51999.70871554472
2026-08-01 00:39:42,18000.13089087723,-1500.2998215273715,51999.66978468312
2026-08-01 00:39:43,18000.42746181997,-1499.6943620720435,52000.124655966385
2026-08-01 00:39:44,17999.13385706491,-1500.036571681851,51999.64901672403
2026-08-01 00:39:45,18000.533186571443,-1501.0438575090398,52000.32313013861
2026-08-01 00:39:46,17999.01759985771,-1500.300414863516,51999.16033277991
2026-08-01 00:39:47,18000.816238146796,-1500.1849541977424,52000.295573438496
2026-08-01 00:39:48,17999.975286928067,-1500.1601317082527,52000.567638524924
2026-08-01 00:39:49,18000.26813011564,-1499.8805193495082,52000.069500179845
2026-08-01 00:39:50,18000.376117569962,-1500.7287818919808,52000.02122571997
2026-08-01 00:39:51,18000.395809585836,-1499.2881348211747,51999.4926016055
2026-08-01 00:39:52,18000.941763500578,-1499.4006738283879,52000.99451881057
2026-08-01 00:39:53,18000.760052725997,-1500.1991346535733,51999.885413747725
2026-08-01 00:39:54,17999.851900729744,-1500.1226638531627,51999.92513491721
2026-08-01 00:39:55,17999.457451885584,-1500.4493291981576,51999.52913355367
2026-08-01 00:39:56,17999.8867624276,-1499.5893344735896,51999.289382700554
2026-08-01 00:39:57,17999.370686414764,-1500.425654376931,52000.26092787422
2026-08-01 00:39:58,17999.44877420738,-1500.5315014265796,52000.32276631929
2026-08-01 00:39:59,17998.62118656424,-1500.3303911986914,52000.08882407478
2026-08-01 00:40:00,17999.3569146956,-1498.94543797286,52000.64983384701
2026-08-01 00:40:01,18000.150924962923,-1500.7371134265466,52000.11832216283
2026-08-01 00:40:02,17999.17601580997,-1499.0899684236563,51999.60607110105
2026-08-01 00:40:03,18000.487924773748,-1499.8275767365235,52000.221413621424
2026-08-01 00:40:04,18000.00731652969,-1499.6789661683176,52000.28344084109
2026-08-01 00:40:05,18000.405810648528,-1500.3928197454657,52000.96430598019
2026-08-01 00:40:06,17999.664626064136,-1500.2782487215795,52000.15118530912
2026-08-01 00:40:07,17999.83178386055,-1499.9762050774548,52000.24012677951
2026-08-01 00:40:08,17999.643476405083,-1499.027638138172,51999.480106368705
2026-08-01 00:40:09,17999.810345813516,-1500.1112186079217,52000.052377759814
2026-08-01 00:40:10,17998.99826965657,-1499.8357918012894,51999.683466686845
2026-08-01 00:40:11,17999.39501080503,-1499.8439531927247,51999.24201599552
2026-08-01 00:40:12,18000.370561599382,-1500.2515249257901,52000.43709209839
2026-08-01 00:40:13,17999.8439612003,-1499.9190935576896,52000.509833326374
2026-08-01 00:40:14,18000.71526562792,-1499.4403229038376,52000.54778171911
2026-08-01 00:40:15,17999.684851218997,-1499.8231493987953,51999.90868861202
2026-08-01 00:40:16,17998.734996781168,-1500.285269051794,52000.14695533821
2026-08-01 00:40:17,17999.88922007242,-1500.252746061188,51999.674600956794
2026-08-01 00:40:18,18000.43114606532,-1499.5892781333353,51999.52764429307
2026-08-01 00:40:19,18000.270532685194,-1499.4520483305434,51999.62969538896
2026-08-01 00:40:20,17999.59084055984,-1501.3216658302326,52000.50253434746
2026-08-01 00:40:21,18000.645856492305,-1500.3719506508116,51999.800291420375
2026-08-01 00:40:22,18000.012274782304,-1499.7977973169461,52000.23198134572
2026-08-01 00:40:23,18000.032132630906,-1499.7539001147984,52000.21128502506
2026-08-01 00:40:24,17999.31260367128,-1499.5517967678047,51999.41276551424
2026-08-01 00:40:25,18000.42127473827,-1499.3746993826985,51999.95121814281
2026-08-01 00:40:26,18000.105707892642,-1499.9375243330799,51999.65393472366
2026-08-01 00:40:27,17999.498674144288,-1499.3398946196637,52000.23629441866
2026-08-01 00:40:28,17999.55199809577,-1499.2609368886872,52000.844558071985
2026-08-01 00:40:29,18000.56878670511,-1499.640526957979,51999.967359181406
2026-08-01 00:40:30,17999.05685096033,-1499.4953078208214,52000.28677083823
2026-08-01 00:40:31,18000.537997804448,-1500.0677026814656,52000.15749252437
2026-08-01 00:40:32,17999.98167010084,-1499.7432983538044,51999.91701017326
2026-08-01 00:40:33,18000.197576136175,-1500.3915548011028,52000.47973544755
2026-08-01 00:40:34,17999.394388397803,-1500.0480066894709,51999.32627391503
2026-08-01 00:40:35,17999.09798314192,-1501.3201282327236,52000.55567642969
2026-08-01 00:40:36,17999.901940134183,-1499.0670366914862,51998.86434892747
2026-08-01 00:40:37,17998.84382818627,-1499.8413272583339,52000.36500972496
2026-08-01 00:40:38,17999.837738822454,-1499.3005118763604,52000.276051744244
2026-08-01 00:40:39,18000.71699536237,-1499.6623767430729,51998.74994287601
2026-08-01 00:40:40,17999.05703873871,-1500.03669243934,51999.83352937049
2026-08-01 00:40:41,17999.38694241076,-1500.3198371652613,52000.62029764123
2026-08-01 00:40:42,18000.087606276164,-1499.928324416179,51999.35182349375
2026-08-01 00:40:43,18000.708637234173,-1499.456609698984,52000.118839146344
2026-08-01 00:40:44,18000.73837286349,-1500.4656674909022,51999.73863902703
2026-08-01 00:40:45,18000.097505388992,-1500.1067946273497,52000.16975437678
2026-08-01 00:40:46,17999.536994537422,-1501.2238093393412,52000.03017650556
2026-08-01 00:40:47,18000.37698753585,-1500.4838367047187,52000.74003887204
2026-08-01 00:40:48,18000.21492996729,-1499.6342366502467,51999.89488257739
2026-08-01 00:40:49,17999.11988270714,-1500.1094843717942,51998.630472294884
2026-08-01 00:40:50,18000.190667284143,-1500.7055488299327,52000.72723566058
2026-08-01 00:40:51,18000.01226910817,-1500.0383608510372,51999.49225108261
2026-08-01 00:40:52,17999.6066693468,-1499.7074541208267,52000.03229560468
2026-08-01 00:40:53,18000.27969003828,-1500.789727557405,51999.97076792511
2026-08-01 00:40:54,18000.24830406643,-1499.3102161809518,52000.10309967586
2026-08-01 00:40:55,18000.597289579615,-1500.8244930477417,52000.20596457089
2026-08-01 00:40:56,18001.00425134483,-1499.8477240527518,51998.43791782744
2026-08-01 00:40:57,18000.247934628293,-1501.0702748579788,52000.61162113417
2026-08-01 00:40:58,18000.82226904641,-1499.9763666317203,52000.13297515016
2026-08-01 00:40:59,17999.500631143474,-1500.3924121535192,52001.09980487491
2026-08-01 00:41:00,18001.050633260416,-1498.5352056438908,51999.981350569695
2026-08-01 00:41:01,18000.045697391255,-1499.5294062824587,52000.51881464086
2026-08-01 00:41:02,18000.008510777887,-1500.3134525417593,52000.4330809218
2026-08-01 00:41:03,17999.576037748648,-1499.951175662224,52000.39410828217
2026-08-01 00:41:04,17999.553187991663,-1499.342486018842,51999.99836320604
2026-08-01 00:41:05,17999.716784990316,-1499.988747208466,51999.4329571844
2026-08-01 00:41:06,18000.083971087388,-1499.801746497844,52000.382995593776
2026-08-01 00:41:07,17999.303543720856,-1500.4613524117158,52000.28606176924
2026-08-01 00:41:08,17999.756004576568,-1500.2015904791444,52000.447306765556
2026-08-01 00:41:09,17999.243192263904,-1500.2344388190972,51999.86751812163
2026-08-01 00:41:10,17999.660931599858,-1499.8805048826448,52000.778274857264
2026-08-01 00:41:11,17999.953538976584,-1500.37511857666,51999.89832256975
2026-08-01 00:41:12,18000.67727278287,-1499.7107990041907,52000.42983130659
2026-08-01 00:41:13,18000.042115596894,-1499.751768730002,52000.51161946421
2026-08-01 00:41:14,18000.779925882052,-1500.439875692324,52000.09151583967
2026-08-01 00:41:15,18000.258579899943,-1501.0410411112287,52000.67002634808
2026-08-01 00:41:16,17999.595089327726,-1499.2401205341737,52000.38629812242
2026-08-01 00:41:17,18000.20634332129,-1500.3155892016123,51999.37189913686
2026-08-01 00:41:18,17998.74500217604,-1500.0185872185864,52000.51277917802
2026-08-01 00:41:19,18000.644584641104,-1499.0254769355622,51999.96299069256
2026-08-01 00:41:20,17999.971781559165,-1499.3688301206043,52001.426214830644
2026-08-01 00:41:21,18000.860516427216,-1499.8515316618611,51999.59395757051
2026-08-01 00:41:22,18000.207241709257,-1501.209417821828,52001.12830906915
2026-08-01 00:41:23,18001.349777844487,-1500.331471810163,51999.84226189971
2026-08-01 00:41:24,18000.09761242176,-1500.0272199054798,52000.393407802956
2026-08-01 00:41:25,17999.697942742605,-1499.626426158516,51999.052116483
2026-08-01 00:41:26,18000.06218596284,-1500.0477291364757,52000.40179618658
2026-08-01 00:41:27,17999.327249771493,-1500.3775669688632,52000.17309558217
2026-08-01 00:41:28,18001.171620916357,-1501.3837673111154,51999.99838277696
2026-08-01 00:41:29,18000.09709193357,-1499.8364992399152,52000.47010359576
2026-08-01 00:41:30,18000.239773159596,-1500.2142985653884,51998.962483697156
2026-08-01 00:41:31,18000.50577819721,-1499.4705796369728,51999.98763053271
2026-08-01 00:41:32,18000.967643209562,-1499.3047149759348,52000.20152384369
2026-08-01 00:41:33,17999.91010541393,-1500.990443228283,52000.03348038176
2026-08-01 00:41:34,18000.300629349487,-1500.120152612257,52000.03944403056
2026-08-01 00:41:35,18000.012640870398,-1500.1805432817337,51999.110471110085
2026-08-01 00:41:36,18000.294256239336,-1501.2362067346203,52000.5518639762
2026-08-01 00:41:37,18000.29694730271,-1500.1599380703938,52000.009170794605
2026-08-01 00:41:38,18000.738652250282,-1499.4925663495865,51999.87980440546
2026-08-01 00:41:39,18000.408706958257,-1500.4063804298107,51999.56021533022
2026-08-01 00:41:40,17999.785715893457,-1499.4808895670526,52000.47786392624
2026-08-01 00:41:41,17999.652006424283,-1499.1558823836976,51999.706544604305
2026-08-01 00:41:42,18000.027456442724,-1500.4268222358337,51999.23152572613
2026-08-01 00:41:43,17999.852640508616,-1499.2716912642063,52001.2487929123
2026-08-01 00:41:44,17999.97723612128,-1500.3101889426907,51999.32003394943
2026-08-01 00:41:45,17999.66959546929,-1499.3557701193924,52000.43299191835
2026-08-01 00:41:46,18000.06305903572,-1500.3446971479605,52000.081361955046
2026-08-01 00:41:47,17999.36773603875,-1501.1411985549507,51999.906585791665
2026-08-01 00:41:48,18000.571072087005,-1499.588810941338,51999.36976482182
2026-08-01 00:41:49,17999.67879476973,-1499.7646385389482,52000.12996996045
2026-08-01 00:41:50,17999.138591185383,-1499.987245816541,51999.14903589146
2026-08-01 00:41:51,17999.23787161248,-1499.6476498100953,52000.30260442385
2026-08-01 00:41:52,17999.6402106963,-1500.0102092078546,51999.03877047965
2026-08-01 00:41:53,17999.335961148157,-1499.8199505053058,52000.20128535656
2026-08-01 00:41:54,17999.590117735377,-1499.911319281908,52000.26104595705
2026-08-01 00:41:55,17999.90467822261,-1499.7335674005858,52000.14000534062
2026-08-01 00:41:56,18000.107457138227,-1499.814018327923,52000.99958837888
2026-08-01 00:41:57,18000.671120902898,-1499.9304715216977,51999.719237561345
2026-08-01 00:41:58,18000.12557254948,-1500.009887616142,52000.173002273405
2026-08-01 00:41:59,17999.976156303524,-1499.4936347003324,52000.4150016246
2026-08-01 00:42:00,18000.04266958666,-1500.3162150361488,51999.95296153244
2026-08-01 00:42:01,18000.298012258827,-1500.071186361117,52000.818784848765
2026-08-01 00:42:02,18000.04110909776,-1500.8436767207013,51999.4726974821
2026-08-01 00:42:03,18000.12733761272,-1499.905189040346,51999.46709877503
2026-08-01 00:42:04,18000.04520715269,-1500.6269937220343,52000.814737427805
2026-08-01 00:42:05,18000.254660946975,-1499.345336637359,51999.326205775316
2026-08-01 00:42:06,18000.19686200823,-1500.162508900285,52000.473452071376
2026-08-01 00:42:07,18000.248022627162,-1500.104668415599,52000.2637153896
2026-08-01 00:42:08,17999.659710050622,-1500.4392078201029,51999.5593769732
2026-08-01 00:42:09,18000.144991936486,-1500.5350966618523,51999.31351422957
2026-08-01 00:42:10,17999.838946516185,-1499.4873157870186,51999.752462362965
2026-08-01 00:42:11,17998.707825951253,-1499.09192918043,52000.734406647054
2026-08-01 00:42:12,17999.783271831227,-1500.327604594439,52000.34708907491
2026-08-01 00:42:13,17999.095918479343,-1500.2266339719768,52000.025620016764
2026-08-01 00:42:14,18000.636192020276,-1499.5810042578644,51999.842752350356
2026-08-01 00:42:15,18000.066764798947,-1500.4152375511403,51999.933700946
2026-08-01 00:42:16,18000.366103207336,-1500.1261592951141,52000.30393038964
2026-08-01 00:42:17,17999.801545350492,-1500.1896077622177,52000.093265779884
2026-08-01 00:42:18,17998.9304633904,-1500.5688038847145,51999.60046578301
2026-08-01 00:42:19,18000.131940488085,-1500.1264847603447,51999.86163898708
2026-08-01 00:42:20,17999.72113927967,-1499.6849180741804,52000.387264899015
2026-08-01 00:42:21,17999.55057362036,-1500.355041856167,52000.77663872882
2026-08-01 00:42:22,17999.631773656714,-1498.9918932452404,52000.650835901666
2026-08-01 00:42:23,18000.307621906533,-1500.1650954317465,52001.76380898195
2026-08-01 00:42:24,17999.68898903116,-1499.2248590593706,51999.985643302745
2026-08-01 00:42:25,17999.7602300472,-1500.0128371785363,51999.67437115364
2026-08-01 00:42:26,17999.88744549749,-1499.9520080656223,51999.37671235081
2026-08-01 00:42:27,17999.83987273394,-1499.7408888190923,51999.6850378632
2026-08-01 00:42:28,17999.08731425978,-1500.0035525412684,51999.78282136144
2026-08-01 00:42:29,17999.728341409547,-1500.9527039201764,52000.36400992707
2026-08-01 00:42:30,18000.29624353915,-1499.867839380442,51999.52110440462
2026-08-01 00:42:31,18000.490812670098,-1500.0067007965297,52000.15492701883
2026-08-01 00:42:32,18000.258413338543,-1500.4678085801656,52000.23827115587
2026-08-01 00:42:33,18000.11693882198,-1499.8557679734338,51999.88034274136
2026-08-01 00:42:34,17999.785102041773,-1499.7772813159377,51999.92420365121
2026-08-01 00:42:35,18000.497218156568,-1499.694521109408,51999.37448647697
2026-08-01 00:42:36,17999.961288361694,-1500.4315871649433,51999.29233183848
2026-08-01 00:42:37,18000.02157943895,-1500.3961962827248,51999.68121173772
2026-08-01 00:42:38,18000.684968123085,-1500.0894213692843,52000.29108936561
2026-08-01 00:42:39,17999.414837686596,-1500.2162423664056,51999.889314385146
2026-08-01 00:42:40,17999.990897940344,-1500.6616727545445,52000.78596262108
2026-08-01 00:42:41,18000.044924109272,-1499.7786897418814,51999.902776194736
2026-08-01 00:42:42,17999.958971125845,-1499.863328571276,52000.3028781234
2026-08-01 00:42:43,18000.05865233261,-1499.8454083107667,52000.72996000848
2026-08-01 00:42:44,17999.808007270258,-1498.7095942598562,51999.770829365094
2026-08-01 00:42:45,17999.80427640028,-1500.4454386866241,52000.05065875871
2026-08-01 00:42:46,17998.89458378102,-1499.2319419391433,51999.670238907616
2026-08-01 00:42:47,17999.518015933198,-1500.525672541231,52000.3301254012
2026-08-01 00:42:48,18000.538761577463,-1500.3791263944022,52000.15713782996
2026-08-01 00:42:49,18000.092288074633,-1500.028054017748,52000.185188559844
2026-08-01 00:42:50,18000.610644110347,-1498.8974408445358,52000.14199720258
2026-08-01 00:42:51,18000.028992001582,-1500.5121522338773,51999.816341247606
2026-08-01 00:42:52,17999.33162251112,-1499.3696431777837,51999.36023559083
2026-08-01 00:42:53,17999.795832492284,-1499.4905583216344,52000.110567119904
2026-08-01 00:42:54,17998.98252900701,-1500.7595886106978,52000.1528980789
2026-08-01 00:42:55,17998.802531342324,-1500.2281728316532,51999.77877465441
2026-08-01 00:42:56,17999.698922155287,-1500.5315699999119,52000.16543135139
2026-08-01 00:42:57,17999.837988681396,-1500.857344689262,52000.336761274775
2026-08-01 00:42:58,18000.126638249207,-1499.6900575487962,51999.6508194714
2026-08-01 00:42:59,17998.97267493576,-1499.7182776824018,51999.49783501498
2026-08-01 00:43:00,18000.69144257719,-1499.908851700577,52000.482863178055
2026-08-01 00:43:01,17999.773367150083,-1499.5419701311541,52000.10069934002
2026-08-01 00:43:02,17999.99125103337,-1500.8995622176176,52000.46449435813
2026-08-01 00:43:03,17999.443017354053,-1500.5636891176623,52000.20185931146
2026-08-01 00:43:04,18000.437869747755,-1500.3022275424705,52000.184327427145
2026-08-01 00:43:05,18000.205837213416,-1499.480627880554,52000.011072767295
2026-08-01 00:43:06,18000.362859573583,-1499.3951418084196,51999.89859414545
2026-08-01 00:43:07,17999.91859214012,-1499.8414334674196,52001.0286815182
2026-08-01 00:43:08,18000.489390559364,-1499.8044725179975,52000.66531885669
2026-08-01 00:43:09,17999.654354808026,-1500.8833006649563,52000.507245194196
2026-08-01 00:43:10,17999.799426083566,-1498.9014160164952,52000.57362966879
2026-08-01 00:43:11,18000.270013354995,-1500.210415491912,51999.5085022955
2026-08-01 00:43:12,18000.23664401938,-1500.6488474797172,52000.50340358819
2026-08-01 00:43:13,18000.764761128296,-1499.5060595904743,52000.053923237385
2026-08-01 00:43:14,18000.25586293316,-1498.536302925763,51998.9999934362
2026-08-01 00:43:15,18000.376598534705,-1499.8929705653406,52000.56073273218
2026-08-01 00:43:16,17999.921345084185,-1499.5910233010602,52000.47701709089
2026-08-01 00:43:17,17999.831253420285,-1499.760444608004,52000.63051459725
2026-08-01 00:43:18,17999.857962965812,-1500.2554269033433,52000.436445623825
2026-08-01 00:43:19,18000.75462063594,-1500.2045312465254,51999.79437886824
2026-08-01 00:43:20,17999.90029857713,-1499.7380947711913,52000.53349876232
2026-08-01 00:43:21,18000.798196266325,-1499.4175335027655,51999.00104289995
2026-08-01 00:43:22,17999.145231239454,-1500.2675244732338,52000.224545388104
2026-08-01 00:43:23,18000.125456752066,-1500.700351032855,52000.41846294802
2026-08-01 00:43:24,18000.031899961818,-1499.8373545747072,52001.41337064222
2026-08-01 00:43:25,17999.756201536937,-1499.2954487340064,52000.482250410874
2026-08-01 00:43:26,18000.44164715247,-1499.0898025379522,51999.61334667147
2026-08-01 00:43:27,18000.958611724633,-1499.9077288311457,51999.89599805788
2026-08-01 00:43:28,18000.455134426753,-1499.1966722824889,52000.54390425602
2026-08-01 00:43:29,18000.896544541556,-1499.4042215210934,52000.27917177404
2026-08-01 00:43:30,17999.35083745252,-1499.209108640676,51999.812354548325
2026-08-01 00:43:31,18000.13526417765,-1499.6230973849695,51999.742915340794
2026-08-01 00:43:32,18000.157945925446,-1499.450195408817,52000.16025989052
2026-08-01 00:43:33,17999.715799715646,-1500.3466702962141,51999.31841207239
2026-08-01 00:43:34,18000.741258296963,-1500.4168715026924,52000.52379878214
2026-08-01 00:43:35,18000.13461150058,-1500.5398210989608,51999.882223533816
2026-08-01 00:43:36,17999.53742866765,-1499.417951497105,51999.39086407065
2026-08-01 00:43:37,17999.092461063065,-1499.2801541021342,52000.53576267921
2026-08-01 00:43:38,18000.96669545067,-1500.0817237977158,52000.655056339965
2026-08-01 00:43:39,18000.27714942775,-1500.291275990005,52000.03316734276
2026-08-01 00:43:40,17999.861743458765,-1500.2063236143501,52000.323765249814
2026-08-01 00:43:41,18000.2798101845,-1499.4384857170585,52000.23069474419
2026-08-01 00:43:42,17999.701971100905,-1500.3075061138904,51999.19954829566
2026-08-01 00:43:43,17999.743021720362,-1499.7306738600862,51999.77500957529
2026-08-01 00:43:44,17999.122969361422,-1499.3072974551233,52001.138701132506
2026-08-01 00:43:45,18000.086236244068,-1499.294685396721,51999.38720756475
2026-08-01 00:43:46,17999.413166409264,-1499.7010399576113,52000.11629071494
2026-08-01 00:43:47,18000.492985954916,-1498.531191202673,51999.74214621782
2026-08-01 00:43:48,17999.675026069075,-1500.1176386060588,51999.461035891
2026-08-01 00:43:49,18000.343449625972,-1499.8682221919128,51999.698340495204
2026-08-01 00:43:50,17999.890986298964,-1499.7696509704256,52000.30865411463
2026-08-01 00:43:51,18000.14414891603,-1500.1984799793056,52000.43886528063
2026-08-01 00:43:52,17999.53054839181,-1499.6846123489759,51999.911361015926
2026-08-01 00:43:53,18000.31308255748,-1499.8311057272385,52000.15436753862
2026-08-01 00:43:54,17999.226529279782,-1499.5461858318215,52000.381007054166
2026-08-01 00:43:55,17999.476030809274,-1499.657227860239,51998.280948129264
2026-08-01 00:43:56,18000.134078554453,-1499.642916750105,52000.20032392716
2026-08-01 00:43:57,18000.412713753343,-1499.302050991908,51999.780090654975
2026-08-01 00:43:58,18000.23239744455,-1500.3516630208921,52000.34065092675
2026-08-01 00:43:59,17999.757100969284,-1500.1485473984778,52000.708422917065
2026-08-01 00:44:00,18000.022444586557,-1499.9723103928106,52000.33581310291
2026-08-01 00:44:01,18000.165639491006,-1499.979455648,51999.31726943867
2026-08-01 00:44:02,18000.256324059545,-1499.2955625205489,52000.183462663954
2026-08-01 00:44:03,17999.656498696997,-1500.4948438880979,51999.60435378755
2026-08-01 00:44:04,17999.233244476764,-1499.8095446786522,52000.610404984334
2026-08-01 00:44:05,18000.571116088908,-1499.921798130373,52000.10425287895
2026-08-01 00:44:06,17999.730289923304,-1500.5803700460574,51999.523686195374
2026-08-01 00:44:07,17999.97083873489,-1499.1330756018924,51999.75177246345
2026-08-01 00:44:08,17999.40525158571,-1500.8845132491704,52000.69608699293
2026-08-01 00:44:09,17999.412675196134,-1499.6098041968569,51999.386363767604
2026-08-01 00:44:10,17999.769842297985,-1500.8533119429496,51999.38774008362
2026-08-01 00:44:11,18000.54722109281,-1500.0719636852593,52000.1638809243
2026-08-01 00:44:12,17999.881253685497,-1500.8960014852826,52000.14790605799
2026-08-01 00:44:13,17998.80717435534,-1500.8342078292992,52000.399382252726
2026-08-01 00:44:14,17999.921759846773,-1500.2364146052741,51999.987451072804
2026-08-01 00:44:15,17999.935653768916,-1500.3806225241738,51999.97386759321
2026-08-01 00:44:16,18000.754037777668,-1500.603595623087,52001.4577488529
2026-08-01 00:44:17,18000.206816610258,-1500.4008504831486,52000.75510823476
2026-08-01 00:44:18,17999.623738904218,-1500.551779339468,51999.653662758166
2026-08-01 00:44:19,17999.995983397956,-1500.7068272195775,51999.36964080183
2026-08-01 00:44:20,17999.31492476463,-1499.606828862591,51999.32841522349
2026-08-01 00:44:21,17999.688711559596,-1500.8904367294874,52000.64778751479
2026-08-01 00:44:22,18000.117174370334,-1499.9545678088311,52000.012120825304
2026-08-01 00:44:23,18000.142678505905,-1499.08048814889,52000.080893835635
2026-08-01 00:44:24,18000.033648961016,-1500.296061348625,51999.51342271318
2026-08-01 00:44:25,17999.94957184563,-1500.3508667061228,52000.55078969321
2026-08-01 00:44:26,17999.688802040826,-1499.5572257559995,51999.05701310034
2026-08-01 00:44:27,17999.766956369847,-1499.8410278585204,52000.67281048752
2026-08-01 00:44:28,18000.18657756387,-1500.9071006498916,52000.227921489
2026-08-01 00:44:29,18000.45514045231,-1500.6282137431467,51999.82024768838
2026-08-01 00:44:30,18000.43639696905,-1499.329403447534,51999.89681040489
2026-08-01 00:44:31,18000.169376086862,-1499.0292913348726,51999.274514099285
2026-08-01 00:44:32,18000.783612231353,-1499.7231546507312,52000.17934378922
2026-08-01 00:44:33,17999.786179449064,-1499.941308206071,51999.761139484974
2026-08-01 00:44:34,17999.72723132339,-1499.6144668562865,51999.33136465685
2026-08-01 00:44:35,17999.731954532923,-1499.6341770198358,51999.991638759886
2026-08-01 00:44:36,17999.656915779215,-1499.6532588024147,52000.70333364883
2026-08-01 00:44:37,18000.701248798832,-1500.2756268517742,51999.40825098828
2026-08-01 00:44:38,18000.200586630046,-1500.3843448876792,51999.88971867959
2026-08-01 00:44:39,18000.33054230814,-1500.300941055157,52000.19045316236
2026-08-01 00:44:40,18000.543981737672,-1499.7357051966028,51999.59158653605
2026-08-01 00:44:41,18000.098746089432,-1500.0419978451694,51999.10450749466
2026-08-01 00:44:42,17999.841327812344,-1500.477449963573,52000.29534745411
2026-08-01 00:44:43,18000.157682053225,-1500.340215216472,52000.532614687676
2026-08-01 00:44:44,18000.624547528325,-1499.3858692059162,52000.523812214706
2026-08-01 00:44:45,18000.713534590745,-1499.5921127161835,52001.03420898291
2026-08-01 00:44:46,17998.89423905156,-1499.0352875834963,51999.76052105402
2026-08-01 00:44:47,17999.707900649202,-1499.975086096708,52000.531175976554
2026-08-01 00:44:48,18000.213289373205,-1499.65384729477,51998.96060313217
2026-08-01 00:44:49,18001.316353656708,-1500.0312591288878,52000.46936443736
2026-08-01 00:44:50,17999.518431694178,-1500.1890726894,52000.54636847731
2026-08-01 00:44:51,18000.736648965845,-1499.250074854659,52000.45339295454
2026-08-01 00:44:52,17999.947769123086,-1500.704765249513,51999.64678308225
2026-08-01 00:44:53,18000.058786980597,-1500.1555679592873,51999.196709416145
2026-08-01 00:44:54,17999.935425627184,-1500.9313860559198,51999.20536533065
2026-08-01 00:44:55,18000.51332009527,-1500.2954410299833,51999.818715240865
2026-08-01 00:44:56,18000.60995766747,-1499.818271224351,51999.224964674635
2026-08-01 00:44:57,17999.70058816143,-1500.2328603441904,51999.781090421464
2026-08-01 00:44:58,18000.74740736813,-1500.094943189094,51999.70486150184
2026-08-01 00:44:59,17999.388443696454,-1500.1250488635342,52000.1459898201
2026-08-01 00:45:00,18000.400193792706,-1499.168121716096,51999.686247382146
2026-08-01 00:45:01,17999.39567046906,-1499.8187180717105,52000.23120994496
2026-08-01 00:45:02,17998.892914784923,-1500.8018868012227,52000.629037629384
2026-08-01 00:45:03,18000.45786567831,-1500.2079110037048,51998.83425982369
2026-08-01 00:45:04,18000.374854150436,-1500.2805328982397,51999.56313447219
2026-08-01 00:45:05,17999.457641172794,-1499.9064504813534,52000.196449058465
2026-08-01 00:45:06,18001.015200082336,-1500.2376413010452,51999.22841468568
2026-08-01 00:45:07,17999.892315885427,-1499.925187187313,51999.91250175819
2026-08-01 00:45:08,18000.163575028037,-1500.4429278701314,52000.29071734564
2026-08-01 00:45:09,17999.02664340654,-1499.9756171485371,51999.40470293188
2026-08-01 00:45:10,18000.5683786536,-1500.4238025040856,51999.40766369147
2026-08-01 00:45:11,18000.01593648258,-1499.0979419706,51999.403882592196
2026-08-01 00:45:12,18000.075134722138,-1500.166857574394,52000.16696018476
2026-08-01 00:45:13,18000.37575045646,-1500.6583026447634,52000.07764759812
2026-08-01 00:45:14,18000.675847556326,-1500.5000538268998,51999.89197246626
2026-08-01 00:45:15,18000.029336663938,-1500.3910770452699,51999.94660598973
2026-08-01 00:45:16,18000.40911563586,-1499.8831531752521,51999.62839447278
2026-08-01 00:45:17,17999.647455565875,-1499.4927570435661,51999.96974164137
2026-08-01 00:45:18,18000.279178445657,-1499.9259600012354,52000.085386572544
2026-08-01 00:45:19,17999.831445354444,-1499.4650004547534,52000.48079417163
2026-08-01 00:45:20,17999.429679655765,-1499.8122640573301,51999.37493629397
2026-08-01 00:45:21,18000.641639428683,-1500.913109587664,51999.37483402595
2026-08-01 00:45:22,18000.3412373923,-1500.661108020342,51999.19662231848
2026-08-01 00:45:23,17998.7029783865,-1500.0791720513946,52000.89642661785
2026-08-01 00:45:24,17999.90839230798,-1500.3586857926591,51999.66054370043
2026-08-01 00:45:25,18000.73164021537,-1500.120303780096,52000.10411266334
2026-08-01 00:45:26,17999.404635761657,-1500.206227640732,52000.435661828014
2026-08-01 00:45:27,17999.812947992352,-1500.2040456272127,51999.92987206743
2026-08-01 00:45:28,17999.881256869503,-1499.6648527140285,51999.827998876615
2026-08-01 00:45:29,17999.636311481125,-1500.2211352597012,51999.878739904394
2026-08-01 00:45:30,17999.656610638882,-1500.0347701964938,51999.40488841332
2026-08-01 00:45:31,17999.840328246726,-1500.012324119461,51999.76970253517
2026-08-01 00:45:32,17999.329541858682,-1499.768095162311,51999.71552496012
2026-08-01 00:45:33,18000.733335514524,-1499.76505079725,51999.08377171776
2026-08-01 00:45:34,18000.4983774664,-1498.9156736768414,51999.738272571696
2026-08-01 00:45:35,18001.008535737798,-1500.155368454649,52000.05199165415
2026-08-01 00:45:36,18000.120268333823,-1500.7434775897118,51999.32086366451
2026-08-01 00:45:37,18000.00921237092,-1499.9232886919929,52000.400023059454
2026-08-01 00:45:38,17999.78538568726,-1499.943580266268,51999.43046255845
2026-08-01 00:45:39,18000.253265805557,-1500.1323553454768,52000.85526105504
2026-08-01 00:45:40,17999.811477497333,-1500.191857852272,51999.21409488698
2026-08-01 00:45:41,18000.147671474584,-1501.0283713651795,52000.66294316548
2026-08-01 00:45:42,17999.728235625153,-1499.9061704408841,52000.53158926653
2026-08-01 00:45:43,18000.564303873514,-1500.6444739183669,51999.94112065336
2026-08-01 00:45:44,18000.22419455806,-1499.9758727512349,51999.94603714846
2026-08-01 00:45:45,18000.188538767343,-1498.784284323085,52000.86575965301
2026-08-01 00:45:46,18000.38012148462,-1500.2963530594225,51999.91284805043
2026-08-01 00:45:47,18000.346613392783,-1499.4661508566041,52000.28894382858
2026-08-01 00:45:48,17999.474822262975,-1500.5784538103783,52000.49451852793
2026-08-01 00:45:49,17999.547428772334,-1500.1223402428716,52000.616861013994
2026-08-01 00:45:50,17999.362793870692,-1500.2003934636084,52000.20268119631
2026-08-01 00:45:51,17999.21779857072,-1500.3744066142149,52000.61984863162
2026-08-01 00:45:52,18000.11181100818,-1500.448680275958,51999.79094384695
2026-08-01 00:45:53,18000.268700329736,-1499.8819152563335,51999.717995593535
2026-08-01 00:45:54,17999.845892680554,-1500.1659003569903,51999.98130506386
2026-08-01 00:45:55,18000.053109745182,-1499.7958994498388,52000.159140651886
2026-08-01 00:45:56,18000.31889243818,-1499.0301410027485,52000.053807972465
2026-08-01 00:45:57,17999.99006673703,-1500.5970071780857,51999.93825033126
2026-08-01 00:45:58,17999.87213213994,-1500.3660822068332,51999.75880620421
2026-08-01 00:45:59,17999.886701466552,-1499.6499437599825,51999.24685624582
2026-08-01 00:46:00,18000.459356609255,-1500.0031369293881,52000.48044385169
2026-08-01 00:46:01,17999.827185043698,-1501.2379725026994,51999.47050263612
2026-08-01 00:46:02,18000.13980877248,-1500.4996716635846,52000.11019909804
2026-08-01 00:46:03,17999.981552799123,-1499.7957935952331,51999.072508271594
2026-08-01 00:46:04,17999.864652927892,-1499.8988975473087,51999.85440246974
2026-08-01 00:46:05,18000.267673011396,-1500.0152458483478,52000.38404692073
2026-08-01 00:46:06,18000.80766537292,-1499.9350958816842,51999.68952743528
2026-08-01 00:46:07,18000.307957052522,-1499.468037738001,52000.0095514637
2026-08-01 00:46:08,18000.178164720866,-1499.7342512746557,52000.33433098874
2026-08-01 00:46:09,17999.90083908431,-1499.989189377454,52000.43035135869
2026-08-01 00:46:10,18000.79986929219,-1499.1299161576194,51999.1961732638
2026-08-01 00:46:11,18001.1556354359,-1500.7340187939603,51999.90060827897
2026-08-01 00:46:12,17999.85440267549,-1500.5850917283033,52000.25582499451
2026-08-01 00:46:13,17999.168667472048,-1499.851439084269,51999.79304025521
2026-08-01 00:46:14,18000.858108520366,-1500.6597900556758,52000.38106940439
2026-08-01 00:46:15,17999.685436873733,-1499.1642329630874,52000.88598067893
2026-08-01 00:46:16,17999.850072847894,-1498.7302699752067,52000.710004315115
2026-08-01 00:46:17,17999.641143664412,-1499.6794816530528,52000.10057735686
2026-08-01 00:46:18,17999.549795800303,-1499.4773042868978,51999.94413634151
2026-08-01 00:46:19,18000.723629943044,-1500.159163383924,51999.95250876416
2026-08-01 00:46:20,17999.769477287224,-1499.5111127867226,51999.66874599341
2026-08-01 00:46:21,18000.043222819273,-1500.110446959942,51999.446467561356
2026-08-01 00:46:22,18000.11378010184,-1500.1077139820811,52000.3851501504
2026-08-01 00:46:23,18000.95363236149,-1499.8821290473943,51999.78229617426
2026-08-01 00:46:24,18000.37316419778,-1500.5463100318361,51999.9707332939
2026-08-01 00:46:25,18000.027518818486,-1500.0457326421813,52000.14190582197
2026-08-01 00:46:26,18001.073123575257,-1500.2090700092315,52000.126568761814
2026-08-01 00:46:27,17999.42413783524,-1500.24032787285,52000.04085333303
2026-08-01 00:46:28,18000.326594439706,-1500.4511868572818,51999.80480156953
2026-08-01 00:46:29,18000.010759856956,-1499.8668091477214,51999.99566053877
2026-08-01 00:46:30,17999.99089613847,-1499.9638635095416,52000.46196732226
2026-08-01 00:46:31,17999.968005425086,-1500.0333820996395,51999.308286560874
2026-08-01 00:46:32,18000.009598820434,-1499.6044984848902,51999.465076379674
2026-08-01 00:46:33,18000.232290316013,-1500.5836921557825,52000.231400854995
2026-08-01 00:46:34,17999.460485089032,-1499.7798872229228,52000.500701745244
2026-08-01 00:46:35,17999.716227591485,-1500.5971518030096,51999.556814771444
2026-08-01 00:46:36,17999.816952537905,-1500.2213402823913,52000.12811705802
2026-08-01 00:46:37,17999.960370075787,-1500.1755953505742,52000.6613234047
2026-08-01 00:46:38,17999.71454097532,-1499.8667493262744,51999.87419527771
2026-08-01 00:46:39,17999.93827498478,-1500.2866572169407,51998.9576327664
2026-08-01 00:46:40,17999.302087710144,-1499.6607555933122,52000.06635236651
2026-08-01 00:46:41,18000.335801763795,-1499.829194744059,51999.981471888095
2026-08-01 00:46:42,18000.026733247312,-1499.7531594620486,51999.61333265071
2026-08-01 00:46:43,17999.28513529234,-1500.5885956666962,51999.308428190954
2026-08-01 00:46:44,18001.03425510185,-1499.4849006355853,51999.57261323296
2026-08-01 00:46:45,17999.255203031626,-1500.6274869246968,52000.447414680064
2026-08-01 00:46:46,18000.257530533312,-1500.2989216645103,51999.45929136702
2026-08-01 00:46:47,17999.685437336353,-1499.9251342394648,51999.214891229494
2026-08-01 00:46:48,17999.152747092397,-1499.906394299795,51999.75008640478
2026-08-01 00:46:49,18000.200324939397,-1499.7804006873293,52001.140241073124
2026-08-01 00:46:50,17999.8529090913,-1499.9494578854926,51999.66403375325
2026-08-01 00:46:51,18000.09704304158,-1500.6201456216816,51999.33933012105
2026-08-01 00:46:52,17999.932426333962,-1500.1313823328596,52000.22051850344
2026-08-01 00:46:53,18000.2787251407,-1499.7331192228685,51999.26186058482
2026-08-01 00:46:54,17999.78187082726,-1499.769586802414,51999.64160377052
2026-08-01 00:46:55,18000.26527914086,-1500.835491358084,52000.110336177466
2026-08-01 00:46:56,18000.07751004086,-1499.6778896486928,52000.62956668866
2026-08-01 00:46:57,17999.165957099645,-1500.3999814492436,52000.00392128749
2026-08-01 00:46:58,18000.419143636398,-1499.991984961104,52000.17702359618
2026-08-01 00:46:59,17999.898052980727,-1499.7378634695358,52000.25813871499
2026-08-01 00:47:00,18000.363542953404,-1500.4941688489157,51999.926773326304
2026-08-01 00:47:01,18000.5521289575,-1499.8796990955884,51999.33755390708
2026-08-01 00:47:02,17999.00574195789,-1499.9294122910717,52000.07852401001
2026-08-01 00:47:03,18000.081735239386,-1499.4907148657055,51999.310128632686
2026-08-01 00:47:04,17999.858489618277,-1500.3866347314527,52000.40208514763
2026-08-01 00:47:05,17999.28575162689,-1500.2519310421962,52001.00197128213
2026-08-01 00:47:06,18000.87485800026,-1499.2996446945754,52000.125888037874
2026-08-01 00:47:07,17999.626071733397,-1499.2943851794826,51999.861558553646
2026-08-01 00:47:08,17999.86829809416,-1500.169678941139,52000.53637702811
2026-08-01 00:47:09,18000.25722512606,-1500.0673897909444,51999.89840883147
2026-08-01 00:47:10,18000.184650071536,-1499.795272898966,52000.197023145214
2026-08-01 00:47:11,17999.622259171974,-1499.6456938306812,52000.170795363214
2026-08-01 00:47:12,18000.94519990154,-1500.5830671663985,51999.14226727428
2026-08-01 00:47:13,18001.35581065171,-1500.252384168606,52000.105968138836
2026-08-01 00:47:14,17998.932324343652,-1499.8587358540062,51999.44748815504
2026-08-01 00:47:15,17999.82500674228,-1500.6803933498159,52001.41020740417
2026-08-01 00:47:16,18000.02300256015,-1500.2791996534713,51999.87491838489
2026-08-01 00:47:17,17999.84502544042,-1500.2333770629248,52000.41680523594
2026-08-01 00:47:18,18000.70223712525,-1500.4107662364572,51999.55560181858
2026-08-01 00:47:19,18000.670743543986,-1500.3880359820878,52000.886251364565
2026-08-01 00:47:20,17999.83464428272,-1499.9920272540571,52000.39188277742
2026-08-01 00:47:21,17999.832752843657,-1499.9323298141849,52000.01786019233
2026-08-01 00:47:22,17999.966670862912,-1499.063095437369,51999.37060684746
2026-08-01 00:47:23,17999.36107919727,-1499.8106632429403,51999.878715138155
2026-08-01 00:47:24,18000.03386027983,-1499.7148469704384,51999.01204070089
2026-08-01 00:47:25,18000.799506770385,-1500.4568446150324,52000.20690786031
2026-08-01 00:47:26,17999.353308657923,-1499.5143463783713,51999.74254493233
2026-08-01 00:47:27,18000.112354895726,-1499.7912947147656,52000.02633423652
2026-08-01 00:47:28,18000.676381798286,-1500.3142433494197,51999.140581437154
2026-08-01 00:47:29,17999.71393227693,-1500.6711887558495,51999.51622251745
2026-08-01 00:47:30,17999.70760797216,-1499.9114363358997,52000.201110287424
2026-08-01 00:47:31,18000.465152110184,-1499.8926255598603,52000.23630450037
2026-08-01 00:47:32,17999.670087670613,-1500.3224997809202,52000.33675443487
2026-08-01 00:47:33,17999.814109129038,-1499.9247530078699,51999.460372323505
2026-08-01 00:47:34,18000.292843160943,-1498.8945307710796,52000.56048605791
2026-08-01 00:47:35,18001.098200638713,-1499.9518686930408,51999.54397190522
2026-08-01 00:47:36,17999.57249742696,-1499.503714430526,52000.28760372216
2026-08-01 00:47:37,18000.023801361745,-1499.979403823267,52000.3098215538
2026-08-01 00:47:38,17999.256048028157,-1498.822940451102,52001.264171215276
2026-08-01 00:47:39,17999.76799241226,-1499.120015033468,51999.64199924256
2026-08-01 00:47:40,18000.187933532678,-1500.1147685095339,52000.20102215221
2026-08-01 00:47:41,17998.933307337786,-1499.7431948973808,51999.56433311765
2026-08-01 00:47:42,17999.521469814375,-1499.6570007424505,52000.5041394202
2026-08-01 00:47:43,18000.00513659537,-1500.870015496999,52000.95280610762
2026-08-01 00:47:44,17999.774645191246,-1499.7075978385956,51999.23008985083
2026-08-01 00:47:45,17999.906230461063,-1500.9999082142083,52000.452968103644
2026-08-01 00:47:46,18000.237427497104,-1500.0277815114691,51999.95229521115
2026-08-01 00:47:47,17999.48552823868,-1499.7259789700609,51999.99482376816
2026-08-01 00:47:48,18000.451850708174,-1499.8094255512585,51999.58291860089
2026-08-01 00:47:49,18000.532360966667,-1500.4281605684607,51999.820065776774
2026-08-01 00:47:50,18000.46213876282,-1500.0302038521058,51999.834050981495
2026-08-01 00:47:51,18000.056168205218,-1498.972563421445,52000.15583762802
2026-08-01 00:47:52,18000.135906533655,-1499.3309903520474,51999.78809812153
2026-08-01 00:47:53,18000.390678697764,-1500.248977965476,51999.94759721687
2026-08-01 00:47:54,17999.469626900525,-1500.4681631223773,52000.37388163094
2026-08-01 00:47:55,18000.07118416724,-1499.9130884253948,52000.715708678435
2026-08-01 00:47:56,18000.081901006437,-1500.3844544187143,52000.149226630274
2026-08-01 00:47:57,18000.014516018335,-1498.831391526817,51999.519290187505
2026-08-01 00:47:58,18000.034842812714,-1499.7709130591395,52000.35676852838
2026-08-01 00:47:59,17999.797884822,-1499.782746280407,51999.69898717674
2026-08-01 00:48:00,17999.93437271461,-1499.91458640251,52000.4502436867
2026-08-01 00:48:01,17999.487065217352,-1500.1033649919007,52000.18900148277
2026-08-01 00:48:02,17999.280478266657,-1500.052952606463,51999.70162559164
2026-08-01 00:48:03,18000.11885349648,-1499.1939624528877,52000.05167039193
2026-08-01 00:48:04,17999.490481055025,-1500.1362550687315,52000.515267322415
2026-08-01 00:48:05,18000.40892788592,-1500.090520345091,52000.455302199945
2026-08-01 00:48:06,18000.074352480493,-1499.715020260079,52000.0464659616
2026-08-01 00:48:07,18000.828693945798,-1499.8763205199175,52000.8346152181
2026-08-01 00:48:08,17999.620826636517,-1500.7479152442,52000.177873214394
2026-08-01 00:48:09,17999.637685396763,-1499.5782757446027,51999.5929302224
2026-08-01 00:48:10,17999.62954432474,-1500.33364695089,52000.04089735753
2026-08-01 00:48:11,18000.400398358637,-1500.2443959312727,51999.40076593196
2026-08-01 00:48:12,18000.628487556532,-1499.6040579613552,51999.7515822724
2026-08-01 00:48:13,18000.075412089667,-1499.7266014173817,51999.645863510785
2026-08-01 00:48:14,17999.368800592227,-1499.2842555705276,51999.692963818845
2026-08-01 00:48:15,17999.803042053616,-1499.2502856892395,52000.23069529753
2026-08-01 00:48:16,18000.31888709884,-1500.7087647653811,51999.998223694376
2026-08-01 00:48:17,18000.850750335067,-1499.1569171753326,51999.57378390476
2026-08-01 00:48:18,18001.507952943997,-1500.1061327432164,51999.122258346375
2026-08-01 00:48:19,18000.214326635058,-1500.0327103001744,52000.66336768123
2026-08-01 00:48:20,17999.80305837184,-1500.4333345719613,51999.59356137561
2026-08-01 00:48:21,18000.061805238493,-1499.886114268618,52000.33255071023
2026-08-01 00:48:22,18000.54278887636,-1500.2855768598556,52000.24084302097
2026-08-01 00:48:23,17999.97057680902,-1500.0460950255485,51999.86288325855
2026-08-01 00:48:24,18001.306773162174,-1500.9377693000408,52000.074327312206
2026-08-01 00:48:25,17999.933049829342,-1500.5472106015188,52000.421135121156
2026-08-01 00:48:26,18000.123962839156,-1499.2623154910675,52000.17679241331
2026-08-01 00:48:27,18001.150477179603,-1499.766680844739,51999.46657607032
2026-08-01 00:48:28,17999.660046546698,-1501.117216574496,51999.69858216355
2026-08-01 00:48:29,17999.90427886047,-1499.0719995002441,52000.295770367826
2026-08-01 00:48:30,17999.7955289178,-1500.902471533942,51999.81688933226
2026-08-01 00:48:31,17999.328938786304,-1500.0889457314443,51999.50246118868
2026-08-01 00:48:32,17999.83894249608,-1499.8195067593476,52000.50580452652
2026-08-01 00:48:33,18000.43316981481,-1498.8581103861711,51999.26422815261
2026-08-01 00:48:34,18000.68536475147,-1498.9692077409322,51999.92716310704
2026-08-01 00:48:35,17999.525569710197,-1499.3363520844762,51999.79427207091
2026-08-01 00:48:36,18000.020612103337,-1500.124419052061,52000.24746655662
2026-08-01 00:48:37,18000.220714789913,-1500.823948877212,52000.84596060802
2026-08-01 00:48:38,18000.039662810985,-1499.1009187228124,51999.69451314423
2026-08-01 00:48:39,17999.94970597884,-1500.3379363584286,51999.36259221964
2026-08-01 00:48:40,17999.981246958818,-1500.789264874644,52000.384614790695
2026-08-01 00:48:41,18000.013185799507,-1499.5719315425474,52001.18024688665
2026-08-01 00:48:42,17999.334658240572,-1499.8477869845092,51999.7215457791
2026-08-01 00:48:43,18001.063528279483,-1499.8887984387954,51999.98652297381
2026-08-01 00:48:44,17999.64484962143,-1500.2388673722567,51999.35063082907
2026-08-01 00:48:45,18000.686159651137,-1500.8090378628926,52000.39852739904
2026-08-01 00:48:46,18000.257803979515,-1499.7630311746389,51999.49650717613
2026-08-01 00:48:47,18000.128229309787,-1500.814436648048,51999.30670178183
2026-08-01 00:48:48,17999.820085794738,-1499.501093592474,52000.267513192346
2026-08-01 00:48:49,18000.153107013888,-1499.6432000070793,52000.40381899105
2026-08-01 00:48:50,17999.785556389983,-1499.9625332379069,51999.402857590925
2026-08-01 00:48:51,17999.671292340186,-1500.0640528760487,51999.74321691133
2026-08-01 00:48:52,17999.81839904219,-1499.5530531033999,51999.836604405646
2026-08-01 00:48:53,17999.842220199193,-1499.6827545056121,52000.51728672018
2026-08-01 00:48:54,17999.329574268228,-1500.1513766470578,52000.42007273961
2026-08-01 00:48:55,18000.558056879934,-1499.1711318404168,52000.64565541749
2026-08-01 00:48:56,17999.644046502115,-1500.5317573966997,52000.073146771865
2026-08-01 00:48:57,18000.381286929885,-1499.1177596297016,51999.87286236225
2026-08-01 00:48:58,18000.19045951226,-1499.5554660302537,52000.34399742159
2026-08-01 00:48:59,17999.313474407787,-1499.7530954870447,51999.945632951705
2026-08-01 00:49:00,17999.932839344536,-1499.9862559244154,52000.55921238121
2026-08-01 00:49:01,17999.87729781798,-1500.7088547002747,51999.56541438159
2026-08-01 00:49:02,18000.137794568087,-1500.4986601612375,52000.44570487831
2026-08-01 00:49:03,17999.996768566223,-1500.1904913974681,51999.321875975285
2026-08-01 00:49:04,17999.159469332746,-1500.025996307773,52000.05803349928
2026-08-01 00:49:05,18000.119126782505,-1499.4038988398142,52000.03891363624
2026-08-01 00:49:06,18000.328511319563,-1500.1464657611714,51999.655512134545
2026-08-01 00:49:07,18000.225180897283,-1499.0738933503917,52000.82598082553
2026-08-01 00:49:08,18000.186145751595,-1499.5039008817134,52000.73222044627
2026-08-01 00:49:09,17999.79335834919,-1500.414720336326,51999.98637343995
2026-08-01 00:49:10,18000.101294617245,-1501.1064712666223,52000.20843390207
2026-08-01 00:49:11,17999.181016026312,-1500.0828337240757,52000.2575613235
2026-08-01 00:49:12,18000.686646521328,-1500.4996805636924,51999.92496505823
2026-08-01 00:49:13,18000.41197347298,-1500.6052485560251,51999.6174296347
2026-08-01 00:49:14,18000.47307482488,-1500.2386049410024,52000.63747652668
2026-08-01 00:49:15,17999.646660506995,-1499.4288232740569,52000.7799581782
2026-08-01 00:49:16,18000.50674836921,-1499.287957121924,52000.65377360773
2026-08-01 00:49:17,18000.152997190682,-1500.6951120708636,51999.705409224865
2026-08-01 00:49:18,17999.91846975049,-1500.026761880068,52000.45647858023
2026-08-01 00:49:19,18000.305236879773,-1499.2634285325648,52000.79635446222
2026-08-01 00:49:20,18000.31759493552,-1499.9015432812996,51999.61790766706
2026-08-01 00:49:21,18000.239659848878,-1500.5249194239868,52000.470105960056
2026-08-01 00:49:22,18000.186763262758,-1500.215241541254,52000.271762599834
2026-08-01 00:49:23,17999.68986320828,-1499.637944286148,51999.57010302306
2026-08-01 00:49:24,18000.265477558118,-1500.1709919964587,51999.894430616834
2026-08-01 00:49:25,17999.834825004717,-1500.301447563803,51999.90670814671
2026-08-01 00:49:26,18000.43734424801,-1500.315755536213,52000.191961373035
2026-08-01 00:49:27,17999.41422456931,-1500.909685238742,51999.79875067105
2026-08-01 00:49:28,17999.61515132767,-1500.3088180495229,52000.068542974484
2026-08-01 00:49:29,17999.915351547632,-1500.5304697146642,52000.2814777435
2026-08-01 00:49:30,17999.245120069267,-1499.5485802288706,52000.42059238215
2026-08-01 00:49:31,17998.81871865435,-1500.315561942306,51999.67554431981
2026-08-01 00:49:32,18000.98762692166,-1500.2735976864262,51999.24077083324
2026-08-01 00:49:33,17999.966351881132,-1500.4505204291365,51999.35148126349
2026-08-01 00:49:34,18000.330619139197,-1499.7765232680074,52000.02491777295
2026-08-01 00:49:35,18000.367931960765,-1498.8874995358399,51999.56942328096
2026-08-01 00:49:36,18000.31312851418,-1500.0265859504748,52000.896153728725
2026-08-01 00:49:37,18000.444440383195,-1499.7035990487277,52000.08086141705
2026-08-01 00:49:38,18000.292458705553,-1499.1827561343005,51999.28104441544
2026-08-01 00:49:39,17999.528440156184,-1499.3052719882903,52000.4854091355
2026-08-01 00:49:40,17999.29947877078,-1500.0472041581456,52000.20458686972
2026-08-01 00:49:41,17999.50683816911,-1499.863165623356,51999.39722202926
2026-08-01 00:49:42,17999.506104672677,-1500.1997988212293,52000.394302018874
2026-08-01 00:49:43,18000.97236867974,-1499.3377117290374,51999.56056132043
2026-08-01 00:49:44,17999.885363615096,-1499.8654656165154,51999.67146245809
2026-08-01 00:49:45,17999.5079346386,-1500.1213803086189,52000.31449289155
2026-08-01 00:49:46,18001.14757193626,-1499.8845682409187,51999.83557942453
2026-08-01 00:49:47,17999.409722489323,-1499.8553320438937,51999.805936844496
2026-08-01 00:49:48,18000.3712906139,-1500.44459215646,51999.85337934506
2026-08-01 00:49:49,18000.22893831402,-1500.426971845188,51999.51797355286
2026-08-01 00:49:50,17999.404689495586,-1499.94328882429,52001.14857425618
2026-08-01 00:49:51,18000.34298587421,-1499.4153329753663,52000.06705839508
2026-08-01 00:49:52,18001.053286884147,-1501.17350797343,51999.94783256131
2026-08-01 00:49:53,17999.660166162423,-1499.4930141907832,51999.76382511659
2026-08-01 00:49:54,17998.815797658546,-1500.1126959288617,51999.64080793224
2026-08-01 00:49:55,18000.812375875736,-1499.3889804990488,52000.46422079843
2026-08-01 00:49:56,18000.962826336003,-1500.392645263836,51999.410408751915
2026-08-01 00:49:57,18000.50149716784,-1500.3995165318977,51999.924291103875
2026-08-01 00:49:58,18000.278802031142,-1499.7200671917858,51999.72167987075
2026-08-01 00:49:59,18000.004974939737,-1500.2817848161612,52000.56722380502
2026-08-01 00:50:00,17999.695524502742,-1499.7992642583108,52000.276354278125
2026-08-01 00:50:01,18001.30535228222,-1500.2961043599937,51999.752878143336
2026-08-01 00:50:02,18000.666501124975,-1500.509591891655,52000.65150536748
2026-08-01 00:50:03,18000.364398650443,-1500.6797472007215,52000.826428666056
2026-08-01 00:50:04,18000.45150673499,-1500.2950478585308,51999.95805338188
2026-08-01 00:50:05,17999.91032942526,-1500.0252672135582,52000.74580301964
2026-08-01 00:50:06,18000.180370774535,-1499.8698554894936,52000.00616003973
2026-08-01 00:50:07,17999.712706292325,-1499.8648592193865,52000.16417609952
2026-08-01 00:50:08,17999.292190191674,-1499.9839150426662,52000.13154846335
2026-08-01 00:50:09,18000.617006683984,-1500.0432299139982,51999.94746303809
2026-08-01 00:50:10,17999.93928061451,-1500.4920107454152,52000.07733495235
2026-08-01 00:50:11,18000.097436536118,-1500.4567524214813,51999.92164507838
2026-08-01 00:50:12,17999.40288012089,-1499.56495738521,52000.19659399305
2026-08-01 00:50:13,17999.692249633288,-1499.540890247633,51999.98658029643
2026-08-01 00:50:14,17999.663695203402,-1500.151078546929,51999.87746103365
2026-08-01 00:50:15,17999.63954497126,-1499.8742333683076,51999.89683126445
2026-08-01 00:50:16,18000.200878653122,-1501.003635479057,52000.693242772075
2026-08-01 00:50:17,18000.300020069528,-1499.9963509993943,51999.683859311226
2026-08-01 00:50:18,18000.269153807843,-1500.1302717110607,52000.111087025754
2026-08-01 00:50:19,17998.943701986966,-1499.358824471505,51999.40431504113
2026-08-01 00:50:20,17999.811710175014,-1500.217540869071,52000.13692381472
2026-08-01 00:50:21,17999.982598326536,-1500.2920495266667,51999.45333254915
2026-08-01 00:50:22,18000.451742467274,-1499.438759581026,51999.279487422486
2026-08-01 00:50:23,18000.61683787195,-1500.1271556300858,52000.29715806739
2026-08-01 00:50:24,18000.018234799558,-1500.2261969251078,51999.8086531357
2026-08-01 00:50:25,18000.29675318792,-1499.5385499125734,52000.06633516035
2026-08-01 00:50:26,17999.702540932572,-1500.443367829192,52000.59744706476
2026-08-01 00:50:27,17999.670892918544,-1499.4260488539212,51999.38480557516
2026-08-01 00:50:28,18000.80031769782,-1499.7314024642155,51999.78978175343
2026-08-01 00:50:29,17998.861597140964,-1500.2443433773235,52000.04781668177
2026-08-01 00:50:30,17999.624777709487,-1499.9198012819031,52000.77927766085
2026-08-01 00:50:31,18000.283001691092,-1500.136306416425,52000.03706644028
2026-08-01 00:50:32,18000.34612457911,-1499.928378393785,51999.72293272861
2026-08-01 00:50:33,17999.269764903016,-1499.4110807521886,51999.5561074844
2026-08-01 00:50:34,18000.344615353762,-1498.6492838366373,52000.026382727985
2026-08-01 00:50:35,17999.8402864026,-1499.7373354875415,51999.99120575157
2026-08-01 00:50:36,18000.477961285298,-1500.582034147133,51999.074520245515
2026-08-01 00:50:37,17999.579600845536,-1501.2371362357267,51998.562626945124
2026-08-01 00:50:38,17999.99537128513,-1500.2522911494727,52000.37345482704
2026-08-01 00:50:39,18000.288131947465,-1499.5774868138712,51999.51199659902
2026-08-01 00:50:40,18000.027048495256,-1499.8373006704396,51999.99051307545
2026-08-01 00:50:41,18000.117116359233,-1500.0832387546468,51999.758019713445
2026-08-01 00:50:42,17999.826345061356,-1500.3199764364563,51999.88690133708
2026-08-01 00:50:43,18000.1032622025,-1500.0599735190244,52000.737720910416
2026-08-01 00:50:44,18000.042396821755,-1500.6941654125083,51999.64193537563
2026-08-01 00:50:45,17999.640438766488,-1499.4849487957292,51999.56360893576
2026-08-01 00:50:46,18000.641389857094,-1500.0739513510446,51999.027602409915
2026-08-01 00:50:47,18000.23157660668,-1500.1346089591657,51999.735873646154
2026-08-01 00:50:48,17999.915039217627,-1498.9186263789852,52000.11299471715
2026-08-01 00:50:49,18000.405837825598,-1499.6079546464134,52000.56245017507
2026-08-01 00:50:50,17999.55567613196,-1500.2332612029288,52000.544662019514
2026-08-01 00:50:51,18000.60630460629,-1499.8791603660195,52000.4374696256
2026-08-01 00:50:52,18000.00520008403,-1500.1857354696288,51999.92142897035
2026-08-01 00:50:53,18000.573642412834,-1499.7818503726128,51999.780690486885
2026-08-01 00:50:54,18000.05111357442,-1500.5059323710384,52000.88598098828
2026-08-01 00:50:55,17999.75954163321,-1500.0496431209224,51999.332430224145
2026-08-01 00:50:56,18000.350284210224,-1501.1093343846146,51999.93753027213
2026-08-01 00:50:57,17999.105614351014,-1500.3898793577146,52000.14742178149
2026-08-01 00:50:58,18000.60395097904,-1499.9502480843355,51999.426669773864
2026-08-01 00:50:59,17999.693124736852,-1499.878087661558,51999.94987344472
2026-08-01 00:51:00,18000.654790232406,-1499.9527425630113,52000.4076907325
2026-08-01 00:51:01,17999.864067150953,-1499.539908256114,52000.11152190583
2026-08-01 00:51:02,17999.64134589428,-1499.693994669968,52000.30572382819
2026-08-01 00:51:03,17999.737596998948,-1499.7243407978501,52000.199600039814
2026-08-01 00:51:04,18000.32668520961,-1499.5043082791483,51999.663686748
2026-08-01 00:51:05,17999.623367329987,-1499.7528467183374,52000.49198039412
2026-08-01 00:51:06,17999.348324283554,-1500.2797424350235,52000.32738814454
2026-08-01 00:51:07,18000.27890675841,-1500.007567471365,52000.567214026465
2026-08-01 00:51:08,18000.41010781344,-1500.1881921975773,52000.141127406285
2026-08-01 00:51:09,17999.758797214887,-1498.531652677983,51999.67661775811
2026-08-01 00:51:10,18000.152937354196,-1500.119323019143,52000.180273035745
2026-08-01 00:51:11,18000.168431330254,-1499.4983645375983,52000.556028721694
2026-08-01 00:51:12,18000.00062366456,-1500.0829206181834,51999.794848708254
2026-08-01 00:51:13,17999.97398420313,-1499.8121104564068,52000.12562816256
2026-08-01 00:51:14,18000.00126733128,-1499.7081586695595,52000.4097677302
2026-08-01 00:51:15,18000.054234536616,-1499.5459587595897,52000.459712496246
2026-08-01 00:51:16,17999.777119483824,-1500.4419635977035,51999.76709045941
2026-08-01 00:51:17,17999.51195665916,-1499.4129046025337,52000.14856149773
2026-08-01 00:51:18,18000.690979913084,-1500.0825775338071,51999.666642894495
2026-08-01 00:51:19,17999.38137994424,-1500.4375736414693,51999.60739758244
2026-08-01 00:51:20,17999.945588690294,-1500.565280376216,51999.26069920963
2026-08-01 00:51:21,18000.28607770416,-1499.1497387234622,52000.66651866872
2026-08-01 00:51:22,17999.8940809491,-1500.2573215423076,51999.59473065707
2026-08-01 00:51:23,18000.68778235227,-1499.029908029245,51999.882784219306
2026-08-01 00:51:24,17999.692406510443,-1499.786113318469,52000.791815285025
2026-08-01 00:51:25,17999.930971490136,-1500.6407548679836,52000.13620381796
2026-08-01 00:51:26,17999.923116077145,-1501.1623213082594,52000.18345851579
2026-08-01 00:51:27,18000.21216496237,-1500.3381633809563,51999.66145022945
2026-08-01 00:51:28,17999.498927467594,-1500.177216229584,52000.532046816516
2026-08-01 00:51:29,17999.856212161132,-1499.571380209416,52000.22193149625
2026-08-01 00:51:30,17999.09247346189,-1500.259482477037,51999.76155443835
2026-08-01 00:51:31,17999.882843359574,-1499.0898213092848,52000.33592627976
2026-08-01 00:51:32,18000.29176535469,-1499.7548985206452,52000.09838734454
2026-08-01 00:51:33,18000.322708002328,-1499.842856585365,52000.21841780768
2026-08-01 00:51:34,17999.068998152816,-1499.9299012342944,51999.392853067206
2026-08-01 00:51:35,18000.093344223507,-1500.7755922264218,51999.12745548865
2026-08-01 00:51:36,17999.838196294015,-1499.9393737317794,51999.91891011055
2026-08-01 00:51:37,17999.130047094623,-1500.3133710752454,51999.83924872031
2026-08-01 00:51:38,18000.34072410756,-1499.9676906726877,52000.14113165885
2026-08-01 00:51:39,18000.30391399992,-1500.6700127717006,51999.20984201291
2026-08-01 00:51:40,17999.885691685075,-1499.8088083092923,51999.73020615007
2026-08-01 00:51:41,18000.158940306006,-1500.0660329538005,51999.14858541103
2026-08-01 00:51:42,17999.392866590773,-1500.0236119891208,52000.964595984275
2026-08-01 00:51:43,17999.84150275682,-1500.8953969929332,51999.716600955944
2026-08-01 00:51:44,18000.336844090576,-1500.1248443082316,51999.96223986044
2026-08-01 00:51:45,17999.480314807253,-1500.2288245252194,51999.487695372016
2026-08-01 00:51:46,18000.049385757997,-1499.9618913744835,52000.366785568316
2026-08-01 00:51:47,17999.447038267695,-1500.0023223251344,51999.16003310066
2026-08-01 00:51:48,17999.9117735411,-1500.0749331919671,51999.652853325206
2026-08-01 00:51:49,18000.340228197998,-1498.8390988907645,51999.475159202855
2026-08-01 00:51:50,18000.14857246776,-1500.19981370453,52000.933910938395
2026-08-01 00:51:51,17999.868264243847,-1500.6796681933088,52000.35189558138
2026-08-01 00:51:52,18000.31404207578,-1499.0518190405874,51999.40149541757
2026-08-01 00:51:53,17998.845527481517,-1498.961291988445,51999.639086199655
2026-08-01 00:51:54,17999.91738541573,-1500.6776967803157,52000.02903481732
2026-08-01 00:51:55,18000.402982269996,-1499.8571673602487,51999.82756708148
2026-08-01 00:51:56,17999.562361424596,-1500.062696337434,51999.91070705763
2026-08-01 00:51:57,17999.53142198073,-1499.4465249160587,51999.54711466568
2026-08-01 00:51:58,18000.183895174847,-1499.6347091437317,51999.80227344305
2026-08-01 00:51:59,17999.93771929681,-1500.5822154781506,51999.9184874703
2026-08-01 00:52:00,17999.929564714337,-1499.6175103397495,51999.735361876024
2026-08-01 00:52:01,17999.637083261532,-1500.3354257792384,52000.394880055006
2026-08-01 00:52:02,18000.71386049999,-1499.948839364561,52000.23296952416
2026-08-01 00:52:03,17999.586283103203,-1500.3980260460812,51999.50367590432
2026-08-01 00:52:04,17999.773329732452,-1499.6447965013954,51999.96077117395
2026-08-01 00:52:05,18001.03352708941,-1500.3103040952897,51999.58196598003
2026-08-01 00:52:06,17999.818914180054,-1500.3216750681627,52000.26131292985
2026-08-01 00:52:07,17999.384057328778,-1500.3572076259406,52000.222689549046
2026-08-01 00:52:08,17999.912608692077,-1499.493280942091,52000.896854339066
2026-08-01 00:52:09,17999.754253166102,-1500.9270807706416,52000.16109890204
2026-08-01 00:52:10,17999.91492444439,-1500.1367999353738,51999.68114427537
2026-08-01 00:52:11,17999.710617897108,-1500.0364182798473,51999.334684909256
2026-08-01 00:52:12,18000.039732576275,-1500.1033201910755,51999.7340997212
2026-08-01 00:52:13,18000.618931260422,-1499.8063347139885,52000.469421284775
2026-08-01 00:52:14,18000.01054621297,-1499.6310344421534,51999.95253913829
2026-08-01 00:52:15,17999.724835821904,-1500.4581251251911,51999.69717375542
2026-08-01 00:52:16,18000.344110330632,-1500.400163484958,52000.85461942875
2026-08-01 00:52:17,17999.448123495084,-1499.3167219461075,52001.18211836821
2026-08-01 00:52:18,17999.196647799803,-1500.201791409337,52000.25145277498
2026-08-01 00:52:19,18000.852000286563,-1499.8172137301576,51999.48584525963
2026-08-01 00:52:20,18000.81297716501,-1500.7145021081783,52000.16481700244
2026-08-01 00:52:21,18000.192662130095,-1500.2067939523695,52000.0162680161
2026-08-01 00:52:22,17999.904563020587,-1499.3413364814926,52001.14330450457
2026-08-01 00:52:23,18000.061519594874,-1499.9099752310208,52000.21350821019
2026-08-01 00:52:24,17999.715542919406,-1500.2787162955553,51999.34582459864
2026-08-01 00:52:25,18000.43760973644,-1500.5711768853173,52000.75304340872
2026-08-01 00:52:26,17999.931635430796,-1500.5389908842355,51999.86698249102
2026-08-01 00:52:27,18000.035312375872,-1500.0919366959217,51999.65302281994
2026-08-01 00:52:28,17999.454050487166,-1499.5628035187951,51999.693995790156
2026-08-01 00:52:29,18000.274819379698,-1499.5397846423098,51999.388104009195
2026-08-01 00:52:30,18000.579474959737,-1499.3446564206952,51999.99798173225
2026-08-01 00:52:31,18000.316315672513,-1499.7443742868506,52000.04248983597
2026-08-01 00:52:32,17999.500837181513,-1499.8638292578642,51999.99904816655
2026-08-01 00:52:33,17999.948377996792,-1500.8201130516711,51999.21305739216
2026-08-01 00:52:34,18000.31650800933,-1500.2186653391327,52000.30272421563
2026-08-01 00:52:35,18000.06257333734,-1499.6452156470027,52001.17806873467
2026-08-01 00:52:36,18000.533357560435,-1499.192474976149,51999.813256212925
2026-08-01 00:52:37,18000.24818754364,-1499.1895895474584,52000.04153003774
2026-08-01 00:52:38,17999.845632458033,-1500.4223207274376,51999.61645044663
2026-08-01 00:52:39,17999.83372398548,-1499.5307700944993,52000.34695513415
2026-08-01 00:52:40,17999.777997916262,-1500.625860694552,51999.72791264209
2026-08-01 00:52:41,17999.534023565175,-1499.9698188916918,52000.179761402396
2026-08-01 00:52:42,18000.591878822375,-1498.766776749627,52000.58827206028
2026-08-01 00:52:43,18000.22716629043,-1500.0583304256502,51998.801155811576
2026-08-01 00:52:44,17999.301182588544,-1499.966450243731,51999.12251615531
2026-08-01 00:52:45,18000.391567849932,-1500.807239905997,52000.640711746244
2026-08-01 00:52:46,18000.68624481393,-1498.9430393911362,52000.15465470038
2026-08-01 00:52:47,17999.935682525847,-1499.1636160145626,51999.10993243481
2026-08-01 00:52:48,17999.52135160738,-1500.5290031176282,52000.26632554614
2026-08-01 00:52:49,18000.14428959248,-1499.8627689619063,51999.47242983531
2026-08-01 00:52:50,18000.466032486147,-1499.25834488689,52000.78182112559
2026-08-01 00:52:51,17999.39896566847,-1499.9262856328153,51999.841299426866
2026-08-01 00:52:52,17999.953831380433,-1500.0709149479594,52000.063034950086
2026-08-01 00:52:53,17999.717326546946,-1500.2798023795856,51999.1720466713
2026-08-01 00:52:54,18000.04586988617,-1501.3829335965718,51999.83905066576
2026-08-01 00:52:55,17999.36702634145,-1500.436915697136,51999.86026816026
2026-08-01 00:52:56,17999.645236040986,-1500.7625463147558,52000.84789887659
2026-08-01 00:52:57,17999.289548016543,-1499.3194470938715,51999.80688632917
2026-08-01 00:52:58,17999.977485358286,-1499.7550052192773,52000.68941396656
2026-08-01 00:52:59,17999.947347495046,-1499.6178178089108,52000.886725133445
2026-08-01 00:53:00,17999.056641577234,-1500.5794483517643,51999.661084256724
2026-08-01 00:53:01,17999.478283254615,-1499.6549898443186,52000.43338304332
2026-08-01 00:53:02,17999.918113637577,-1498.9803754599193,52000.03158245558
2026-08-01 00:53:03,17999.952865159128,-1501.1188482377172,51999.678295980986
2026-08-01 00:53:04,18000.447551941048,-1499.7921468874144,51999.30075947814
2026-08-01 00:53:05,18000.40983256631,-1500.3319211607177,51999.93856405655
2026-08-01 00:53:06,18000.082207364354,-1500.20532154854,51999.24078558535
2026-08-01 00:53:07,18000.05206123282,-1499.8207286612987,52000.3224645863
2026-08-01 00:53:08,17999.63918693853,-1500.0313095883914,52000.16867962861
2026-08-01 00:53:09,18000.306756132897,-1500.2340051826375,51999.18784443223
2026-08-01 00:53:10,18000.071790769558,-1500.029179475375,52000.29935361539
2026-08-01 00:53:11,17999.293140336576,-1500.0704864273382,52000.40779474378
2026-08-01 00:53:12,17999.738946715806,-1500.0225401211824,52000.33455849133
2026-08-01 00:53:13,17999.520612002678,-1499.3529399512504,52000.27357289398
2026-08-01 00:53:14,18000.06579141281,-1499.8286534283816,52000.255107946694
2026-08-01 00:53:15,17999.570525736766,-1499.7033864731839,51999.5360365367
2026-08-01 00:53:16,17999.786848771204,-1499.7996748388625,51999.782448166916
2026-08-01 00:53:17,18000.296556122543,-1498.8634013606716,51999.40075560198
2026-08-01 00:53:18,17999.587349145044,-1500.10991929337,52000.41086259214
2026-08-01 00:53:19,17999.877224320706,-1498.9983228221301,51999.375082421204
2026-08-01 00:53:20,18000.044595551928,-1500.4998221061446,51999.0886043708
2026-08-01 00:53:21,18000.038163250956,-1499.7205132333668,51999.88940806948
2026-08-01 00:53:22,18000.007484590835,-1499.9951705263647,52000.432002058915
2026-08-01 00:53:23,18000.028780283454,-1500.7442635349132,51999.51257173322
2026-08-01 00:53:24,17999.72989034424,-1499.7356048796992,52000.79619327199
2026-08-01 00:53:25,17999.64474320912,-1499.9156910923589,51999.85195143314
2026-08-01 00:53:26,18000.983480184685,-1500.4109312555242,52000.07031293395
2026-08-01 00:53:27,17999.131107204557,-1499.909059651067,51999.37431215357
2026-08-01 00:53:28,18000.43342702694,-1499.5640827752866,51999.114960650564
2026-08-01 00:53:29,18000.33159625945,-1500.3734010939481,52000.403334270086
2026-08-01 00:53:30,18001.087967015214,-1499.4610703654482,52000.2256288015
2026-08-01 00:53:31,18000.626030524178,-1500.5098250311305,52000.42233432808
2026-08-01 00:53:32,17999.17900191148,-1500.177070419263,51999.79465300524
2026-08-01 00:53:33,17999.638559024694,-1500.2936200591785,52000.21469803711
2026-08-01 00:53:34,17999.409827742424,-1500.4686848453464,51999.61401018234
2026-08-01 00:53:35,17999.83573468515,-1499.6445586644986,51999.90518815956
2026-08-01 00:53:36,17999.294172579233,-1500.3291995650395,52000.01676551237
2026-08-01 00:53:37,17999.906400901687,-1501.0253519608161,52000.72404077901
2026-08-01 00:53:38,18000.515059276608,-1499.2347337615981,51999.42946935329
2026-08-01 00:53:39,17999.380367635644,-1499.8823645570185,51999.95766568728
2026-08-01 00:53:40,18000.160860281063,-1499.3378676031898,51999.29612109082
2026-08-01 00:53:41,18000.996956060688,-1499.536556100443,51999.60063897074
2026-08-01 00:53:42,17999.362735300503,-1500.1781256835986,52000.68752876899
2026-08-01 00:53:43,18000.073311180644,-1499.7236382510243,52000.05883405241
2026-08-01 00:53:44,17999.788490855288,-1499.9891315237126,52000.79072955699
2026-08-01 00:53:45,17999.832436702625,-1501.2516259376557,51999.925547530904
2026-08-01 00:53:46,17999.230282630826,-1500.0555546581195,52000.33775150997
2026-08-01 00:53:47,18001.14934910085,-1499.6313009103962,52000.17510148502
2026-08-01 00:53:48,17998.799694122245,-1500.3417344492013,52000.562875154355
2026-08-01 00:53:49,18000.47423976481,-1500.0138991398765,52001.664404296534
2026-08-01 00:53:50,18000.796286775832,-1499.2954417031178,51999.07414994963
2026-08-01 00:53:51,17999.64226115513,-1499.4541874804872,51999.88281037507
2026-08-01 00:53:52,17998.71077587765,-1499.6261742127604,51999.854751559185
2026-08-01 00:53:53,17999.4279080772,-1499.4773428505823,52000.15623076769
2026-08-01 00:53:54,17999.59253179804,-1501.3105124636331,52000.483696947194
2026-08-01 00:53:55,18000.112118521214,-1500.6241742870966,51999.15038865011
2026-08-01 00:53:56,17999.606135077152,-1500.4027704165517,51999.96384682592
2026-08-01 00:53:57,17999.71156896487,-1499.3698503670885,51999.81969681338
2026-08-01 00:53:58,17999.407440369305,-1499.0992815379386,51999.86725954039
2026-08-01 00:53:59,17999.657078618293,-1499.88334152701,52000.115939073716
2026-08-01 00:54:00,18000.32039629027,-1500.1742280369015,52000.43013066483
2026-08-01 00:54:01,17999.37054944097,-1500.169736242659,51999.58164457917
2026-08-01 00:54:02,17999.58273627699,-1500.595586713481,52000.50852231103
2026-08-01 00:54:03,17999.818596620353,-1500.270916189736,52001.2145077453
2026-08-01 00:54:04,18000.67071364879,-1499.9978104721615,52000.82223541155
2026-08-01 00:54:05,17999.971398569258,-1500.2544281705136,51999.849245861085
2026-08-01 00:54:06,18000.298272120486,-1499.8839676885743,51999.7631827593
2026-08-01 00:54:07,17999.946770188202,-1500.02157302148,52000.89955961654
2026-08-01 00:54:08,18000.101399587278,-1499.6297073680437,51999.09218012948
2026-08-01 00:54:09,18000.192261372045,-1500.4750885048948,51999.76586712701
2026-08-01 00:54:10,17999.549751763225,-1500.5793291309906,51999.74242094196
2026-08-01 00:54:11,17999.69938001938,-1500.6255033257744,51999.368179049205
2026-08-01 00:54:12,17999.56091496158,-1499.7150246097285,52000.06665344443
2026-08-01 00:54:13,17999.656019696635,-1500.2397520116513,52000.33694140447
2026-08-01 00:54:14,18000.53536928213,-1500.391544880566,51998.999421023625
2026-08-01 00:54:15,17999.453345492926,-1499.4220657287105,51999.95011856891
2026-08-01 00:54:16,17999.642369558274,-1500.773933161879,51999.619795830426
2026-08-01 00:54:17,17999.94437483162,-1499.9267791578586,51999.99619726446
2026-08-01 00:54:18,18000.36291934141,-1500.2190098747153,52000.26848423579
2026-08-01 00:54:19,18000.8523233571,-1500.657554143778,51998.76827277266
2026-08-01 00:54:20,18000.59944081266,-1500.5057662049533,51999.717114858075
2026-08-01 00:54:21,18000.618830074585,-1499.550303594454,52000.2419571265
2026-08-01 00:54:22,18000.30623030111,-1500.094427794947,51999.82213252863
2026-08-01 00:54:23,17999.021485264868,-1500.8952686190519,51999.72928227896
2026-08-01 00:54:24,18000.567131139538,-1500.3632320759548,52000.104171718194
2026-08-01 00:54:25,17999.06859803922,-1499.509273277356,52000.15401899403
2026-08-01 00:54:26,18000.54364540825,-1499.9417557967363,52000.3429846548
2026-08-01 00:54:27,18000.66590902355,-1499.1545303951714,51999.897674315
2026-08-01 00:54:28,18000.297946125425,-1499.5095764731254,52000.26906010847
2026-08-01 00:54:29,17999.876571004406,-1500.130149546126,51999.173193786075
2026-08-01 00:54:30,17999.59402739847,-1500.0737194494823,52000.49625336786
2026-08-01 00:54:31,18000.01438546816,-1499.4663673417429,52000.03936642365
2026-08-01 00:54:32,17999.883624814276,-1500.377339136345,51999.37925345241
2026-08-01 00:54:33,17999.62971032894,-1499.7021645475495,51999.225931140485
2026-08-01 00:54:34,17999.4845897269,-1499.677615208079,51999.48989257568
2026-08-01 00:54:35,18000.709372017034,-1499.7643413145315,52000.22866930415
2026-08-01 00:54:36,17999.928716466016,-1500.3197965251688,52001.21562705723
2026-08-01 00:54:37,17999.957135186673,-1499.5217275905572,52000.07698304887
2026-08-01 00:54:38,17999.35742092599,-1500.1512411434896,51999.92834802106
2026-08-01 00:54:39,18000.139523602156,-1500.6856955766148,51999.93414459898
2026-08-01 00:54:40,17999.249629279067,-1500.4245753845726,52000.17331678589
2026-08-01 00:54:41,18000.859960012767,-1499.8810661755929,51998.963110369354
2026-08-01 00:54:42,18000.107931170078,-1499.7371219422937,51999.49545578441
2026-08-01 00:54:43,18000.609810020083,-1499.6141281032444,52000.3645862098
2026-08-01 00:54:44,18000.61294826621,-1499.791638646008,51999.28232485689
2026-08-01 00:54:45,17999.432529889556,-1500.2464476306618,51999.43587616839
2026-08-01 00:54:46,18000.367998962705,-1501.2113052217603,52000.5380637936
2026-08-01 00:54:47,18000.95662101528,-1499.458959185568,51999.15769813028
2026-08-01 00:54:48,18000.608123786667,-1500.6124017878997,51999.57901084116
2026-08-01 00:54:49,18000.661087388242,-1499.96376628521,51999.65873743878
2026-08-01 00:54:50,17999.83226843793,-1499.4395091399924,51999.85924812178
2026-08-01 00:54:51,17999.448596621518,-1499.5796994616887,52000.09320351326
2026-08-01 00:54:52,18000.108582966866,-1500.1865010744234,51999.334217061696
2026-08-01 00:54:53,17999.813880506063,-1499.261714512458,51999.88415523968
2026-08-01 00:54:54,17999.699786632686,-1500.1265489169798,52000.26946583643
2026-08-01 00:54:55,18000.393940055492,-1500.1666848957202,51998.891080785266
2026-08-01 00:54:56,17999.678455191104,-1499.7080903378487,51999.28811070529
2026-08-01 00:54:57,18000.81287655111,-1499.2562146364555,52000.16972953882
2026-08-01 00:54:58,18000.465751654938,-1500.5978991946026,52000.32143940312
2026-08-01 00:54:59,17999.899993509236,-1498.948708530916,52000.46805962807
2026-08-01 00:55:00,17999.481926117372,-1499.54506379626,52000.18253323077
2026-08-01 00:55:01,18000.52111399933,-1499.3454482316286,52001.30860055402
2026-08-01 00:55:02,17999.874217186203,-1499.7237131929096,52000.304202877756
2026-08-01 00:55:03,17999.641023234763,-1500.4100784761354,52000.582671440956
2026-08-01 00:55:04,17999.785424033656,-1500.9795660348195,52000.12526431651
2026-08-01 00:55:05,17999.969690735896,-1501.160898211237,51999.22615782862
2026-08-01 00:55:06,17999.48102233455,-1500.3551313188893,52000.02269478081
2026-08-01 00:55:07,18000.073540647907,-1500.0567897653762,51999.9845413695
2026-08-01 00:55:08,17999.281569847957,-1500.1676466295753,51999.35350458979
2026-08-01 00:55:09,18000.041516499765,-1500.3455708350566,51999.92315528494
2026-08-01 00:55:10,17999.516732850367,-1500.3204660947733,51999.56605060143
2026-08-01 00:55:11,17999.891105712864,-1500.4196295279137,51999.84879387303
2026-08-01 00:55:12,17999.912503710402,-1499.7603793862938,52000.35262377982
2026-08-01 00:55:13,17999.791895958508,-1500.2861504336518,51999.0521276479
2026-08-01 00:55:14,17999.388729601018,-1500.4210191159127,51999.765374669754
2026-08-01 00:55:15,18000.004583416412,-1500.3227919198187,51999.85046993161
2026-08-01 00:55:16,18000.69503255358,-1500.8778919364245,52000.70463835591
2026-08-01 00:55:17,18000.19026607583,-1499.6421723850128,51999.72954567781
2026-08-01 00:55:18,18001.11896006754,-1499.8638723233141,51999.96633678491
2026-08-01 00:55:19,17998.991365468948,-1499.8980419944228,51999.52802214855
2026-08-01 00:55:20,18000.0274797911,-1500.6224375027193,51998.7251855649
2026-08-01 00:55:21,17999.284058324673,-1499.905308583307,51999.931387733835
2026-08-01 00:55:22,18000.261759810783,-1499.7978248050167,51999.4257292464
2026-08-01 00:55:23,17999.396835082665,-1500.3125598284146,52001.00557502921
2026-08-01 00:55:24,18000.534045294233,-1500.7620642688407,51999.805582134795
2026-08-01 00:55:25,17998.99752950244,-1499.931457336872,52000.12488152482
2026-08-01 00:55:26,18000.236946721936,-1500.0957032273222,51999.453047226154
2026-08-01 00:55:27,18000.158054326013,-1499.7853719945663,51999.844268366585
2026-08-01 00:55:28,18000.240679991584,-1499.8982970720779,51999.50411046895
2026-08-01 00:55:29,17999.50565368576,-1499.566522672729,52000.13175256513
2026-08-01 00:55:30,18000.319613804277,-1500.3661676864795,52000.2833413765
2026-08-01 00:55:31,17999.534924451254,-1499.9866160755234,51999.758790973916
2026-08-01 00:55:32,18000.490429546906,-1500.4444043549795,51999.971126888624
2026-08-01 00:55:33,18000.023997150503,-1499.6342613443862,52000.633743859384
2026-08-01 00:55:34,18000.477372194615,-1500.670184175978,52000.508797392875
2026-08-01 00:55:35,17999.628963413616,-1499.4319608837764,52000.564597900186
2026-08-01 00:55:36,18000.338638258854,-1499.817954520311,51999.59983662268
2026-08-01 00:55:37,18000.367555420016,-1499.8194695569919,52000.44915855947
2026-08-01 00:55:38,17999.733620939183,-1499.9689436323006,52000.93393509395
2026-08-01 00:55:39,18000.344254896354,-1500.231973653226,52000.00135694108
2026-08-01 00:55:40,18000.571264836955,-1499.7120582243062,52000.077466473434
2026-08-01 00:55:41,17999.848232359,-1499.9249013665622,51999.62084753283
2026-08-01 00:55:42,17999.694003977045,-1499.7972248574624,51999.80756772542
2026-08-01 00:55:43,18000.57640788949,-1499.4516878839363,52000.889083855705
2026-08-01 00:55:44,18000.399597028485,-1499.2126722279284,51999.76052375678
2026-08-01 00:55:45,18000.11684188759,-1500.219409094961,51999.4674589363
2026-08-01 00:55:46,18000.70284578186,-1499.7270787439156,52000.28406064833
2026-08-01 00:55:47,17999.631836156397,-1500.8894621829957,52000.395573594884
2026-08-01 00:55:48,18000.1616499438,-1500.4209022487391,52000.16390442172
2026-08-01 00:55:49,17999.880709529247,-1500.0779972310984,51999.90447743392
2026-08-01 00:55:50,17998.70254448379,-1500.4134640961881,52000.593027139104
2026-08-01 00:55:51,17999.81771307257,-1500.2685056382495,51999.8235634399
2026-08-01 00:55:52,18000.81469274726,-1499.5994416491076,52000.87486415969
2026-08-01 00:55:53,17999.40482608583,-1499.7854967081284,52000.299156464505
2026-08-01 00:55:54,17999.230652161714,-1500.354104503147,52000.20119945274
2026-08-01 00:55:55,17999.827973481657,-1499.9988039994153,51999.692688831085
2026-08-01 00:55:56,17999.93639823425,-1499.9935255330222,51999.66406996157
2026-08-01 00:55:57,18000.243698685135,-1500.6578236490718,51999.894461448916
2026-08-01 00:55:58,18000.543239395432,-1500.0518699320482,51999.82702381656
2026-08-01 00:55:59,18000.162834737817,-1499.68072441078,51999.57624533738
2026-08-01 00:56:00,18000.3820888723,-1499.9534440802267,52000.28897178714
2026-08-01 00:56:01,18000.024796598453,-1499.6279357830158,52000.452963634074
2026-08-01 00:56:02,17999.807058328814,-1499.7811259253856,52000.82316653595
2026-08-01 00:56:03,17999.802781353155,-1500.8509116902412,51999.54522614929
2026-08-01 00:56:04,18000.780143254553,-1500.1478065329202,51999.351936992745
2026-08-01 00:56:05,18000.052539608565,-1500.1070121944217,52000.30762073368
2026-08-01 00:56:06,18000.440702512737,-1499.66948570397,52000.61731469704
2026-08-01 00:56:07,17999.599353152593,-1500.4390606974189,51999.87394505327
2026-08-01 00:56:08,18000.277809162366,-1500.819496772224,51998.33222063435
2026-08-01 00:56:09,17999.79309863502,-1500.2416083544215,51999.99776002682
2026-08-01 00:56:10,17999.546698799186,-1500.0297301274152,52001.50000841634
2026-08-01 00:56:11,17999.04222604071,-1500.0601616214199,51999.84048139329
2026-08-01 00:56:12,17999.711184939395,-1499.7042921633251,52000.11191566638
2026-08-01 00:56:13,18000.003726115578,-1500.374923023267,51999.33597582025
2026-08-01 00:56:14,17999.950984899624,-1500.4588845160022,52000.41457079353
2026-08-01 00:56:15,17999.918476855728,-1499.6866596042826,52000.08153839791
2026-08-01 00:56:16,17999.993477070897,-1499.3579010417122,51999.75380796254
2026-08-01 00:56:17,18000.467941952444,-1500.9485540406436,51999.69433597228
2026-08-01 00:56:18,17999.054999502157,-1500.442044133436,52000.432308189665
2026-08-01 00:56:19,17999.993365544633,-1499.581633353753,51999.21724240582
2026-08-01 00:56:20,18000.066427410522,-1500.0270625370945,52000.28136104734
2026-08-01 00:56:21,18000.000839630266,-1499.9390208288717,52000.179204466236
2026-08-01 00:56:22,18000.087466453147,-1499.7005719438212,51999.55030326241
2026-08-01 00:56:23,18000.705121131086,-1500.5417038490104,52000.00809305831
2026-08-01 00:56:24,17999.977942038953,-1500.56475528927,52000.78042624252
2026-08-01 00:56:25,17999.56542455914,-1500.7188413061808,52000.1006906227
2026-08-01 00:56:26,18000.167685570646,-1500.2521933327566,52000.576508462764
2026-08-01 00:56:27,17999.72279194428,-1499.4652255280548,52000.124504272666
2026-08-01 00:56:28,17998.981409374424,-1499.8028776763924,52000.344037839095
2026-08-01 00:56:29,17999.85296543711,-1500.3134597148292,52000.56275184707
2026-08-01 00:56:30,17999.370548132327,-1499.682138523609,52000.68812831722
2026-08-01 00:56:31,17999.917696306187,-1499.8721932765807,52000.28049232282
2026-08-01 00:56:32,18000.2000796441,-1499.5184616386532,51999.54004694757
2026-08-01 00:56:33,18000.441101824475,-1499.894578904337,51999.32922689289
2026-08-01 00:56:34,17999.758313404036,-1499.6717597644217,51999.028006142304
2026-08-01 00:56:35,17999.37217698416,-1500.0779372309305,52000.871721835916
2026-08-01 00:56:36,18000.366428166526,-1500.690800459062,52001.08954000994
2026-08-01 00:56:37,17999.460340030113,-1500.5781501314589,52000.078372974756
2026-08-01 00:56:38,18001.200981026297,-1499.5844186139736,51999.903471822865
2026-08-01 00:56:39,18000.347694686287,-1500.7627681672873,52000.37447848652
2026-08-01 00:56:40,18000.251886497415,-1499.802629262258,52001.06743098532
2026-08-01 00:56:41,18000.500466785295,-1499.4100539811946,52000.0970585997
2026-08-01 00:56:42,18000.4155996645,-1500.3764465020656,52000.201950290844
2026-08-01 00:56:43,17999.697923328873,-1500.3651715328601,51999.19369360332
2026-08-01 00:56:44,17999.94227643243,-1500.0246154238382,51999.36010845493
2026-08-01 00:56:45,17999.850270916824,-1499.3351573134519,51999.57902842787
2026-08-01 00:56:46,18000.506995172054,-1499.9846906699074,51999.464484397664
2026-08-01 00:56:47,18000.075523464264,-1500.5925035143139,52000.366041807145
2026-08-01 00:56:48,17999.93317482621,-1500.484388580035,52000.34249959532
2026-08-01 00:56:49,18000.64624883159,-1500.0089364298267,52000.34355328398
2026-08-01 00:56:50,18000.56539785097,-1500.5138830947647,51999.33883885421
2026-08-01 00:56:51,17999.383377229406,-1500.0118511326245,51999.1250108243
2026-08-01 00:56:52,18000.527133857995,-1499.3923608803316,52000.547627703054
2026-08-01 00:56:53,17999.193854918758,-1500.4470847760233,51999.92706947214
2026-08-01 00:56:54,17999.442242534515,-1500.0744935454939,51998.9799784233
2026-08-01 00:56:55,17999.73895083287,-1499.9940722030085,51999.7760945503
2026-08-01 00:56:56,17999.757449966455,-1500.4618749813185,52000.41429184189
2026-08-01 00:56:57,18001.053651741855,-1501.0147810440162,52000.336368500844
2026-08-01 00:56:58,17999.621682647325,-1500.084509410353,51999.91678158569
2026-08-01 00:56:59,18000.497631567097,-1499.6501749861802,51999.475114894616
2026-08-01 00:57:00,17999.978679041044,-1500.892151876618,51999.28929583292
2026-08-01 00:57:01,18000.061360450218,-1500.1211618763512,51999.486059687595
2026-08-01 00:57:02,18000.049340519832,-1499.759938061595,52000.244120814146
2026-08-01 00:57:03,18000.127723029644,-1500.5430794183353,51999.60075706716
2026-08-01 00:57:04,18000.01217034449,-1500.5191895741195,52000.70001202686
2026-08-01 00:57:05,18000.8693271337,-1500.3520119750165,52000.262016833316
2026-08-01 00:57:06,17999.974097242663,-1500.8470380299677,52000.25720647917
2026-08-01 00:57:07,18000.60269389353,-1500.6121987564457,52000.96509477484
2026-08-01 00:57:08,18000.312694708195,-1499.2682734346906,52000.48514444038
2026-08-01 00:57:09,17999.67895280432,-1499.8805259776364,51999.9605087902
2026-08-01 00:57:10,17999.85416750255,-1499.9034097925114,52000.416652232634
2026-08-01 00:57:11,18000.45226803413,-1499.4527840585174,52000.84758678573
2026-08-01 00:57:12,18000.242925028306,-1500.125564097386,51999.415444187056
2026-08-01 00:57:13,18000.88343372864,-1499.8407202431006,52000.15904274224
2026-08-01 00:57:14,17999.422665666465,-1500.4952331724505,52000.09771733456
2026-08-01 00:57:15,17999.5522579963,-1499.880398973688,51999.38495426907
2026-08-01 00:57:16,18000.4104194967,-1499.6281285616722,51999.77233414186
2026-08-01 00:57:17,17999.559705455496,-1498.8337434676682,52000.36437419184
2026-08-01 00:57:18,18000.635781994246,-1500.9825343336104,51999.164946481644
2026-08-01 00:57:19,17999.43276063425,-1500.5375953268228,51999.601638353146
2026-08-01 00:57:20,17999.72251388424,-1500.151735048667,51999.920680545016
2026-08-01 00:57:21,17999.149893389225,-1499.8073642527597,52000.17073460775
2026-08-01 00:57:22,17999.913301706347,-1499.9363593419946,52000.11444165059
2026-08-01 00:57:23,18000.463973895614,-1500.5733739794873,51999.530290942246
2026-08-01 00:57:24,17999.50354214899,-1499.8057371032671,52000.048607618904
2026-08-01 00:57:25,18000.87644510085,-1500.0298115187359,52000.07354068449
2026-08-01 00:57:26,17999.896192911514,-1500.0825341934942,51999.79837876815
2026-08-01 00:57:27,18000.647723689064,-1499.3046770811227,51999.415234966946
2026-08-01 00:57:28,18000.068027855075,-1499.5358274686866,51999.30429111777
2026-08-01 00:57:29,17999.069097310323,-1500.5659018813076,51999.85849912875
2026-08-01 00:57:30,18000.137404830028,-1499.8904969484395,52001.010587853736
2026-08-01 00:57:31,18000.098701189232,-1499.9982375461334,51999.42246353235
2026-08-01 00:57:32,18000.821507138688,-1500.0667936685888,52000.38433636237
2026-08-01 00:57:33,17999.16331374698,-1499.3513876763327,52000.49221110472
2026-08-01 00:57:34,17999.927392168996,-1499.9668990324506,51999.69661846305
2026-08-01 00:57:35,17999.579240863146,-1500.2558618094083,52000.43392009652
2026-08-01 00:57:36,18000.394555063274,-1500.0663951505442,51999.81518028065
2026-08-01 00:57:37,18000.6557021467,-1501.3850545977784,51999.329239431354
2026-08-01 00:57:38,17999.84706460761,-1499.8813858384185,52000.19355395345
2026-08-01 00:57:39,18000.429183739747,-1500.590119882955,51999.29349073436
2026-08-01 00:57:40,17999.281203945124,-1500.4506203240917,51999.65814034677
2026-08-01 00:57:41,18000.454981709227,-1500.3075969479844,51999.33585574217
2026-08-01 00:57:42,17999.874314369776,-1500.034366150161,52000.16006347773
2026-08-01 00:57:43,17999.918088751736,-1499.4956666269263,51999.29340520865
2026-08-01 00:57:44,18000.162653856438,-1499.6680309856117,51999.86228582521
2026-08-01 00:57:45,17999.043476391274,-1500.0427811556144,51999.61483408686
2026-08-01 00:57:46,17999.907276738046,-1499.6325547910074,51999.7914810555
2026-08-01 00:57:47,18000.767519173543,-1500.4266229408502,51999.65734171159
2026-08-01 00:57:48,17999.80555284868,-1500.2691446703257,52000.66611038779
2026-08-01 00:57:49,17999.673512329133,-1499.2968390978547,51998.8924011725
2026-08-01 00:57:50,18001.114948413146,-1500.3641705992438,51998.99232031467
2026-08-01 00:57:51,17999.409373859868,-1499.7218007035997,52001.03047772969
2026-08-01 00:57:52,18000.541424908064,-1500.243449160124,52000.045057387724
2026-08-01 00:57:53,17999.86800810018,-1500.3433551800829,51999.658755393044
2026-08-01 00:57:54,18000.463882309497,-1499.8581817795218,52000.50585483144
2026-08-01 00:57:55,18000.247000858042,-1500.5341612051288,52000.361461192726
2026-08-01 00:57:56,17999.52254592106,-1499.464299862399,52000.020260755926
2026-08-01 00:57:57,17999.609217764963,-1499.8269428496094,52000.14620920509
2026-08-01 00:57:58,18000.274055776623,-1499.7095851129372,52000.246226825984
2026-08-01 00:57:59,17999.81831489241,-1499.4428215497778,51999.69180269453
2026-08-01 00:58:00,17999.507198332012,-1500.3518400768296,51999.71483735152
2026-08-01 00:58:01,18000.28878928852,-1498.8807289724905,52000.83602569737
2026-08-01 00:58:02,17999.729697521387,-1499.6867301223929,52000.88254826784
2026-08-01 00:58:03,17999.840060503066,-1500.6852617243883,51999.48252492421
2026-08-01 00:58:04,17999.8807565236,-1500.379643824828,51999.559655481346
2026-08-01 00:58:05,17999.38085484688,-1500.054853556588,51999.84292337415
2026-08-01 00:58:06,18000.701329895037,-1499.866730088472,52001.219873694296
2026-08-01 00:58:07,18000.379612015135,-1500.7930007299644,52000.49867746188
2026-08-01 00:58:08,18000.700974298303,-1500.559692757213,52000.841378236066
2026-08-01 00:58:09,17999.940216335996,-1499.7647279401851,52000.28702150169
2026-08-01 00:58:10,17999.576967711346,-1499.598151625306,52000.267636680925
2026-08-01 00:58:11,18000.062291810533,-1500.1092520292898,51999.64513813231
2026-08-01 00:58:12,18000.04539199603,-1500.2918876599538,52000.40950807646
2026-08-01 00:58:13,18000.09842134728,-1499.8959279925177,52000.54101597321
2026-08-01 00:58:14,17999.797536233473,-1500.1774983827847,52000.245197092765
2026-08-01 00:58:15,18001.462479082795,-1499.8227970890123,52000.55220436033
2026-08-01 00:58:16,18000.283849716016,-1500.2148671231503,52000.29137775852
2026-08-01 00:58:17,18000.381933891837,-1500.083426207631,51999.75015522353
2026-08-01 00:58:18,18000.224750127938,-1500.0371834536202,51999.90752808273
2026-08-01 00:58:19,18000.25634753494,-1500.1256447930646,52000.504148683205
2026-08-01 00:58:20,17999.91215279897,-1499.5449757936212,52000.48308666876
2026-08-01 00:58:21,18000.51916978514,-1500.7567881680188,51999.71081643829
2026-08-01 00:58:22,17999.93931031558,-1500.044134193262,52000.749955706124
2026-08-01 00:58:23,17999.486432564703,-1500.275870524676,51999.15653091551
2026-08-01 00:58:24,17999.952791763277,-1500.0926242762348,52000.04117418188
2026-08-01 00:58:25,17999.944727820497,-1499.5622937789678,51999.397104685064
2026-08-01 00:58:26,18000.36467786747,-1500.2761541712307,52000.85791835056
2026-08-01 00:58:27,18000.185967049754,-1500.7851744872407,51999.58886881408
2026-08-01 00:58:28,18000.542188265492,-1499.643674572672,51999.967270385336
2026-08-01 00:58:29,17999.702209835563,-1501.7246814724072,52000.23674826928
2026-08-01 00:58:30,17999.893053296,-1499.6018688529184,52000.715108577024
2026-08-01 00:58:31,17999.443331771465,-1500.0187464404337,52000.18476116174
2026-08-01 00:58:32,17999.68641256594,-1500.0265596800577,52000.137381833796
2026-08-01 00:58:33,17999.83333144327,-1500.4309554410288,51999.82133440308
2026-08-01 00:58:34,18000.15501914997,-1499.4852642132128,52000.67192603355
2026-08-01 00:58:35,17999.803185155037,-1499.5803101432557,51999.54240246561
2026-08-01 00:58:36,17999.63969037201,-1499.958641021683,52000.02597494666
2026-08-01 00:58:37,17999.99926641685,-1500.0503332368294,52000.15079458878
2026-08-01 00:58:38,18000.807713517865,-1500.0031634458892,51999.77353368189
2026-08-01 00:58:39,18000.145416987816,-1498.9530783525472,51999.73695928049
2026-08-01 00:58:40,17999.85032238715,-1499.4021101985143,51999.69504638906
2026-08-01 00:58:41,18001.210096318486,-1499.9775080837485,51999.4684651008
2026-08-01 00:58:42,17999.37594512015,-1500.0566538352018,51999.56055388805
2026-08-01 00:58:43,18000.524510739942,-1500.6185182317251,51999.51868002097
2026-08-01 00:58:44,17999.829709281305,-1500.0381407590266,51999.95289938422
2026-08-01 00:58:45,18000.060779285788,-1500.2152127791014,52000.51210344046
2026-08-01 00:58:46,17999.889500528763,-1499.9349420623985,51999.949792415966
2026-08-01 00:58:47,17999.717859533506,-1499.9368342954222,51999.66920398383
2026-08-01 00:58:48,17999.921234359466,-1500.3171358858908,51999.49808032588
2026-08-01 00:58:49,17999.802964385257,-1499.8549458244506,51999.03273807395
2026-08-01 00:58:50,18000.064764612875,-1500.0385197264263,51999.84608355527
2026-08-01 00:58:51,18000.088379972698,-1500.4927093044748,52000.66780291516
2026-08-01 00:58:52,17999.74927555174,-1499.9145108839978,51999.91073862269
2026-08-01 00:58:53,17999.971060557804,-1499.6339006571113,51999.448438158885
2026-08-01 00:58:54,18000.429888474962,-1500.3723404890973,51999.76444611488
2026-08-01 00:58:55,18000.80840099356,-1499.377333862072,52000.141940292495
2026-08-01 00:58:56,17999.765868406717,-1500.4033245991307,51999.77286830307
2026-08-01 00:58:57,18000.046889803954,-1500.1740905645604,51999.26739353972
2026-08-01 00:58:58,18000.357583435583,-1499.3431580867634,51999.32970159405
2026-08-01 00:58:59,18000.032793156784,-1500.0395512123432,52000.48590818972
2026-08-01 00:59:00,18000.445216651642,-1500.6786940260965,51999.98352890183
2026-08-01 00:59:01,17999.87392184929,-1499.4911679604068,52000.07129145762
2026-08-01 00:59:02,18000.29386821397,-1500.2062039520968,52000.05592780379
2026-08-01 00:59:03,17999.95816244192,-1499.6791207207816,52000.85626575354
2026-08-01 00:59:04,17999.68839549772,-1500.2004923656639,51999.198853800415
2026-08-01 00:59:05,18000.16144812416,-1499.728205185761,51999.581733381245
2026-08-01 00:59:06,17999.375476432906,-1500.031891207659,52000.25982069026
2026-08-01 00:59:07,17999.518319833733,-1499.3338025214596,51999.40456733106
2026-08-01 00:59:08,18000.783107500327,-1498.9079973070386,51999.78461616958
2026-08-01 00:59:09,18000.297486359457,-1499.3641383780002,51999.834495175324
2026-08-01 00:59:10,17999.766330316303,-1499.9748262403987,52000.04777529434
2026-08-01 00:59:11,17999.89146604438,-1500.8684909075932,51999.92044584089
2026-08-01 00:59:12,17999.69935185965,-1500.050879722486,52000.111147824406
2026-08-01 00:59:13,18000.172383860525,-1500.4902923748075,52000.3508051288
2026-08-01 00:59:14,17999.998595741068,-1500.1174020397498,52000.19683196149
2026-08-01 00:59:15,18000.523300169516,-1499.365115911273,51999.92132951436
2026-08-01 00:59:16,18000.639499960125,-1499.4014564349645,51999.797091982044
2026-08-01 00:59:17,17999.346352895853,-1499.7411911720417,51999.73334025004
2026-08-01 00:59:18,18000.806671670907,-1499.7940260768419,51999.62631739701
2026-08-01 00:59:19,17999.909645312342,-1499.4480172355745,51999.78861596378
2026-08-01 00:59:20,17999.93627304878,-1499.714821230264,51998.61195430158
2026-08-01 00:59:21,17999.928306368292,-1499.1899128824396,52000.423218932534
2026-08-01 00:59:22,17999.419508007526,-1499.075688231459,51999.572030892414
2026-08-01 00:59:23,17999.477512850393,-1500.4279981305056,52000.35326897249
2026-08-01 00:59:24,17999.54909158486,-1499.9282205230727,52000.585855790065
2026-08-01 00:59:25,18000.671620306657,-1499.86276990059,51999.27969893079
2026-08-01 00:59:26,17999.202189922784,-1499.6396670769939,51998.97572183503
2026-08-01 00:59:27,18000.303629587048,-1501.0237049616183,51999.5234680632
2026-08-01 00:59:28,18000.326006054453,-1500.4274760428325,52000.04392489977
2026-08-01 00:59:29,17999.65683223496,-1501.2233085161038,52000.16346329806
2026-08-01 00:59:30,18000.333228719002,-1499.3372979118203,51999.776793457
2026-08-01 00:59:31,17999.812360733627,-1499.8721138281571,51999.734234246294
2026-08-01 00:59:32,18000.376933468622,-1499.786383317044,52000.360156684896
2026-08-01 00:59:33,18000.08815519379,-1500.3739573771288,51999.807013394115
2026-08-01 00:59:34,17999.921678363986,-1499.8911148989882,51999.47793393718
2026-08-01 00:59:35,18000.429971869868,-1499.8102464243243,51999.82292656673
2026-08-01 00:59:36,17999.941020091057,-1500.316325443583,51999.50849787138
2026-08-01 00:59:37,18000.36914845753,-1500.4108817324943,52000.28459161884
2026-08-01 00:59:38,18000.622881774587,-1500.3303659808444,51998.9891363698
2026-08-01 00:59:39,18000.471223301007,-1499.970219211985,52000.098825580455
2026-08-01 00:59:40,17999.27593553003,-1500.166567622423,51999.44293103088
2026-08-01 00:59:41,18000.097429163503,-1500.919490097631,52000.15060686858
2026-08-01 00:59:42,18000.042939455245,-1500.4999119031288,51999.17392812589
2026-08-01 00:59:43,18000.457725990862,-1499.4325961623986,51999.157930731715
2026-08-01 00:59:44,18000.10930490544,-1499.6223241383652,52000.27474241109
2026-08-01 00:59:45,17999.89310546397,-1500.2063097585522,51999.97246560046
2026-08-01 00:59:46,18000.765598389713,-1499.5064905083352,51999.819123690475
2026-08-01 00:59:47,17999.864415767697,-1500.3397286308334,51999.88024926489
2026-08-01 00:59:48,17999.26717225209,-1500.3281603539533,52000.13861369509
2026-08-01 00:59:49,17999.149818729336,-1500.4979071841658,52000.15823581789
2026-08-01 00:59:50,18000.02731295613,-1499.7498465520691,51999.7996241113
2026-08-01 00:59:51,17999.521954238073,-1500.1596142521068,51999.750757261274
2026-08-01 00:59:52,17999.572880469077,-1499.4792038636197,52000.57966233446
2026-08-01 00:59:53,17999.94508166094,-1499.5985173862607,51999.648867257245
2026-08-01 00:59:54,17999.626877673472,-1499.9155795229585,51999.78655946209
2026-08-01 00:59:55,18000.189248592465,-1500.2250991646697,52000.58803417868
2026-08-01 00:59:56,18000.175946480304,-1499.7353006892906,52000.25416949464
2026-08-01 00:59:57,17999.709917702832,-1498.7705198836884,51999.543053024965
2026-08-01 00:59:58,17999.769122984053,-1499.8415994152863,52000.39862972116
2026-08-01 00:59:59,17999.865228702223,-1500.3779378050535,52000.44528613476
