timestamp,x,y,z
2026-08-02 00:00:00,18000.034428761606,-1500.0456721647035,52000.06910000993
2026-08-02 00:00:01,17999.897230839542,-1500.4081422460981,52000.21902357265
2026-08-02 00:00:02,18000.29756186701,-1499.7529624134052,51999.60077431819
2026-08-02 00:00:03,18000.00484736419,-1500.0870827639615,51999.53601024664
2026-08-02 00:00:04,17999.9980462598,-1500.4316428624888,51999.86903469992
2026-08-02 00:00:05,18001.1376670443,-1500.8095818657544,52000.15601468322
2026-08-02 00:00:06,18000.48276388435,-1500.6596291382366,52000.428497689325
2026-08-02 00:00:07,17999.920614172537,-1499.830926368351,51999.67910976473
2026-08-02 00:00:08,17999.831026345397,-1499.897824567797,52000.71736493006
2026-08-02 00:00:09,18000.47364174965,-1499.1782889374078,51999.765993028
2026-08-02 00:00:10,17998.751393588333,-1500.1789439523552,51999.74809462637
2026-08-02 00:00:11,17999.771584006652,-1499.7918435311108,51999.12488946953
2026-08-02 00:00:12,18000.663006376115,-1500.0370492809295,51999.70322945182
2026-08-02 00:00:13,18000.55624699133,-1500.1433298922682,52000.15547078816
2026-08-02 00:00:14,18000.741135744312,-1499.8106270703438,52000.18549642459
2026-08-02 00:00:15,17999.949882045596,-1500.478850479062,51999.891291453154
2026-08-02 00:00:16,18000.537036909565,-1500.0339787071644,51999.660152884055
2026-08-02 00:00:17,17999.30853589928,-1500.2925922087918,52000.23183817221
2026-08-02 00:00:18,17999.144715848095,-1500.0974907359375,51999.579431068974
2026-08-02 00:00:19,17999.991129786453,-1499.4378528830503,51999.6990521557
2026-08-02 00:00:20,17999.530511457782,-1500.0336563794203,52000.457598803834
2026-08-02 00:00:21,18000.214617364712,-1499.9619326287198,51999.210663586186
2026-08-02 00:00:22,18000.174435945115,-1499.9333273700138,51999.66726625479
2026-08-02 00:00:23,17999.85729765132,-1499.4625024822585,52000.23198720618
2026-08-02 00:00:24,18000.809081669766,-1499.8371598855902,52000.103103267225
2026-08-02 00:00:25,17999.76206495094,-1499.9492586622064,51999.562525255424
2026-08-02 00:00:26,18000.243162191095,-1499.5961930900821,51999.16847173193
2026-08-02 00:00:27,18000.502484958433,-1499.8471177247577,51999.785724598354
2026-08-02 00:00:28,17999.820922387065,-1500.7144264010053,51999.87056877201
2026-08-02 00:00:29,17999.795857014647,-1500.2731220974463,51999.62356929108
2026-08-02 00:00:30,17999.255027915686,-1500.535258262123,51999.62978033953
2026-08-02 00:00:31,18000.562352453795,-1499.4162343086211,52000.39187016145
2026-08-02 00:00:32,18000.13694890838,-1500.9233213156815,51999.61009745821
2026-08-02 00:00:33,17999.98845580044,-1499.8778571757744,52000.12088584489
2026-08-02 00:00:34,18000.36637919711,-1499.051973536182,52000.30939751688
2026-08-02 00:00:35,17999.51667278981,-1500.9428252716773,52000.17101172476
2026-08-02 00:00:36,18000.6267044823,-1500.104968273654,52000.5344658412
2026-08-02 00:00:37,17999.9599140836,-1500.364393798018,51999.51080113611
2026-08-02 00:00:38,17999.802479652793,-1500.236106351934,51999.793884654355
2026-08-02 00:00:39,18000.314634339153,-1500.3673187828765,51999.70971256875
2026-08-02 00:00:40,18001.365440782454,-1500.239589997669,52000.97531758424
2026-08-02 00:00:41,18000.348514840887,-1500.1170514375078,52000.03383357797
2026-08-02 00:00:42,18000.313895374977,-1499.3315677470878,52000.02860209303
2026-08-02 00:00:43,17999.520834815703,-1499.4728214224447,52000.26243511005
2026-08-02 00:00:44,18000.108109904813,-1500.8259857760931,51999.773192464
2026-08-02 00:00:45,18000.43262481074,-1499.5991113640512,52000.05731932909
2026-08-02 00:00:46,17999.86643608391,-1499.6124085016388,52000.540090239636
2026-08-02 00:00:47,18000.414470937958,-1500.384829892871,51999.011516914696
2026-08-02 00:00:48,18001.077968664635,-1499.2757313410082,51999.877143363316
2026-08-02 00:00:49,17999.99356195602,-1499.9037373104977,51999.900915181235
2026-08-02 00:00:50,17999.682418655833,-1500.689069102651,51999.882037910116
2026-08-02 00:00:51,17999.857082865004,-1499.986039681748,52000.551969587
2026-08-02 00:00:52,18000.800173157968,-1500.1645263649536,51999.78911939539
2026-08-02 00:00:53,17999.280210682373,-1500.538446474214,52000.05396713316
2026-08-02 00:00:54,18000.209625556705,-1500.4136224044728,52001.19118782997
2026-08-02 00:00:55,17999.905405509606,-1501.082333450166,52000.62092680923
2026-08-02 00:00:56,17999.755996733726,-1500.4421191606743,52000.4026633375
2026-08-02 00:00:57,18000.438652324687,-1500.3329600743014,52000.45991762763
2026-08-02 00:00:58,17999.38531261276,-1500.5438091172582,51999.79639959356
2026-08-02 00:00:59,17999.805674496416,-1499.1565986787587,52000.82788621639
2026-08-02 00:01:00,17999.95382699282,-1500.24354547084,51999.24802799843
2026-08-02 00:01:01,17999.75922103482,-1500.4452215495753,52000.07039483127
2026-08-02 00:01:02,17999.322116632717,-1499.7873699289648,52000.0601378858
2026-08-02 00:01:03,18000.376012229102,-1500.0729381641868,51999.83831461945
2026-08-02 00:01:04,17998.618942883157,-1498.8939931607142,52000.86876958458
2026-08-02 00:01:05,17999.760007367848,-1499.8417373039642,52000.19602200876
2026-08-02 00:01:06,18000.800104622693,-1500.5124693579141,51999.28140525578
2026-08-02 00:01:07,18000.498757492784,-1500.6000209971241,51999.60273853311
2026-08-02 00:01:08,17999.59581340376,-1500.22625104924,52000.3429964808
2026-08-02 00:01:09,17999.949764014804,-1500.9271801508044,51999.95365588338
2026-08-02 00:01:10,18000.525732474467,-1499.2213056759103,52000.14053498192
2026-08-02 00:01:11,17999.718882213354,-1499.4879819618513,52000.46383877782
2026-08-02 00:01:12,18000.447869879114,-1499.8609839773628,52000.1272283092
2026-08-02 00:01:13,17999.883230691907,-1500.4304575361018,51999.89177444372
2026-08-02 00:01:14,18000.5562342668,-1499.7934275461446,52000.40864626941
2026-08-02 00:01:15,18000.420659301853,-1500.032717163909,51999.914987263204
2026-08-02 00:01:16,17999.93152408453,-1499.923157360944,51999.8275510426
2026-08-02 00:01:17,17999.77885896017,-1500.3376039645836,52000.343102024955
2026-08-02 00:01:18,17999.222035826933,-1499.8592949804697,52000.208348750886
2026-08-02 00:01:19,17999.449526734115,-1500.6584472282666,51999.600272747295
2026-08-02 00:01:20,18000.434684492844,-1500.5447149064396,52000.59815418926
2026-08-02 00:01:21,17999.959697625232,-1500.4217551538732,51999.94552566753
2026-08-02 00:01:22,17999.9433515498,-1499.81912121543,51999.94517780618
2026-08-02 00:01:23,17999.0788359241,-1499.8735374816488,52000.60723192656
2026-08-02 00:01:24,18000.10529016318,-1500.3668722512984,51999.748806337644
2026-08-02 00:01:25,18000.134816865775,-1500.7850124785236,51999.997473508905
2026-08-02 00:01:26,18000.049877768466,-1500.918772853089,51999.512846181075
2026-08-02 00:01:27,18000.338174222084,-1500.4311428561152,51999.71589590255
2026-08-02 00:01:28,17999.999088162105,-1499.213854330314,52000.22719673593
2026-08-02 00:01:29,17999.479932616894,-1499.3660073473773,52000.69959328818
2026-08-02 00:01:30,18000.899427629745,-1499.4399483814673,52000.44767206084
2026-08-02 00:01:31,17999.168019742923,-1499.7722370380993,52000.15812237401
2026-08-02 00:01:32,17999.5413330186,-1500.0664228390813,51999.08134107837
2026-08-02 00:01:33,18000.210539216696,-1499.9892492667861,52000.507165944415
2026-08-02 00:01:34,17999.35979138408,-1500.622241531412,52000.06333395006
2026-08-02 00:01:35,17999.19932884105,-1499.4829116597837,52000.39061326945
2026-08-02 00:01:36,17999.370250110456,-1499.526195599085,52000.46040094518
2026-08-02 00:01:37,17999.58495216398,-1500.700698691116,51999.50557151555
2026-08-02 00:01:38,17999.587420825865,-1499.996172477386,52000.641510574234
2026-08-02 00:01:39,17998.789628664657,-1500.7445457219617,52000.553792552964
2026-08-02 00:01:40,18000.4886847338,-1500.488604886804,51999.863262183215
2026-08-02 00:01:41,18000.392896737747,-1499.293052264217,52000.715254011404
2026-08-02 00:01:42,18000.754074160017,-1499.0907405178116,52000.78435502274
2026-08-02 00:01:43,17998.44619802671,-1500.5784098795332,51999.78141309282
2026-08-02 00:01:44,17999.594409871264,-1499.7480089134096,52000.20235210897
2026-08-02 00:01:45,17999.363493205492,-1500.205099914775,52000.8622931622
2026-08-02 00:01:46,18000.029090593667,-1500.6333210653388,51999.94246579671
2026-08-02 00:01:47,17999.264437973496,-1500.8820527747505,52000.311025219475
2026-08-02 00:01:48,17999.2378386781,-1500.6006134167371,52000.02975556267
2026-08-02 00:01:49,18000.52927716531,-1499.8103634645167,51999.92567071821
2026-08-02 00:01:50,17999.764694911657,-1500.1256924944576,52000.16737463183
2026-08-02 00:01:51,18000.0265520298,-1499.8078328357951,51999.58330714
2026-08-02 00:01:52,17999.601998479793,-1500.586348170823,51999.88506732908
2026-08-02 00:01:53,17999.382279355326,-1499.9721101274292,51999.995914169645
2026-08-02 00:01:54,18001.191194900595,-1499.7644464845325,52000.729094229486
2026-08-02 00:01:55,17999.771102174353,-1499.9087520517878,51999.74039970127
2026-08-02 00:01:56,17999.572654721676,-1499.8286370375451,52000.1661741339
2026-08-02 00:01:57,17999.74257614445,-1500.179006513678,52000.61684287121
2026-08-02 00:01:58,17999.422123353066,-1499.8245337167414,52000.43131229488
2026-08-02 00:01:59,18000.32666247863,-1500.0620468130887,51999.70185129642
2026-08-02 00:02:00,18000.000590518586,-1500.0103164269913,52000.43251301389
2026-08-02 00:02:01,17999.52573959959,-1500.299470197621,52000.329587728265
2026-08-02 00:02:02,18000.307977075452,-1500.3564539428694,52001.01411091511
2026-08-02 00:02:03,17999.78335733153,-1499.5336133948124,52000.06092248342
2026-08-02 00:02:04,17999.73920917787,-1500.002743283352,52000.094827813344
2026-08-02 00:02:05,18000.790273274084,-1499.5416203922323,51999.671073735466
2026-08-02 00:02:06,17999.18303877306,-1500.420198971176,52000.20513343515
2026-08-02 00:02:07,18000.148869599223,-1500.3024934613734,51999.50785338462
2026-08-02 00:02:08,17999.474137980218,-1499.5104886152803,52000.32402392461
2026-08-02 00:02:09,18000.71032974433,-1500.089571865423,52000.39152121444
2026-08-02 00:02:10,17999.371996798815,-1500.0477639571473,52000.83328943392
2026-08-02 00:02:11,18000.53583771421,-1500.3439905276177,52001.4669742434
2026-08-02 00:02:12,17999.811186755498,-1500.497737764741,51999.795973057924
2026-08-02 00:02:13,17999.88979720535,-1499.9898736136984,51999.07555535142
2026-08-02 00:02:14,17999.93850951297,-1499.9297072299821,51999.552223796985
2026-08-02 00:02:15,17999.47178192186,-1498.981073726893,52000.16785360779
2026-08-02 00:02:16,18000.239459265984,-1500.2752610337209,51999.875396280586
2026-08-02 00:02:17,17999.530656435145,-1499.221791589367,51998.344680954346
2026-08-02 00:02:18,17999.947826508764,-1500.9780793234204,52000.5172894834
2026-08-02 00:02:19,18000.19886532664,-1499.7396805750761,52000.10014935949
2026-08-02 00:02:20,17999.319979580192,-1500.7467809658303,52000.09330762765
2026-08-02 00:02:21,18000.61190075781,-1499.6968395167778,52000.02584332726
2026-08-02 00:02:22,18000.427359086414,-1500.388777919784,52000.151132349485
2026-08-02 00:02:23,18000.07998588098,-1499.9416605868155,51999.06676667737
2026-08-02 00:02:24,18000.31471062938,-1500.1916222289242,52000.76808995958
2026-08-02 00:02:25,18000.205345018163,-1500.6466010660624,52000.49465230013
2026-08-02 00:02:26,17999.375292700424,-1499.974890836537,52000.60420005677
2026-08-02 00:02:27,18000.385735524487,-1499.872978889164,51999.98547011664
2026-08-02 00:02:28,17999.93166568181,-1500.2854394706287,51999.48480827101
2026-08-02 00:02:29,17999.77180278828,-1499.7970911380696,52001.02348926143
2026-08-02 00:02:30,17999.728772747305,-1499.4932610959822,52000.097231757754
2026-08-02 00:02:31,18000.548247608178,-1499.2428020859559,51999.541275607364
2026-08-02 00:02:32,17999.869712163232,-1500.4960713285604,52000.02838407851
2026-08-02 00:02:33,17999.769587063558,-1500.5891934524136,52000.09969712714
2026-08-02 00:02:34,18000.05792427042,-1500.1856787997356,52000.8900084205
2026-08-02 00:02:35,18000.34103140555,-1500.5721226461749,51999.90450658641
2026-08-02 00:02:36,17999.8815347435,-1499.5520577499722,52000.03921900119
2026-08-02 00:02:37,18000.12011702071,-1500.4281067598076,51999.933702542774
2026-08-02 00:02:38,17999.528997000103,-1499.9368398170654,52000.002595293074
2026-08-02 00:02:39,18000.009334966442,-1500.689426418433,51999.8998238755
2026-08-02 00:02:40,17999.97872253397,-1499.74660483311,51999.656098650485
2026-08-02 00:02:41,17999.802907243946,-1499.9052845834112,51999.95150093746
2026-08-02 00:02:42,18000.66007840862,-1500.193502868576,52000.404688999464
2026-08-02 00:02:43,18000.082533818186,-1499.723485038756,52000.332629685654
2026-08-02 00:02:44,18000.85938054682,-1500.4551483980829,51999.57874317674
2026-08-02 00:02:45,17999.490820557723,-1499.5689566686267,51998.61528044079
2026-08-02 00:02:46,18000.321818661774,-1499.012812500087,52000.141350896825
2026-08-02 00:02:47,17999.930505559434,-1500.7707945831764,52000.4482224995
2026-08-02 00:02:48,17999.94876602654,-1499.9150803204516,51999.18947706797
2026-08-02 00:02:49,17999.68998974372,-1499.8136411432238,52000.96750005302
2026-08-02 00:02:50,17999.70260454446,-1500.1180606450685,51999.49287438504
2026-08-02 00:02:51,18000.086680901535,-1499.5247634954003,51999.47730733611
2026-08-02 00:02:52,18000.300321916686,-1499.7233792784414,51999.69563124353
2026-08-02 00:02:53,18000.339756188656,-1500.4068612872206,52001.165658170656
2026-08-02 00:02:54,18000.67321030961,-1500.5485346398511,52000.19906683691
2026-08-02 00:02:55,17999.463654895106,-1500.570956847974,51999.18346368837
2026-08-02 00:02:56,17999.316045788288,-1500.1519641787902,52000.117379325304
2026-08-02 00:02:57,18000.552548564458,-1499.872264850464,52000.56831018654
2026-08-02 00:02:58,17999.448367967172,-1500.7539006223992,51999.4761435208
2026-08-02 00:02:59,18000.23791342206,-1500.7263893194595,52000.008262132586
2026-08-02 00:03:00,18000.709222530248,-1500.3786838431893,52000.40259136709
2026-08-02 00:03:01,18000.781022061517,-1499.9586404348736,51999.25846176743
2026-08-02 00:03:02,17999.66278399287,-1499.8059741349523,52000.18780951692
2026-08-02 00:03:03,18000.236903517838,-1499.9216610687306,52000.07762030924
2026-08-02 00:03:04,17999.924498205884,-1499.9625551574434,52000.224169645204
2026-08-02 00:03:05,18001.147107897104,-1500.090703074969,52000.012501354904
2026-08-02 00:03:06,18000.73059635455,-1500.0484274696187,51998.732349382284
2026-08-02 00:03:07,17999.399359223535,-1500.2682347962827,51998.9620073272
2026-08-02 00:03:08,17999.803447306393,-1499.7226423556015,51999.538470965235
2026-08-02 00:03:09,18000.347333940532,-1500.5957838512606,51999.36227610743
2026-08-02 00:03:10,17999.927636026197,-1499.5945841476066,51998.93753157981
2026-08-02 00:03:11,17999.9385535438,-1500.0175197541007,51999.34590242483
2026-08-02 00:03:12,17999.33598453492,-1499.879017823568,52000.427799198784
2026-08-02 00:03:13,17999.544056578176,-1501.1796326792814,52000.33353364247
2026-08-02 00:03:14,18000.562016910655,-1499.5366075705056,52000.2323502527
2026-08-02 00:03:15,17999.68011650403,-1500.6597955658183,51998.75578699723
2026-08-02 00:03:16,18000.54378421039,-1500.638769056871,51999.37531525449
2026-08-02 00:03:17,17999.888112831184,-1500.1856882293919,51999.768483244414
2026-08-02 00:03:18,18000.150256688357,-1500.4440194503566,52000.33151150033
2026-08-02 00:03:19,18000.618069310756,-1500.2281807576908,51999.84977915195
2026-08-02 00:03:20,18000.44323174001,-1499.4366879731463,52000.10417872247
2026-08-02 00:03:21,17999.91352533493,-1499.4820034235313,52000.82906679908
2026-08-02 00:03:22,17999.515381098638,-1500.0730765857402,51999.38627964687
2026-08-02 00:03:23,18000.280581059727,-1498.2731259777574,52000.12383520861
2026-08-02 00:03:24,17999.372252522164,-1499.9071320796643,51999.46505806299
2026-08-02 00:03:25,18000.124827167703,-1499.5653026105797,52000.71035616146
2026-08-02 00:03:26,17999.597727759563,-1500.1120534672216,52000.05123062829
2026-08-02 00:03:27,18000.592422103997,-1499.1740934678367,52000.170015048534
2026-08-02 00:03:28,17998.66242643688,-1500.090543852197,51999.10648166875
2026-08-02 00:03:29,17999.706152719602,-1500.016841601655,52000.253232044735
2026-08-02 00:03:30,17999.837966673793,-1500.4105023547788,51999.96983197965
2026-08-02 00:03:31,17999.647145267234,-1500.48081813249,51999.33563318643
2026-08-02 00:03:32,17999.331730962273,-1500.3558119095162,51999.95020092285
2026-08-02 00:03:33,18000.01374003107,-1499.4768485499621,52000.6564014681
2026-08-02 00:03:34,18000.03461831991,-1499.9415559237773,51999.11336844886
2026-08-02 00:03:35,17999.57845939778,-1499.5517903227349,51999.52073194627
2026-08-02 00:03:36,18000.004437790434,-1499.725566512425,51999.60702514334
2026-08-02 00:03:37,18000.350987583457,-1501.1194395239943,51999.50920649272
2026-08-02 00:03:38,17999.8216476425,-1500.2510923362263,52000.73168189902
2026-08-02 00:03:39,17999.658310848685,-1500.0129758645605,51998.63048563631
2026-08-02 00:03:40,18000.270394169293,-1499.6568095914042,52000.471249341535
2026-08-02 00:03:41,18000.46736532345,-1499.0988145115941,52000.847087072056
2026-08-02 00:03:42,18000.351102126373,-1499.8905357611784,52000.362073005504
2026-08-02 00:03:43,17999.87991308064,-1500.6381680212717,52000.11567087096
2026-08-02 00:03:44,18000.080613652754,-1499.565517356965,51999.55926003703
2026-08-02 00:03:45,17999.507005919808,-1500.3941344553043,51999.785052981664
2026-08-02 00:03:46,18000.15055815448,-1500.0275169659576,52000.27100161537
2026-08-02 00:03:47,18000.274312144968,-1499.8274543544683,51999.33503864183
2026-08-02 00:03:48,17998.98886935089,-1499.6258158229582,51999.7622469703
2026-08-02 00:03:49,18000.389437115173,-1500.5820238835358,52000.46105310415
2026-08-02 00:03:50,18000.233002513774,-1500.367302852381,52000.699305627044
2026-08-02 00:03:51,17999.51598791358,-1499.5624202827644,52000.37641825571
2026-08-02 00:03:52,18000.48948527657,-1500.1477683599917,52000.52165386051
2026-08-02 00:03:53,18001.70702728139,-1499.8057367667307,52000.10619640488
2026-08-02 00:03:54,18000.461827055515,-1499.3724391713017,51998.812491652214
2026-08-02 00:03:55,17999.61475917705,-1499.7448128929652,51999.30236348073
2026-08-02 00:03:56,18000.257181398847,-1500.3411655826899,51999.988606398256
2026-08-02 00:03:57,17999.913102613365,-1499.024016981405,51999.83717771138
2026-08-02 00:03:58,18000.5788651704,-1499.6407560280486,52000.54948202761
2026-08-02 00:03:59,17999.601774338305,-1500.2340501052363,52000.074176548136
2026-08-02 00:04:00,17999.36792654699,-1500.5094616017477,52000.70575495466
2026-08-02 00:04:01,18000.27059390235,-1500.4571217973069,51999.959057468666
2026-08-02 00:04:02,17999.848891039856,-1499.8706490494149,51999.373325547924
2026-08-02 00:04:03,17999.77832462527,-1499.6137003687143,51999.68279607111
2026-08-02 00:04:04,18000.531446575103,-1500.045175611013,51999.95630749348
2026-08-02 00:04:05,17999.732231352424,-1500.4363257126931,51999.440389493764
2026-08-02 00:04:06,18001.242605529747,-1499.6987419871311,52000.06167869793
2026-08-02 00:04:07,18000.167242430853,-1499.7252344265694,52000.6885052952
2026-08-02 00:04:08,18000.839472172138,-1500.57051360428,52000.08252555163
2026-08-02 00:04:09,17999.79682903249,-1499.5157893049634,51999.950873775975
2026-08-02 00:04:10,17999.643791964136,-1499.5956221744614,51999.54253280899
2026-08-02 00:04:11,17999.684871436435,-1499.2374406406514,51999.504088777234
2026-08-02 00:04:12,18000.247787035194,-1499.8223030263068,51998.82880483793
2026-08-02 00:04:13,18000.70412005047,-1500.2482774773825,52000.58489110226
2026-08-02 00:04:14,18000.078120955925,-1499.3589553030636,52000.05640163839
2026-08-02 00:04:15,18000.986933314503,-1499.9586462139503,52000.195598085586
2026-08-02 00:04:16,17999.41472849566,-1500.6729673092357,52000.0025783254
2026-08-02 00:04:17,18000.396377588855,-1500.1120632084067,51999.680186462814
2026-08-02 00:04:18,17999.829305538893,-1500.111542228105,52000.15855207152
2026-08-02 00:04:19,17998.67580586989,-1499.4222580019268,52000.628084069926
2026-08-02 00:04:20,18000.117077667328,-1500.0457328610237,51999.71892675989
2026-08-02 00:04:21,18000.01415913385,-1500.1190077026938,51999.54485872487
2026-08-02 00:04:22,17999.31896844047,-1499.6123378859581,52000.11612867218
2026-08-02 00:04:23,18000.13951469637,-1500.7524523648447,51999.7839949692
2026-08-02 00:04:24,18000.32850453986,-1500.0775593237593,52000.228105440954
2026-08-02 00:04:25,17999.348584033913,-1500.406173636857,52000.40079079947
2026-08-02 00:04:26,17999.637485203784,-1500.2369110976745,52000.44415322335
2026-08-02 00:04:27,18000.20765312314,-1499.0036989238592,51998.794251856794
2026-08-02 00:04:28,18000.383820208393,-1499.8140036332647,51999.031263367426
2026-08-02 00:04:29,18000.130475451395,-1500.5697070478286,51999.11408342356
2026-08-02 00:04:30,17999.169312467653,-1500.0104324679196,51998.73092925315
2026-08-02 00:04:31,17999.51344858537,-1499.8225655206609,52000.04043725559
2026-08-02 00:04:32,18000.537625140692,-1500.1665460915658,52000.444890242514
2026-08-02 00:04:33,17999.66158562099,-1500.2050944423472,51999.223557724115
2026-08-02 00:04:34,18000.2592883647,-1500.5389230218434,51999.8720726786
2026-08-02 00:04:35,17999.474123304546,-1500.201756637057,52000.88662582845
2026-08-02 00:04:36,17999.43482647186,-1499.1494470727632,52000.67911166535
2026-08-02 00:04:37,18000.610881927383,-1499.2305633985711,51999.26879354961
2026-08-02 00:04:38,18000.423493061604,-1500.6969808453805,51999.84154119824
2026-08-02 00:04:39,17999.74974979238,-1499.7330935645825,52000.039235667224
2026-08-02 00:04:40,18000.163461977263,-1499.9646390448427,52000.29370704316
2026-08-02 00:04:41,17999.73208932681,-1500.248804685587,52000.053044065084
2026-08-02 00:04:42,18000.80494014527,-1500.2658238981176,51999.799345917265
2026-08-02 00:04:43,17999.687594072137,-1500.4011550292184,51998.60655886424
2026-08-02 00:04:44,17999.78221002256,-1499.8029796972694,52000.292799253635
2026-08-02 00:04:45,18000.36297168338,-1499.8589399169841,51999.277525488156
2026-08-02 00:04:46,18000.169633698286,-1500.3920767152476,51998.936080559746
2026-08-02 00:04:47,18000.46154651961,-1500.0282633992801,52000.64699799749
2026-08-02 00:04:48,17999.75671612251,-1499.6861141768518,52000.59700880184
2026-08-02 00:04:49,17998.50238257415,-1499.9848134907327,52000.653068770946
2026-08-02 00:04:50,17999.419063222456,-1500.072882117966,51999.51866485431
2026-08-02 00:04:51,18000.405763800045,-1500.2294290086068,51998.91936154747
2026-08-02 00:04:52,18000.507607169635,-1500.4013708013586,52000.66835348535
2026-08-02 00:04:53,18000.251379750818,-1500.2516927657248,51999.450394671425
2026-08-02 00:04:54,17999.742474968927,-1499.9358338656575,51999.998667042586
2026-08-02 00:04:55,17999.92727507485,-1499.4538020068724,52000.199550248755
2026-08-02 00:04:56,17999.019754772526,-1500.4797542128608,51999.98500545659
2026-08-02 00:04:57,17999.384762941994,-1499.8258852073309,52000.61720710635
2026-08-02 00:04:58,17999.028447569308,-1499.9237269380899,52000.24135433009
2026-08-02 00:04:59,17999.10963043758,-1499.605423739338,51999.739425204316
2026-08-02 00:05:00,18000.07090397267,-1500.5570082160743,52000.428469723105
2026-08-02 00:05:01,17999.01943915435,-1500.2174097850643,51999.862750850094
2026-08-02 00:05:02,17999.828771788812,-1499.4147293617302,51999.360208719154
2026-08-02 00:05:03,17999.19102819366,-1499.6613116589,51999.600593589166
2026-08-02 00:05:04,18000.441529910764,-1499.5549852646757,52000.007012395086
2026-08-02 00:05:05,18000.064927600542,-1500.1467838431442,51999.60480304357
2026-08-02 00:05:06,17999.948458777675,-1500.4678932147588,51999.23953736771
2026-08-02 00:05:07,17999.663775828918,-1499.7897933907263,52000.412700020024
2026-08-02 00:05:08,17999.87639015753,-1499.8074797470035,51999.19865995266
2026-08-02 00:05:09,18000.62232038149,-1500.4439588763041,52000.02053482568
2026-08-02 00:05:10,18000.833886532433,-1500.5937010932976,52000.117719452275
2026-08-02 00:05:11,17999.534367451106,-1500.8723982916902,51999.80218751704
2026-08-02 00:05:12,17999.931124270555,-1500.7637702964453,51999.72892191925
2026-08-02 00:05:13,18000.71732964286,-1499.9068379242415,52000.67908558431
2026-08-02 00:05:14,17999.959475662614,-1499.8809650987116,51999.26473978672
2026-08-02 00:05:15,18000.58113447778,-1499.0587514239915,51999.75858524711
2026-08-02 00:05:16,17999.75083647236,-1499.2926449145032,52001.15959123752
2026-08-02 00:05:17,18000.67169621322,-1499.3431837839676,52000.35225511422
2026-08-02 00:05:18,17999.891751396943,-1499.6388467330478,51998.45319568883
2026-08-02 00:05:19,17999.98343754523,-1500.0357220009344,51999.22312345869
2026-08-02 00:05:20,17999.091405842624,-1499.0297178086962,51999.99058223881
2026-08-02 00:05:21,17999.789281572565,-1499.9122399844723,52000.42572936486
2026-08-02 00:05:22,17999.14700767178,-1499.6786239302858,52000.19839977577
2026-08-02 00:05:23,17999.930334943416,-1499.786389718229,52000.57174770362
2026-08-02 00:05:24,18000.05284331192,-1499.9034219716802,51999.52117162055
2026-08-02 00:05:25,18000.213533112368,-1499.436640193039,52000.94279296943
2026-08-02 00:05:26,17999.50574492346,-1499.7834550714178,52000.11541375981
2026-08-02 00:05:27,17999.876428986277,-1500.7852089307578,52000.28157809552
2026-08-02 00:05:28,17999.725423022785,-1500.3310872147122,52000.752991053305
2026-08-02 00:05:29,17999.931934614124,-1499.959721109261,52000.33115289737
2026-08-02 00:05:30,17999.526985603952,-1499.2776247118657,51999.55433019328
2026-08-02 00:05:31,17999.98391763589,-1499.9284872134556,51999.78655028458
2026-08-02 00:05:32,17999.73881091824,-1499.9521804168044,52000.20772823014
2026-08-02 00:05:33,18000.054978257333,-1499.8392868680298,52001.15889205162
2026-08-02 00:05:34,18000.385881239097,-1500.08943359724,51999.899094129854
2026-08-02 00:05:35,17999.405466372653,-1501.4613779641525,51999.86615997945
2026-08-02 00:05:36,17999.324098967616,-1500.4643006201145,52000.43229846195
2026-08-02 00:05:37,17999.61430545675,-1500.4199862977152,51999.93529424427
2026-08-02 00:05:38,18000.535133089263,-1500.720382098075,51999.91985145401
2026-08-02 00:05:39,18000.233678572054,-1500.2258052609673,51999.80193054019
2026-08-02 00:05:40,17998.698689489793,-1499.7696031837963,52000.02468674147
2026-08-02 00:05:41,18000.236500493058,-1499.9553692830068,51999.64218063507
2026-08-02 00:05:42,18000.181282049118,-1499.6875001385692,51999.8070545919
2026-08-02 00:05:43,17999.520606525424,-1500.0689194954252,51998.195664290266
2026-08-02 00:05:44,17999.51974816887,-1499.918923422188,52000.23944354247
2026-08-02 00:05:45,17999.732601195563,-1500.0135452454076,52000.00006110747
2026-08-02 00:05:46,18000.737040191038,-1500.135766923839,52000.21853220981
2026-08-02 00:05:47,18000.880123463518,-1499.611874315302,51999.310073690045
2026-08-02 00:05:48,18000.217330389234,-1499.2901416236948,52000.506514686764
2026-08-02 00:05:49,17999.485169670483,-1500.0065723935224,52000.75571148922
2026-08-02 00:05:50,17999.057389429778,-1499.650098817106,52000.63309243045
2026-08-02 00:05:51,17999.473182198824,-1500.1024733495287,51999.74314232563
2026-08-02 00:05:52,17999.922987237536,-1499.6978178721056,52000.46188444677
2026-08-02 00:05:53,18000.301981173867,-1499.5542545144185,52000.288673053554
2026-08-02 00:05:54,17999.937313594983,-1500.0430786856593,52000.26833396516
2026-08-02 00:05:55,17999.232964448263,-1500.6588731448585,51999.635767857035
2026-08-02 00:05:56,18000.32689950974,-1498.8890839516105,52000.662097520166
2026-08-02 00:05:57,18000.549744135707,-1500.8247434184307,52000.73426776685
2026-08-02 00:05:58,17999.934986763416,-1499.631295732384,51999.340217052195
2026-08-02 00:05:59,17999.751499960206,-1500.5408654168205,51999.560842269064
2026-08-02 00:06:00,17999.897535115175,-1499.717824792384,52000.859970974285
2026-08-02 00:06:01,17999.19309550168,-1500.3073512467518,52000.67197203131
2026-08-02 00:06:02,18000.839481734907,-1500.3403617275449,51999.87822187446
2026-08-02 00:06:03,17999.665189239095,-1499.7221257125898,51999.82908068567
2026-08-02 00:06:04,18000.124104150804,-1499.6843227736485,52000.518332685846
2026-08-02 00:06:05,17999.6725856313,-1500.6163583620746,52001.07686092898
2026-08-02 00:06:06,17999.64634784633,-1499.1509828253515,52000.15734525964
2026-08-02 00:06:07,18000.11523302117,-1500.3154328504631,52000.31682143821
2026-08-02 00:06:08,18000.066744669133,-1500.0167088143673,51999.29065801438
2026-08-02 00:06:09,18000.405218325897,-1499.9794877350814,52000.03695380864
2026-08-02 00:06:10,18000.09026703542,-1500.3582423419502,52000.94304399864
2026-08-02 00:06:11,18000.199622602293,-1499.994894210474,52000.01745474383
2026-08-02 00:06:12,17999.525233297893,-1500.346113877711,51999.842530520786
2026-08-02 00:06:13,18000.03642244275,-1500.267248092202,52000.353800377816
2026-08-02 00:06:14,17999.07767771276,-1499.9946761259032,52000.3309505403
2026-08-02 00:06:15,17999.438413854874,-1500.5438418043182,52000.13758798539
2026-08-02 00:06:16,17999.27558182612,-1499.5374985985047,52000.53974954498
2026-08-02 00:06:17,18000.68454877187,-1499.265192761374,52000.17276852585
2026-08-02 00:06:18,17999.39929566619,-1499.512231682519,51999.931433575584
2026-08-02 00:06:19,17999.711906892673,-1499.4926851136668,51999.900809636456
2026-08-02 00:06:20,17999.22393612745,-1499.7421579552056,52000.59573121732
2026-08-02 00:06:21,18000.270084301035,-1499.8466584430134,52000.577874627306
2026-08-02 00:06:22,17999.458130894673,-1500.610340138459,52000.142688433065
2026-08-02 00:06:23,18000.163320190164,-1499.518308187898,52000.528857437595
2026-08-02 00:06:24,17999.886944600945,-1499.9463909760698,52000.05904530304
2026-08-02 00:06:25,17999.66688892738,-1499.0387372669786,52000.27711577009
2026-08-02 00:06:26,18000.309618519546,-1500.3897231368294,51999.72765603912
2026-08-02 00:06:27,18000.39148518864,-1500.3781150764603,52000.84032780579
2026-08-02 00:06:28,17999.788844851908,-1500.11639123008,51999.15337930243
2026-08-02 00:06:29,18000.597834825283,-1499.5600311016397,51999.84933984419
2026-08-02 00:06:30,18000.465889421885,-1500.2799653764603,51999.85683367053
2026-08-02 00:06:31,18000.14512724524,-1500.188257945605,51999.57248452195
2026-08-02 00:06:32,18000.04898838232,-1500.4878182255495,52000.55193921859
2026-08-02 00:06:33,18000.341265686493,-1499.6013481108478,52000.35532425954
2026-08-02 00:06:34,17999.39639386578,-1499.970602396606,52000.204663233155
2026-08-02 00:06:35,18000.61036969917,-1500.0109985331414,51999.18094500113
2026-08-02 00:06:36,17998.990728292105,-1500.534461836482,51999.233853149606
2026-08-02 00:06:37,17999.938514078705,-1500.2859788671205,51999.03360443782
2026-08-02 00:06:38,17999.649675856595,-1499.8871454889293,51999.71523976881
2026-08-02 00:06:39,17999.84158866081,-1500.3661409593624,52000.707586516706
2026-08-02 00:06:40,17999.23182517282,-1500.0857682335213,51999.45562608412
2026-08-02 00:06:41,17999.666808529822,-1500.0688532846038,51999.80934652238
2026-08-02 00:06:42,18000.09210441317,-1499.5588682991706,51999.22229546083
2026-08-02 00:06:43,18000.155475279884,-1499.1876254949846,51999.647908631785
2026-08-02 00:06:44,17999.946404546907,-1500.1517327802292,52000.1867694099
2026-08-02 00:06:45,17998.652648018444,-1500.8493616289686,52000.00813925741
2026-08-02 00:06:46,18000.825856922012,-1500.5924667175268,52000.59031671187
2026-08-02 00:06:47,17999.136445168853,-1499.5339145099413,52000.55128017475
2026-08-02 00:06:48,17999.626780880182,-1498.680905961853,51999.367160282236
2026-08-02 00:06:49,17999.749513298946,-1500.4686760426414,51999.51572377001
2026-08-02 00:06:50,17999.699172983637,-1500.1553052461695,51999.88917271169
2026-08-02 00:06:51,18000.420857053366,-1501.1541400931148,51999.71878920443
2026-08-02 00:06:52,18000.1247264755,-1499.6605208164967,52000.14682580232
2026-08-02 00:06:53,17999.8858328476,-1499.4349822092397,51999.33599951537
2026-08-02 00:06:54,18000.439447131273,-1500.6400652495597,52000.285757017744
2026-08-02 00:06:55,18000.02288484472,-1499.5169885389955,51998.584139171384
2026-08-02 00:06:56,18000.549459871287,-1499.495120484354,51999.738621474906
2026-08-02 00:06:57,17999.893878977524,-1499.2515251925956,52000.11057382352
2026-08-02 00:06:58,18000.215810296082,-1500.2728350943657,51999.32058551624
2026-08-02 00:06:59,18000.021489865274,-1500.895438475389,52000.16866002418
2026-08-02 00:07:00,17999.117318914985,-1500.8564228863645,51999.72879325853
2026-08-02 00:07:01,17999.6191345562,-1500.529814946529,52000.22898817731
2026-08-02 00:07:02,18000.78746940252,-1500.60011760865,52000.639940718735
2026-08-02 00:07:03,18000.311245007662,-1500.2393319400767,52000.3247444601
2026-08-02 00:07:04,17999.75966024421,-1499.6288908154525,51999.59551208816
2026-08-02 00:07:05,17999.851478046843,-1500.0291802478102,51998.78972533907
2026-08-02 00:07:06,17999.67043870426,-1500.2333058417792,51999.79857562295
2026-08-02 00:07:07,17999.352295319302,-1499.802658177507,51999.695506808355
2026-08-02 00:07:08,17999.967174337282,-1499.5792035304669,52000.009651494
2026-08-02 00:07:09,17998.802160461426,-1500.5131864007537,52000.31029067673
2026-08-02 00:07:10,17998.988455918636,-1499.76356500332,52000.42027641537
2026-08-02 00:07:11,18000.724774683782,-1499.6862183955634,52000.17482387401
2026-08-02 00:07:12,18000.148712376245,-1500.2068269089184,52000.42599223021
2026-08-02 00:07:13,17999.465882696662,-1499.3165843672114,51999.84725911124
2026-08-02 00:07:14,18000.127591733475,-1499.9783892185421,51998.89682780861
2026-08-02 00:07:15,17999.831092289838,-1500.4277174057581,52000.03834117243
2026-08-02 00:07:16,17999.692048641005,-1499.9944971242494,51999.901549199276
2026-08-02 00:07:17,17999.717374160013,-1500.3483298011215,51998.972279708796
2026-08-02 00:07:18,17999.381654060337,-1499.6588942978576,52000.06966350556
2026-08-02 00:07:19,18000.932369277085,-1500.5463613739494,51999.414453477504
2026-08-02 00:07:20,17999.58437517728,-1499.6076699031382,52000.06351617958
2026-08-02 00:07:21,17999.85686202154,-1499.0723490490766,52000.22556516098
2026-08-02 00:07:22,18000.402363663194,-1500.8452085763795,52000.50135756986
2026-08-02 00:07:23,18001.22147540605,-1499.510838767757,52000.02489174203
2026-08-02 00:07:24,17999.528374302565,-1499.2704982999837,52000.55955635187
2026-08-02 00:07:25,18000.02860162431,-1499.1490897026822,52000.107650333885
2026-08-02 00:07:26,17999.542770280612,-1499.841988987345,51999.48244971805
2026-08-02 00:07:27,18000.654197679167,-1499.8999958880827,51999.00930581738
2026-08-02 00:07:28,18000.398615055103,-1500.2782697977605,51999.727636007716
2026-08-02 00:07:29,18000.076202270608,-1499.8831884196763,52001.002907268994
2026-08-02 00:07:30,17999.092125609786,-1500.7843379296462,52000.74066427432
2026-08-02 00:07:31,17999.95955695246,-1499.3184770782393,52000.282139248724
2026-08-02 00:07:32,18000.394354637316,-1500.6057769549418,51999.91753200209
2026-08-02 00:07:33,17999.554316200403,-1500.7897270227204,52000.02825699903
2026-08-02 00:07:34,18000.24694232632,-1500.479964648419,52000.10941789077
2026-08-02 00:07:35,17999.50880131441,-1500.1162582564045,51999.0322499751
2026-08-02 00:07:36,17999.405187457513,-1500.273515708923,51999.881501887
2026-08-02 00:07:37,17999.47304553781,-1500.1228672331538,52000.47727267532
2026-08-02 00:07:38,18000.125510853937,-1499.9102872571273,51999.78032912348
2026-08-02 00:07:39,17999.853833895977,-1500.2792892418001,52000.70513932808
2026-08-02 00:07:40,17999.886493648355,-1499.8564446007204,52000.01951270446
2026-08-02 00:07:41,18000.098914924725,-1499.8024944516974,51999.7611322385
2026-08-02 00:07:42,18000.08781070647,-1500.487566577674,51999.786715010734
2026-08-02 00:07:43,18000.041523365056,-1500.5952627297513,51999.91224490473
2026-08-02 00:07:44,17999.76805953147,-1500.3656580889863,51999.81256442567
2026-08-02 00:07:45,18000.117853899643,-1499.8144028647923,52000.88211859373
2026-08-02 00:07:46,17999.842438908054,-1500.1140539739154,52000.04114146563
2026-08-02 00:07:47,18000.149887382548,-1499.9860446996358,51999.8325350758
2026-08-02 00:07:48,18000.70561922676,-1499.3419832593697,51999.8225922093
2026-08-02 00:07:49,18000.113223024524,-1499.4089012671516,51999.85111038232
2026-08-02 00:07:50,18000.275496028768,-1499.321405642191,52000.40746713094
2026-08-02 00:07:51,17999.616706344652,-1500.280231826637,52000.16663608287
2026-08-02 00:07:52,18000.75680810633,-1499.607070828525,52000.16266642153
2026-08-02 00:07:53,18000.10472272942,-1499.7306762555206,52000.066201006724
2026-08-02 00:07:54,17999.12863143698,-1500.7456085966223,52000.783697402294
2026-08-02 00:07:55,17999.145468429164,-1499.1419474780412,52000.58525683738
2026-08-02 00:07:56,18000.512507417272,-1500.4906993904879,51999.32101794217
2026-08-02 00:07:57,17999.19678847778,-1499.6757858574165,52000.029684016794
2026-08-02 00:07:58,17999.892492257106,-1499.7724191340435,52000.410559159456
2026-08-02 00:07:59,17999.772477301038,-1499.0896708435878,52000.07061904632
2026-08-02 00:08:00,18000.34179981364,-1500.1123611364674,51999.570557107836
2026-08-02 00:08:01,18000.489727115597,-1499.5042335629898,52000.0680495392
2026-08-02 00:08:02,17999.881500061863,-1500.5020849350767,52000.45539255724
2026-08-02 00:08:03,17999.751217457255,-1500.624327038049,52000.870559447314
2026-08-02 00:08:04,18000.02530558841,-1500.4110177611974,51999.64909608815
2026-08-02 00:08:05,18000.961611964984,-1500.0876986182086,52000.47507815158
2026-08-02 00:08:06,17999.601679439373,-1499.7956674643456,51999.50106583466
2026-08-02 00:08:07,18000.595595005143,-1500.1044156888468,52000.26352360692
2026-08-02 00:08:08,18000.2635949006,-1500.0239481384417,52000.378365464734
2026-08-02 00:08:09,17999.136875869324,-1499.7703218496758,51999.377751660635
2026-08-02 00:08:10,18000.02771534767,-1500.2973859573312,51999.96659233896
2026-08-02 00:08:11,17999.895115672425,-1500.167625222835,51999.670314374605
2026-08-02 00:08:12,17999.76022087545,-1499.8586525946996,51999.21097734098
2026-08-02 00:08:13,17999.874124804955,-1499.0420723951981,51999.59859243801
2026-08-02 00:08:14,18000.48509984891,-1499.6326913862943,52000.03111845627
2026-08-02 00:08:15,18001.10580058224,-1499.3548245127336,51999.979661006255
2026-08-02 00:08:16,18000.748238605127,-1500.2308511416788,52000.23484450446
2026-08-02 00:08:17,18000.214095626274,-1498.627208181066,51999.87407350945
2026-08-02 00:08:18,17999.82397021654,-1498.805920510145,52000.23753835694
2026-08-02 00:08:19,18000.269962177306,-1499.821068307197,52000.131228620055
2026-08-02 00:08:20,17999.329092545246,-1499.79886000504,51999.836923867886
2026-08-02 00:08:21,17999.83565091101,-1499.5932775599256,52000.12827180375
2026-08-02 00:08:22,18000.189900431014,-1499.2056816556462,51998.89397776208
2026-08-02 00:08:23,18000.237732825826,-1499.9727540297679,51999.625376496224
2026-08-02 00:08:24,18000.23854460248,-1500.3703437672505,52000.06684221596
2026-08-02 00:08:25,18000.694384594884,-1499.7695334384769,52000.83226217929
2026-08-02 00:08:26,17999.80906943109,-1500.2963480245298,51999.965522034116
2026-08-02 00:08:27,18000.023082262403,-1501.0579689341394,51999.89243310718
2026-08-02 00:08:28,17999.496574261768,-1499.6206617297025,52000.14421259972
2026-08-02 00:08:29,17999.356390974026,-1500.348022546389,52000.035845515755
2026-08-02 00:08:30,18000.082560715768,-1499.5344151357883,51999.90745501709
2026-08-02 00:08:31,17999.877158007046,-1498.980008794095,52000.30293029028
2026-08-02 00:08:32,17999.48243391089,-1499.4710144022247,51999.93317004894
2026-08-02 00:08:33,17999.781290880223,-1499.1921772104486,52000.0451270991
2026-08-02 00:08:34,17999.540497427886,-1499.9735229352102,52001.4806783133
2026-08-02 00:08:35,17999.299356073494,-1500.8784503367863,52000.26858839726
2026-08-02 00:08:36,17999.889996896254,-1499.8060614716028,52000.310497173516
2026-08-02 00:08:37,17999.64122024851,-1499.12697817748,52000.29319822426
2026-08-02 00:08:38,17999.23906159345,-1499.9739810439983,52000.390763699324
2026-08-02 00:08:39,18000.277418623136,-1499.8631762665364,52000.2518481474
2026-08-02 00:08:40,17999.420343768586,-1499.8057282989662,52000.42838305978
2026-08-02 00:08:41,18000.037943634,-1500.1805219513417,52000.07449137084
2026-08-02 00:08:42,17999.70871269245,-1499.8361704277265,51999.66392474241
2026-08-02 00:08:43,18000.397600429154,-1500.325528517802,52000.535438308325
2026-08-02 00:08:44,17999.486815969572,-1500.1313264342525,51999.62082282199
2026-08-02 00:08:45,17999.380253252275,-1500.2204575491885,51999.356217395245
2026-08-02 00:08:46,18000.505186931274,-1499.968036853534,52000.708241558685
2026-08-02 00:08:47,18000.011715544657,-1499.996383600431,52000.51146026905
2026-08-02 00:08:48,17999.9072208648,-1499.4223299777755,51999.81968845324
2026-08-02 00:08:49,17999.681201274914,-1500.155746722832,52000.23816268324
2026-08-02 00:08:50,18000.68145201725,-1500.0277227139763,52000.97613383641
2026-08-02 00:08:51,18000.012503986723,-1500.0556042857202,52000.41396275363
2026-08-02 00:08:52,17999.98954363492,-1499.6988171721216,52000.3262605234
2026-08-02 00:08:53,18001.262764208026,-1500.7819793141828,52000.535513448696
2026-08-02 00:08:54,18001.067230358407,-1500.5048329633964,51999.53578529028
2026-08-02 00:08:55,17999.676744466487,-1500.1465434762747,51999.647537184006
2026-08-02 00:08:56,18000.27737188116,-1499.5052344052121,52000.29367754634
2026-08-02 00:08:57,18000.596965045464,-1500.0131665289284,52000.101712675816
2026-08-02 00:08:58,18000.79746779616,-1498.971923465723,52000.48798555373
2026-08-02 00:08:59,17999.831706397363,-1499.1460193331288,52000.02443696144
2026-08-02 00:09:00,18000.8541620617,-1499.6920269875907,52000.06967362705
2026-08-02 00:09:01,18000.877562826816,-1500.1048838403146,52000.314230707205
2026-08-02 00:09:02,17999.45504608093,-1500.3115004369106,52001.52514861424
2026-08-02 00:09:03,18000.30317405336,-1499.66445634389,51999.83568383864
2026-08-02 00:09:04,17999.72647821326,-1500.051709119942,51999.25575782481
2026-08-02 00:09:05,17999.373531057583,-1499.8821945755383,52000.0118265725
2026-08-02 00:09:06,18000.299379046308,-1501.091159243245,52000.02914630712
2026-08-02 00:09:07,18000.536175124304,-1499.902895576454,52001.3413816475
2026-08-02 00:09:08,18000.607637775316,-1499.8741232156233,51999.92000782956
2026-08-02 00:09:09,18000.108939312275,-1499.479332331773,51998.6068728996
2026-08-02 00:09:10,18000.132360154043,-1500.602378769151,52000.622985156886
2026-08-02 00:09:11,17999.6596465374,-1500.7376876114126,52000.990236315156
2026-08-02 00:09:12,17999.800397438954,-1499.9512685554166,51999.65948318934
2026-08-02 00:09:13,17999.990873363095,-1500.1763253855897,51999.85855055758
2026-08-02 00:09:14,17999.68755610084,-1500.6028556795734,51999.99632536902
2026-08-02 00:09:15,18000.36441132418,-1499.7137844389938,52000.181165713955
2026-08-02 00:09:16,17999.493597730205,-1499.8175289715373,52000.11782826354
2026-08-02 00:09:17,18000.42046911346,-1500.6416582157296,51999.649818093036
2026-08-02 00:09:18,18000.065415123827,-1499.8760778827277,51999.59056229007
2026-08-02 00:09:19,18000.808481808686,-1499.6970359089448,52000.51654320019
2026-08-02 00:09:20,18000.437800929143,-1500.249891017749,51999.823743262416
2026-08-02 00:09:21,18000.328604667273,-1500.3317344745644,51999.38164732881
2026-08-02 00:09:22,18000.130195722013,-1499.8440228983777,51998.99414543648
2026-08-02 00:09:23,18000.12440704699,-1500.6717673751132,51999.13987305909
2026-08-02 00:09:24,18000.361395668537,-1500.279207623778,52000.511883115934
2026-08-02 00:09:25,17999.456567688598,-1499.1280207832274,52000.63140577193
2026-08-02 00:09:26,18000.17698007584,-1500.5342402425729,51999.97605829347
2026-08-02 00:09:27,17999.96315215078,-1500.1616044398006,51999.648836247936
2026-08-02 00:09:28,17999.865415799664,-1499.6517138539211,51999.650090255964
2026-08-02 00:09:29,18000.1445483565,-1500.4046229004173,51999.46422485287
2026-08-02 00:09:30,18000.58331563892,-1499.9694093253904,51999.58525048555
2026-08-02 00:09:31,17999.37968891795,-1499.695665608219,52000.62971655726
2026-08-02 00:09:32,17999.630185788283,-1500.3163753381386,51999.99493803884
2026-08-02 00:09:33,17999.34915263898,-1498.421175035846,51999.71687353747
2026-08-02 00:09:34,17999.577479219177,-1500.9251126512493,52000.131978715726
2026-08-02 00:09:35,17999.80871610558,-1500.2028789990459,52000.18153127105
2026-08-02 00:09:36,17999.881851403094,-1499.367744531443,52000.77357085717
2026-08-02 00:09:37,17999.747889155773,-1499.878711179792,51999.685826153574
2026-08-02 00:09:38,17999.417502446064,-1499.9569125941448,52000.119731734565
2026-08-02 00:09:39,18000.442223156377,-1498.7408177870445,51999.80128188847
2026-08-02 00:09:40,18000.161130378103,-1499.9700446175257,51999.76889217448
2026-08-02 00:09:41,18000.54498850991,-1499.9633239035409,52000.7866922682
2026-08-02 00:09:42,18000.187260519506,-1500.3136372591944,51999.06712683173
2026-08-02 00:09:43,17999.536956548687,-1500.6099672865907,52000.185256375196
2026-08-02 00:09:44,17999.49813723259,-1499.5782956470753,51999.84925819837
2026-08-02 00:09:45,17999.903588042696,-1499.35617049717,52000.00156598404
2026-08-02 00:09:46,17999.89546869575,-1499.9891176523786,52000.1408787461
2026-08-02 00:09:47,17999.75030143515,-1500.375373630196,52000.827997170905
2026-08-02 00:09:48,18000.17319235126,-1500.6973481908992,51998.870092575955
2026-08-02 00:09:49,17999.579920885513,-1500.5874443298896,52000.39489074656
2026-08-02 00:09:50,17999.135187363143,-1499.8224159385209,51999.65811898842
2026-08-02 00:09:51,18000.23616309999,-1499.7239209437832,51999.10933909417
2026-08-02 00:09:52,17999.8137856469,-1499.413130053859,52000.36727966838
2026-08-02 00:09:53,18000.52007004746,-1499.3838718014686,51999.88799768801
2026-08-02 00:09:54,17999.7176300946,-1499.7413971622584,52000.44769751517
2026-08-02 00:09:55,18000.06392358194,-1499.5564277341077,52000.44341994317
2026-08-02 00:09:56,17999.829512537883,-1500.5907205736182,51999.32903317604
2026-08-02 00:09:57,17999.406496005,-1500.122761751248,51999.57455760616
2026-08-02 00:09:58,17999.67073225247,-1500.544901266966,51999.70863854499
2026-08-02 00:09:59,17999.606549620068,-1499.758582440062,52000.613073169974
2026-08-02 00:10:00,18000.313653836183,-1500.19178829483,52000.38720650853
2026-08-02 00:10:01,18000.511315006344,-1499.4929340447607,52000.25017215606
2026-08-02 00:10:02,17999.583599281363,-1499.5861017089012,52000.30667372832
2026-08-02 00:10:03,18000.393199611706,-1500.1132883590844,52001.194248940425
2026-08-02 00:10:04,17998.864603620266,-1499.5916247092955,51999.36374259716
2026-08-02 00:10:05,18000.26478903881,-1499.8144850128506,52000.03394453573
2026-08-02 00:10:06,18000.487288595272,-1500.407193121807,51999.88319295695
2026-08-02 00:10:07,18000.774778767118,-1499.8505893230483,51999.64776436957
2026-08-02 00:10:08,17999.71751917979,-1499.8438454018685,51999.135306790435
2026-08-02 00:10:09,18000.2806579467,-1499.6103280746784,51999.80695203532
2026-08-02 00:10:10,17999.81124669948,-1500.4472439726198,52000.02275454617
2026-08-02 00:10:11,18000.08161859177,-1500.5590409863787,52000.15670546714
2026-08-02 00:10:12,18000.171868434034,-1498.995193274513,51999.74347343382
2026-08-02 00:10:13,18000.186694185864,-1500.2687123363569,52000.34458388432
2026-08-02 00:10:14,17999.98519616816,-1499.9858482029551,51999.63581405505
2026-08-02 00:10:15,17999.372954837178,-1500.0288593756993,51999.79702373731
2026-08-02 00:10:16,18000.109907615406,-1500.5739215722308,51999.84538493115
2026-08-02 00:10:17,17999.458821328204,-1500.5535736271956,51999.490612704605
2026-08-02 00:10:18,18000.01989413373,-1499.902689447125,52000.41531230711
2026-08-02 00:10:19,18000.83558476543,-1499.9483162814777,51998.648761426324
2026-08-02 00:10:20,17999.9573322553,-1499.651213253589,51999.54836936112
2026-08-02 00:10:21,17999.720030391232,-1500.5799486727506,51999.94631633095
2026-08-02 00:10:22,18000.705957562368,-1500.8737526334944,51999.64077073943
2026-08-02 00:10:23,17999.006917493603,-1499.873242528976,51999.91116924273
2026-08-02 00:10:24,17999.908453598517,-1500.6658561581005,51999.7178967575
2026-08-02 00:10:25,18000.254447485135,-1499.809868820811,52001.062513727215
2026-08-02 00:10:26,17999.114592491147,-1500.358295288378,51999.98488536197
2026-08-02 00:10:27,17999.167856729564,-1499.5190692850451,52000.55558135077
2026-08-02 00:10:28,18000.275286532305,-1499.6071471606353,51999.24480564853
2026-08-02 00:10:29,17999.853246927414,-1499.218712776568,51999.87405506537
2026-08-02 00:10:30,18000.290120433376,-1499.741512879182,52000.26564056971
2026-08-02 00:10:31,17998.295220333734,-1499.1538358180676,51999.15521652331
2026-08-02 00:10:32,18000.45342451554,-1500.431517471782,51999.73105837731
2026-08-02 00:10:33,18000.143033988246,-1499.9404788358997,51999.67345456164
2026-08-02 00:10:34,17999.541452191865,-1499.5927010942407,52000.327099371556
2026-08-02 00:10:35,17999.205093314322,-1499.3964620241984,52000.17092067778
2026-08-02 00:10:36,18000.260334960825,-1499.2913893153545,51999.741439290454
2026-08-02 00:10:37,17998.90435583196,-1500.7101126037246,52000.58082663836
2026-08-02 00:10:38,18000.482556537663,-1499.7138420726237,52000.79932699574
2026-08-02 00:10:39,17999.850578688038,-1500.2712651141767,52000.23912535821
2026-08-02 00:10:40,18000.45177010044,-1500.5187000794608,52000.01950087377
2026-08-02 00:10:41,17999.00109418032,-1499.9675113409082,51999.99556356887
2026-08-02 00:10:42,17999.91130409177,-1500.0236566798121,52000.346251822775
2026-08-02 00:10:43,18000.23873676959,-1500.1833498661579,51999.37273951609
2026-08-02 00:10:44,18000.38935220387,-1500.1622427328502,52000.66865469981
2026-08-02 00:10:45,18000.320523147097,-1500.2788518472566,52000.36755562202
2026-08-02 00:10:46,18000.63662588677,-1500.035970875934,52000.31849171806
2026-08-02 00:10:47,18000.630348142666,-1500.0053607983393,52000.16180914973
2026-08-02 00:10:48,17999.064516774855,-1500.453053894955,51999.76071997746
2026-08-02 00:10:49,18000.42196453414,-1499.8597283319996,52000.02694163897
2026-08-02 00:10:50,18000.611574114315,-1499.256424216317,52000.2544900835
2026-08-02 00:10:51,17999.57338279544,-1499.6139227678816,52000.19018570433
2026-08-02 00:10:52,17999.823160389224,-1500.363256920005,51999.774765658265
2026-08-02 00:10:53,17999.240630107204,-1500.8526240517408,51999.712482167066
2026-08-02 00:10:54,17999.785560405686,-1500.089265724733,52000.08321223515
2026-08-02 00:10:55,17999.82760479395,-1499.4312154939794,52000.14765747858
2026-08-02 00:10:56,18000.178228878147,-1499.6957820925973,52000.50763175856
2026-08-02 00:10:57,17999.276076801416,-1499.6182214156195,52000.11182111279
2026-08-02 00:10:58,18000.09765882995,-1499.5312295058181,51999.652073447614
2026-08-02 00:10:59,18001.35967619235,-1499.6705527772021,51999.19140548617
2026-08-02 00:11:00,17999.483680451784,-1499.568038054193,52000.09868029264
2026-08-02 00:11:01,17999.851391700522,-1500.0969538280303,52000.48038561116
2026-08-02 00:11:02,18000.417332221285,-1499.9964879292418,51999.21515530275
2026-08-02 00:11:03,17998.336007736783,-1499.873695451964,51999.76875640421
2026-08-02 00:11:04,17999.08030475979,-1499.2833895318258,51999.559596777515
2026-08-02 00:11:05,17999.857590915177,-1500.1509585972676,51999.79383519167
2026-08-02 00:11:06,18000.38826881223,-1499.6362653202448,52000.03914530592
2026-08-02 00:11:07,17999.382864233463,-1500.5344845716807,51999.777268206446
2026-08-02 00:11:08,18000.643924486933,-1501.2798653866498,52000.08229277899
2026-08-02 00:11:09,17999.891148899234,-1499.535862512572,52001.01327419438
2026-08-02 00:11:10,17999.652073100267,-1499.838732624202,52001.584167097855
2026-08-02 00:11:11,17999.641120538465,-1499.5340809708096,52000.11605527009
2026-08-02 00:11:12,17999.50996880997,-1499.6069485661826,52000.271564891395
2026-08-02 00:11:13,17999.486704603667,-1500.6892763947003,52000.160594373905
2026-08-02 00:11:14,18000.36734404025,-1500.1370304013628,52000.61747983569
2026-08-02 00:11:15,17999.93080841982,-1499.920207807696,51999.92989836707
2026-08-02 00:11:16,17999.82743207749,-1500.2486103201206,52000.51234079587
2026-08-02 00:11:17,18000.496407045797,-1499.982817674926,52000.12811488336
2026-08-02 00:11:18,18000.566420789175,-1500.0150797069655,52000.27417609961
2026-08-02 00:11:19,17999.59154301537,-1498.703888668202,52000.910215122334
2026-08-02 00:11:20,17999.862036676033,-1499.6239162286404,51999.88203167516
2026-08-02 00:11:21,18000.182948564005,-1500.0051044570055,51999.62720184927
2026-08-02 00:11:22,18000.459246526225,-1500.4763541509467,51999.65820476245
2026-08-02 00:11:23,18000.38450171382,-1500.6824163005012,52000.37608654513
2026-08-02 00:11:24,17999.504900334803,-1499.8549896034497,51999.81719377183
2026-08-02 00:11:25,18000.28767946659,-1499.7398078925794,51999.662509657705
2026-08-02 00:11:26,18000.218473712786,-1500.2102371722387,51999.94905209947
2026-08-02 00:11:27,18000.793014351508,-1499.7001821179847,52000.65291030988
2026-08-02 00:11:28,18000.699514043237,-1499.49347192686,52000.08622261635
2026-08-02 00:11:29,18000.03345758869,-1500.3404378061912,52000.057243549716
2026-08-02 00:11:30,18000.655277248556,-1500.708950966765,52000.6184492805
2026-08-02 00:11:31,18000.488106017725,-1498.9352393140014,52000.0893751663
2026-08-02 00:11:32,18000.510997450558,-1500.8293194093,52000.100243178545
2026-08-02 00:11:33,17999.648290731606,-1499.4366088753575,52000.25558765812
2026-08-02 00:11:34,17999.511985153407,-1500.2970956506128,52000.207400389
2026-08-02 00:11:35,17999.83900686942,-1499.8766334211605,52000.941413003144
2026-08-02 00:11:36,17999.96033199865,-1500.5420565323918,51999.219295949086
2026-08-02 00:11:37,17999.945891289484,-1499.7210657313997,51999.28052489546
2026-08-02 00:11:38,17999.54522115751,-1499.5801293145687,51999.710269054456
2026-08-02 00:11:39,17999.624803569106,-1499.837410022818,51999.66545697392
2026-08-02 00:11:40,17999.874977852745,-1500.1081511834923,51999.63618842772
2026-08-02 00:11:41,17999.966540619418,-1500.2475308680202,51999.94227207264
2026-08-02 00:11:42,18001.12239666647,-1499.4711144154273,51999.322610561176
2026-08-02 00:11:43,17999.403530639695,-1500.761130881701,52000.27604449804
2026-08-02 00:11:44,17999.979432257227,-1500.6649826232724,52000.02267459862
2026-08-02 00:11:45,17999.364638329014,-1499.2569139437448,52000.728053704086
2026-08-02 00:11:46,17999.837906593,-1499.8706254069714,52000.21118774397
2026-08-02 00:11:47,17999.474370699772,-1500.3873793837922,52000.188771223344
2026-08-02 00:11:48,18000.33302300644,-1500.5645598307494,52000.290308471
2026-08-02 00:11:49,18000.532108814365,-1499.0525971001202,51999.578457324504
2026-08-02 00:11:50,18000.538166187856,-1499.596103641907,51999.8246221184
2026-08-02 00:11:51,18001.050087852414,-1500.1161799022768,51999.08315606785
2026-08-02 00:11:52,17999.483466454512,-1499.8876441306097,52000.297930386434
2026-08-02 00:11:53,18000.16930245185,-1499.3815482167593,52000.01029153394
2026-08-02 00:11:54,17999.71571212276,-1500.2925722998789,52000.11660559689
2026-08-02 00:11:55,18000.50680594759,-1500.7371828162607,51999.34555467012
2026-08-02 00:11:56,17999.947549047425,-1499.2659721277075,51998.703467082654
2026-08-02 00:11:57,18000.17352302447,-1499.7791987840098,51999.454476426065
2026-08-02 00:11:58,17998.961051669132,-1500.7082593693667,52000.616381898064
2026-08-02 00:11:59,18000.204198195293,-1500.0882494681384,52000.34784822633
2026-08-02 00:12:00,18000.408386532043,-1499.5208035080298,52000.614639751606
2026-08-02 00:12:01,18000.406614599444,-1500.1577072577375,51999.22358611411
2026-08-02 00:12:02,17999.364315716088,-1499.83552165192,51999.94260790345
2026-08-02 00:12:03,18000.01061029583,-1500.062207878502,52000.02066050103
2026-08-02 00:12:04,18000.118146478533,-1500.806763366498,51999.48572110216
2026-08-02 00:12:05,18000.56128085136,-1499.934163361291,52000.165417500364
2026-08-02 00:12:06,18000.024836771296,-1499.3816859482893,52000.40350950229
2026-08-02 00:12:07,17999.99251138733,-1500.1578484718611,52000.017675918825
2026-08-02 00:12:08,18000.593074706154,-1498.639665921379,51999.33129600769
2026-08-02 00:12:09,17999.654126387228,-1500.3304448300653,52000.20903113347
2026-08-02 00:12:10,17998.97258702446,-1501.3705815983653,52000.074054514975
2026-08-02 00:12:11,18000.94407538467,-1499.2985803985541,51999.663890071926
2026-08-02 00:12:12,18000.30622212176,-1500.2921129645626,51999.43189440088
2026-08-02 00:12:13,18000.09054786587,-1499.2090594785955,52000.72187045036
2026-08-02 00:12:14,17999.788381956816,-1499.6074661953867,51999.77892195068
2026-08-02 00:12:15,18000.484338567185,-1499.6987131981741,52000.54628715444
2026-08-02 00:12:16,17999.57592527233,-1501.1408325733578,52000.3135839751
2026-08-02 00:12:17,17999.895186682246,-1499.3737817030176,52001.00190553648
2026-08-02 00:12:18,18000.775036381485,-1500.1373300972118,52000.14725693883
2026-08-02 00:12:19,18000.103299126684,-1500.0304830741409,51999.954109370294
2026-08-02 00:12:20,18000.256204687666,-1500.8375014709097,51999.84448304449
2026-08-02 00:12:21,18000.311439011093,-1500.3567805201685,51999.77604525748
2026-08-02 00:12:22,18000.117751634018,-1499.8543507289446,52000.479527791846
2026-08-02 00:12:23,17999.73465750348,-1500.1810653689106,51999.66545786128
2026-08-02 00:12:24,17999.516983613274,-1499.102665830661,52000.32981544851
2026-08-02 00:12:25,18000.396412564438,-1499.4012989581797,52000.31109051656
2026-08-02 00:12:26,18000.032145259862,-1500.3540938489473,52000.10742957881
2026-08-02 00:12:27,17999.304692537946,-1499.6334262439289,52000.76276268106
2026-08-02 00:12:28,18000.36132740506,-1500.4552756969413,51999.94898988766
2026-08-02 00:12:29,17999.777372135282,-1500.4939904433347,52000.50339507931
2026-08-02 00:12:30,17999.67323117903,-1500.7657163035265,51999.71753548736
2026-08-02 00:12:31,18001.101862930325,-1501.081996060936,52000.01057798381
2026-08-02 00:12:32,18000.154736333636,-1499.347703463793,51999.701002067406
2026-08-02 00:12:33,18000.140768752557,-1499.628788453358,52000.58108446327
2026-08-02 00:12:34,17999.250983232505,-1500.7125638834793,52000.13025796842
2026-08-02 00:12:35,17999.675869631017,-1500.3542771380617,51999.4729074623
2026-08-02 00:12:36,17999.86711538548,-1499.4648445132966,51999.123694864946
2026-08-02 00:12:37,18000.544716509932,-1499.8209922196663,51999.657964169426
2026-08-02 00:12:38,18000.037865021317,-1499.6248743484582,52000.31717642658
2026-08-02 00:12:39,18000.16227599076,-1499.7409669064036,51998.873556314116
2026-08-02 00:12:40,17999.537094125182,-1499.3391485019076,51999.870502911996
2026-08-02 00:12:41,17999.523551830705,-1500.5475747393236,52000.46738410266
2026-08-02 00:12:42,18000.198565259103,-1500.5470808472012,51999.908783997234
2026-08-02 00:12:43,17999.902160518872,-1499.973351318993,52000.1778454865
2026-08-02 00:12:44,18000.19915749342,-1499.0447551279217,51998.821438912346
2026-08-02 00:12:45,17999.53075217053,-1499.515825921331,51999.96465672201
2026-08-02 00:12:46,18000.208297847315,-1499.5122559577612,52000.542196485505
2026-08-02 00:12:47,18000.198331429892,-1500.0621094004962,52000.39502956197
2026-08-02 00:12:48,17999.416394797256,-1499.6607723982165,51999.64685219951
2026-08-02 00:12:49,17999.7008800472,-1500.11072830372,52000.378172023586
2026-08-02 00:12:50,18000.258135425585,-1499.8716503923038,52000.57616692399
2026-08-02 00:12:51,18000.710870635845,-1499.5614472193945,51999.8936550393
2026-08-02 00:12:52,17999.715119631397,-1499.494802506315,52000.64738538341
2026-08-02 00:12:53,18000.114333187514,-1499.9220647221418,51999.14183221165
2026-08-02 00:12:54,18001.03511450096,-1499.999556131771,51999.71746831589
2026-08-02 00:12:55,17999.88424169192,-1500.1783748594191,52000.3970521203
2026-08-02 00:12:56,18000.024351615073,-1500.2254728182113,52000.525439742516
2026-08-02 00:12:57,18001.65219734063,-1499.4111270655394,51999.95687119529
2026-08-02 00:12:58,18000.462339359154,-1498.882296147712,51999.822700500954
2026-08-02 00:12:59,17999.25527034669,-1499.3957796871605,52000.334440461746
2026-08-02 00:13:00,18000.642965070714,-1500.6339296112358,51999.287384414005
2026-08-02 00:13:01,17999.931265481948,-1500.1998913446737,51999.46642040562
2026-08-02 00:13:02,18000.096004096504,-1500.3878175419527,52000.13448523862
2026-08-02 00:13:03,18000.151880950565,-1500.193865140495,51998.92779527777
2026-08-02 00:13:04,18000.884790956254,-1500.0501998868313,51999.90637750832
2026-08-02 00:13:05,17999.941478405028,-1500.5912644717664,51999.69351869725
2026-08-02 00:13:06,18000.209223297752,-1500.1167959737525,52000.04539435014
2026-08-02 00:13:07,17999.73829240476,-1499.1982190543781,51999.481000295884
2026-08-02 00:13:08,17999.908360587975,-1499.6752348312987,52000.22088164886
2026-08-02 00:13:09,18001.212025021836,-1499.8748390471571,52000.13618358704
2026-08-02 00:13:10,17999.956840503473,-1500.1104978545238,51999.90430012435
2026-08-02 00:13:11,18000.60734964653,-1499.8121318665533,52000.11272535507
2026-08-02 00:13:12,17999.511735981232,-1500.3411313918582,52000.535501056176
2026-08-02 00:13:13,17999.43122633664,-1500.614029542495,52000.08005961116
2026-08-02 00:13:14,17999.022039335538,-1499.9344231284515,52000.18730497523
2026-08-02 00:13:15,18000.05382645771,-1499.924767911914,52000.09327743522
2026-08-02 00:13:16,17999.83313234553,-1499.800512920834,51999.08864469668
2026-08-02 00:13:17,18000.292153030583,-1498.7973164626815,52000.50268233495
2026-08-02 00:13:18,17999.63291018543,-1499.5039066896688,52000.494844635774
2026-08-02 00:13:19,18000.56682736594,-1499.9630778670428,52000.19379785586
2026-08-02 00:13:20,18000.094986354143,-1498.8894693171765,51999.553551527504
2026-08-02 00:13:21,18000.075436462128,-1499.2588645043943,51999.413463837445
2026-08-02 00:13:22,17999.91859851992,-1500.6339157691443,52000.309867767384
2026-08-02 00:13:23,17999.305282747497,-1499.9411767989723,52000.7831541198
2026-08-02 00:13:24,17999.69273106187,-1500.2981278756286,52000.38120653822
2026-08-02 00:13:25,17999.603969429274,-1500.0655731417005,52001.12555160573
2026-08-02 00:13:26,17999.951195516962,-1499.3435076957476,52000.9534929236
2026-08-02 00:13:27,18000.703529432467,-1499.3957660363333,51999.42843307073
2026-08-02 00:13:28,17999.406991066386,-1500.1435626145003,51999.85583079933
2026-08-02 00:13:29,17999.552979933498,-1500.5390564654201,51999.44534272985
2026-08-02 00:13:30,17998.33707278728,-1500.5355538019105,52000.2640532474
2026-08-02 00:13:31,18000.51268958934,-1500.1625784717767,52000.26409723924
2026-08-02 00:13:32,18000.133602788945,-1499.9011038661233,51999.54497108472
2026-08-02 00:13:33,17999.424379612577,-1499.3950755694716,52000.02666371006
2026-08-02 00:13:34,18000.952060431635,-1499.9035761422058,51999.169222368226
2026-08-02 00:13:35,18000.092725800983,-1499.8663792662007,51999.52129244204
2026-08-02 00:13:36,18000.435608435866,-1500.136755972443,51999.53824239898
2026-08-02 00:13:37,17999.74645404733,-1500.3179350880423,52000.10697682554
2026-08-02 00:13:38,18000.30142098703,-1499.710199408871,52000.121044892854
2026-08-02 00:13:39,18000.414184155157,-1499.5436654604657,52000.2687118983
2026-08-02 00:13:40,17999.66113811217,-1499.7324619791975,52000.81344308121
2026-08-02 00:13:41,18000.049046116816,-1500.5128678247636,52000.80836908332
2026-08-02 00:13:42,18000.383442214374,-1499.6268819501593,51999.56900065597
2026-08-02 00:13:43,17998.92928377233,-1499.2081906730725,52000.02766585708
2026-08-02 00:13:44,18000.597251545885,-1500.367477286373,51998.803553475926
2026-08-02 00:13:45,17999.659777135952,-1499.8350378099178,51999.58390201853
2026-08-02 00:13:46,18000.332128985247,-1500.5071594213393,51999.93814946767
2026-08-02 00:13:47,18000.653871729824,-1500.0229702323775,51998.3343197468
2026-08-02 00:13:48,17999.58238212254,-1500.3482131706937,52000.89875726289
2026-08-02 00:13:49,18000.190429523358,-1499.5357355945036,51999.92125482027
2026-08-02 00:13:50,17999.208088998013,-1499.6039862819725,52000.02077640806
2026-08-02 00:13:51,18000.58550474324,-1500.9916557980962,52000.104374437535
2026-08-02 00:13:52,17999.86789343538,-1499.7208380134434,51999.87720919345
2026-08-02 00:13:53,18000.09488155344,-1499.923528740158,52000.29366938981
2026-08-02 00:13:54,17999.872530149423,-1500.8099191352862,52000.03427447066
2026-08-02 00:13:55,18000.11731303923,-1500.6323217338413,52000.37600670191
2026-08-02 00:13:56,17999.0629697431,-1498.6182428872319,52000.22658583122
2026-08-02 00:13:57,18000.169605150295,-1499.614619461917,52000.63522780968
2026-08-02 00:13:58,17999.86499046164,-1499.7355488547116,51999.73556049429
2026-08-02 00:13:59,18001.03272258846,-1499.4647756714978,52000.443805665054
2026-08-02 00:14:00,18000.040413923613,-1498.9378731035154,52000.38854255171
2026-08-02 00:14:01,17999.602844279547,-1499.7460391268507,52000.2913420272
2026-08-02 00:14:02,17999.25139904679,-1500.4196268718142,51999.68418825654
2026-08-02 00:14:03,17999.477215584717,-1499.682777245333,51999.50644043609
2026-08-02 00:14:04,18000.234241301732,-1500.1704042108881,52000.21149897593
2026-08-02 00:14:05,17999.347228366565,-1500.6974947615552,52000.84183451404
2026-08-02 00:14:06,17999.653636649648,-1499.5637221334014,52000.17711855608
2026-08-02 00:14:07,17999.43102536017,-1499.572322536039,51999.96959279538
2026-08-02 00:14:08,17999.446181409574,-1500.2204366132316,51999.70534001057
2026-08-02 00:14:09,18000.656478361525,-1499.9829975305138,51999.71197345856
2026-08-02 00:14:10,18000.07012700857,-1500.4057342382953,51999.46134291439
2026-08-02 00:14:11,18000.175387146737,-1500.2838156791947,51999.57795866817
2026-08-02 00:14:12,18000.523317164872,-1500.5478617224353,51999.89450835557
2026-08-02 00:14:13,18000.43706702502,-1500.0131233506295,51999.22604692949
2026-08-02 00:14:14,18000.29591406693,-1499.7270431862678,52000.38155615722
2026-08-02 00:14:15,17999.651235016237,-1500.1534975287466,51999.65410487385
2026-08-02 00:14:16,18000.164993121016,-1500.501264026336,52000.3895765621
2026-08-02 00:14:17,17999.73896983664,-1500.9246883153232,51999.60105499762
2026-08-02 00:14:18,17999.22550444367,-1498.7808341861519,51999.94736454468
2026-08-02 00:14:19,18000.491437224948,-1500.1413260685422,52000.29344077325
2026-08-02 00:14:20,18000.098501057775,-1500.525794745414,52000.09218026967
2026-08-02 00:14:21,18000.141529195083,-1499.865520242059,51999.96931794957
2026-08-02 00:14:22,17999.963669989047,-1500.2107149785045,52000.292081011976
2026-08-02 00:14:23,18000.546730879854,-1500.1213379657654,52000.30246362273
2026-08-02 00:14:24,18000.370436312154,-1500.422933203514,52000.2387112887
2026-08-02 00:14:25,18000.428151485667,-1500.259556804716,52000.40309465542
2026-08-02 00:14:26,17999.843687416313,-1499.767346303946,51999.925770955124
2026-08-02 00:14:27,18000.18359945766,-1499.99361297034,51999.88495754394
2026-08-02 00:14:28,17999.49143499893,-1500.5455357081105,52000.19846391151
2026-08-02 00:14:29,17999.53854558292,-1499.3574097460203,51998.76547193607
2026-08-02 00:14:30,18000.497342877392,-1500.2237499052317,52000.05220644
2026-08-02 00:14:31,17999.846465296385,-1499.1786696831537,52000.26878794592
2026-08-02 00:14:32,17998.863190074197,-1500.0803063994597,51999.97931112741
2026-08-02 00:14:33,17999.78158554588,-1499.8775328544662,51999.64174957429
2026-08-02 00:14:34,17999.79891287683,-1500.1997323939484,51998.86337798683
2026-08-02 00:14:35,17999.90330579232,-1499.7556395074782,52000.50153674338
2026-08-02 00:14:36,18000.44783724868,-1500.238039342696,51999.80974876919
2026-08-02 00:14:37,17999.516014837503,-1500.1532740095706,51999.705946530565
2026-08-02 00:14:38,17999.378710140503,-1500.1885692821563,51999.66603380198
2026-08-02 00:14:39,18000.361679596368,-1499.8230266926448,51999.05374617276
2026-08-02 00:14:40,18000.703600630462,-1500.4332200615104,51999.17683659487
2026-08-02 00:14:41,17999.53379910358,-1500.0454410252253,52000.686725394175
2026-08-02 00:14:42,17999.22342479191,-1499.4234802367337,51999.941408211314
2026-08-02 00:14:43,17999.930048502894,-1500.7381486096256,52000.40077979497
2026-08-02 00:14:44,18000.303863142344,-1499.6813287281018,52001.115330133456
2026-08-02 00:14:45,17999.497515740364,-1499.8398531055063,51999.670743900235
2026-08-02 00:14:46,17999.539343309156,-1499.5329683371635,52000.453342651344
2026-08-02 00:14:47,17999.399359002182,-1499.6632364059733,51999.87048862517
2026-08-02 00:14:48,18000.533497129756,-1500.2026394321383,51999.93629441939
2026-08-02 00:14:49,17999.66962164296,-1501.0523288066088,52000.271896583596
2026-08-02 00:14:50,18000.345980136713,-1500.6131829740998,51999.71105304029
2026-08-02 00:14:51,17999.091322172528,-1500.7029172169864,51999.406643435956
2026-08-02 00:14:52,18000.17701563239,-1499.3773033954371,52000.02599086618
2026-08-02 00:14:53,17999.69427206367,-1499.417378297561,51999.12342887091
2026-08-02 00:14:54,17999.964484027696,-1500.2179769376685,51999.88611472333
2026-08-02 00:14:55,18000.002938744197,-1500.685840238069,51999.61508331579
2026-08-02 00:14:56,17999.318780026755,-1500.5344133729373,51999.5331771758
2026-08-02 00:14:57,18000.151847736768,-1500.5587068299656,52000.01422695044
2026-08-02 00:14:58,17999.740086613863,-1499.723677242921,52000.30385632486
2026-08-02 00:14:59,17999.656341099428,-1499.294990703325,52000.22200886479
2026-08-02 00:15:00,18000.597022108188,-1499.3721916928612,52000.551250275974
2026-08-02 00:15:01,18000.025781821314,-1500.024911763558,52000.6021422936
2026-08-02 00:15:02,17999.712227519663,-1500.0084823672119,51999.66377904964
2026-08-02 00:15:03,17999.651281578328,-1499.5559021248275,51999.842963574076
2026-08-02 00:15:04,18000.1560128276,-1500.3586562671564,52000.402323438975
2026-08-02 00:15:05,18000.1799555687,-1499.9551402810978,51999.87796141752
2026-08-02 00:15:06,18000.118105976246,-1501.1178711488928,51999.78783178562
2026-08-02 00:15:07,17999.504119547302,-1500.0595979672948,51999.003793580625
2026-08-02 00:15:08,18000.257450193236,-1501.6887561195088,52000.012992763506
2026-08-02 00:15:09,18000.076094866872,-1498.8939283681623,51999.93892768047
2026-08-02 00:15:10,17999.81695208567,-1499.8132976093825,51999.657888650334
2026-08-02 00:15:11,17999.95403638723,-1499.4438146347115,51999.98008742419
2026-08-02 00:15:12,18000.654774021255,-1500.6200465367563,51999.90513382045
2026-08-02 00:15:13,18000.042493319408,-1499.806651751395,51999.761489261444
2026-08-02 00:15:14,17999.64949145955,-1500.3300346389776,52000.11104835528
2026-08-02 00:15:15,18000.165671393654,-1499.5616250623714,52000.476632493665
2026-08-02 00:15:16,17999.928817912165,-1499.9138383522416,52000.331141952185
2026-08-02 00:15:17,17999.616136039163,-1499.5578485394203,52000.380812970274
2026-08-02 00:15:18,18000.09894265727,-1500.1982662337878,52000.77478188451
2026-08-02 00:15:19,18000.048145316483,-1499.6423083117973,51999.93646796693
2026-08-02 00:15:20,17999.42407682797,-1499.8519032841937,51998.84250569131
2026-08-02 00:15:21,18000.380872509402,-1500.081345621807,52000.442769532994
2026-08-02 00:15:22,17999.61536532165,-1500.7366711442564,51999.794123928456
2026-08-02 00:15:23,18000.2133798293,-1500.932136981429,52000.33928489383
2026-08-02 00:15:24,17999.302469701845,-1501.5909487462015,51999.85908385183
2026-08-02 00:15:25,18000.501781070725,-1499.2627409529061,51999.44756479491
2026-08-02 00:15:26,17999.9650775557,-1499.9337595717336,52000.0512664903
2026-08-02 00:15:27,17999.768149865027,-1499.8930105713569,52000.73022572141
2026-08-02 00:15:28,18000.447679863348,-1501.0962952683822,51999.737820588874
2026-08-02 00:15:29,17999.859190848718,-1499.9576366052981,51999.63561036114
2026-08-02 00:15:30,17999.833276515383,-1500.2761636792773,52000.12253680307
2026-08-02 00:15:31,17999.876807958084,-1500.494031624904,52000.45148812661
2026-08-02 00:15:32,17999.632470615947,-1499.9038411240733,51999.69919771763
2026-08-02 00:15:33,17999.301477716337,-1500.2355012996081,52000.516087078424
2026-08-02 00:15:34,18000.31163955099,-1500.0368791837222,52000.485863294765
2026-08-02 00:15:35,17999.869575051824,-1500.0475508744553,51999.96058468601
2026-08-02 00:15:36,18000.651752037676,-1499.9645083907578,52000.59601078185
2026-08-02 00:15:37,18000.166774579397,-1500.3179408642077,51999.715184130626
2026-08-02 00:15:38,17999.6860980076,-1498.928680607829,52000.70516068421
2026-08-02 00:15:39,17999.67451988006,-1499.1941096709522,51999.68606833709
2026-08-02 00:15:40,18000.014598408503,-1499.9738013701412,51999.52625756729
2026-08-02 00:15:41,17999.049105480353,-1500.5965033364696,52000.29200798782
2026-08-02 00:15:42,17999.863476851395,-1499.508506783775,52000.37985661194
2026-08-02 00:15:43,17999.667433094903,-1498.8343002003628,51999.24400300496
2026-08-02 00:15:44,18000.575119487166,-1499.8392420311527,52000.02160053208
2026-08-02 00:15:45,17999.57709958588,-1500.1586597027874,52000.200959214955
2026-08-02 00:15:46,17999.908582598306,-1499.3085062024386,51999.49585273528
2026-08-02 00:15:47,18000.090278899926,-1500.4096968436581,52000.25245942599
2026-08-02 00:15:48,17999.6755348707,-1500.1156259846814,52000.13985237735
2026-08-02 00:15:49,18000.10572429178,-1499.121034670458,51999.24214236164
2026-08-02 00:15:50,18000.155100376443,-1500.4597249825142,52000.56250649166
2026-08-02 00:15:51,18000.186050884,-1499.7960318765483,51999.518408215015
2026-08-02 00:15:52,18000.911470757776,-1498.9568819568476,51999.82825363513
2026-08-02 00:15:53,18000.061987224315,-1500.7566467178729,52000.02752788567
2026-08-02 00:15:54,18000.07435027739,-1499.768399237055,51998.72920170486
2026-08-02 00:15:55,17999.704721138332,-1500.1534975996935,51999.09261839469
2026-08-02 00:15:56,17998.95977509276,-1500.2546467265786,51999.318569357216
2026-08-02 00:15:57,18000.79994134247,-1500.6733001045886,52000.44364739763
2026-08-02 00:15:58,17999.695538259817,-1499.5210456658604,52000.039866489555
2026-08-02 00:15:59,18000.465739776395,-1498.8741428383016,52000.50341109575
2026-08-02 00:16:00,18000.394797584187,-1499.8677558981258,52000.81333186872
2026-08-02 00:16:01,17999.99329638829,-1500.0917320914996,52000.38340545075
2026-08-02 00:16:02,17999.349243741057,-1500.1959394050361,51999.45389661748
2026-08-02 00:16:03,17999.888289820432,-1499.7239593371464,51999.59505370005
2026-08-02 00:16:04,17999.81002057219,-1500.3569004745284,51999.447456517606
2026-08-02 00:16:05,17999.533622055395,-1499.81283347444,51999.6645198741
2026-08-02 00:16:06,18000.991275665423,-1500.9915395280418,51999.5861470647
2026-08-02 00:16:07,18000.052142639415,-1500.1447657499318,52000.15567729341
2026-08-02 00:16:08,17999.887839676496,-1500.4051874342565,51999.63461876424
2026-08-02 00:16:09,17999.927581683263,-1499.175636061151,51999.87922742149
2026-08-02 00:16:10,18000.349346880826,-1501.8033257243171,52000.02369883729
2026-08-02 00:16:11,18000.24070073596,-1500.0859548025126,52000.3922958177
2026-08-02 00:16:12,18000.554078888195,-1499.4053243314245,52000.85516973946
2026-08-02 00:16:13,17999.905008941354,-1500.0628787530513,51999.437400880895
2026-08-02 00:16:14,17999.587369591885,-1499.3986600009557,52000.24978577274
2026-08-02 00:16:15,17999.312018806308,-1499.8981194929324,51999.79056776523
2026-08-02 00:16:16,18000.213271721816,-1499.8651833006484,51999.74855726957
2026-08-02 00:16:17,17999.797719305447,-1499.6466277697878,51999.768094974715
2026-08-02 00:16:18,18000.137912677503,-1499.6827149114163,51999.868642043904
2026-08-02 00:16:19,17999.92336813779,-1500.1400525392428,51999.60357511874
2026-08-02 00:16:20,17999.778177536937,-1499.9876720975788,52000.63125669389
2026-08-02 00:16:21,17999.664904719248,-1499.973969532901,51999.96201773502
2026-08-02 00:16:22,18000.553920720788,-1500.3604790996858,52000.38030686444
2026-08-02 00:16:23,17999.97038423337,-1499.4851055127588,51999.33456133713
2026-08-02 00:16:24,17999.613427336746,-1499.8876453491964,51999.466071460396
2026-08-02 00:16:25,17999.778371489974,-1499.7021993701755,52000.43918212113
2026-08-02 00:16:26,18001.0282357,-1499.7860459646001,52001.202586832
2026-08-02 00:16:27,18000.610617027596,-1499.980654567843,51999.85659595326
2026-08-02 00:16:28,18000.734324634188,-1500.0857944902862,51999.92766514052
2026-08-02 00:16:29,18000.69278762904,-1500.427771034522,51999.8705081481
2026-08-02 00:16:30,17999.359466054608,-1499.5805060356595,52000.44598055888
2026-08-02 00:16:31,18000.101175362517,-1500.5964564747646,52000.99483984693
2026-08-02 00:16:32,18000.613329081858,-1499.506965772099,51999.4308476682
2026-08-02 00:16:33,17999.920574710162,-1499.8443423877522,51999.23549940419
2026-08-02 00:16:34,18000.016048037247,-1499.0993284565013,51999.918341358316
2026-08-02 00:16:35,18000.775815006476,-1499.8530708720573,51999.35695366622
2026-08-02 00:16:36,17999.038927759488,-1500.2357935072375,52000.28817071886
2026-08-02 00:16:37,18000.584627572294,-1499.5458471767065,51999.54308540014
2026-08-02 00:16:38,18000.265913052757,-1499.9550120206775,52000.59426970111
2026-08-02 00:16:39,17999.85257836729,-1500.0884094433532,52000.524636876304
2026-08-02 00:16:40,18044.614206647,-1500.0448763294187,51999.71595178659
2026-08-02 00:16:41,18044.83545634931,-1500.3746649665147,51999.81886212523
2026-08-02 00:16:42,18045.70584366717,-1500.74048002629,52000.646774505425
2026-08-02 00:16:43,18044.63066577487,-1499.8549517554943,52000.03061989867
2026-08-02 00:16:44,18044.986988276578,-1499.9728577119622,51999.364477428855
2026-08-02 00:16:45,18044.651206300776,-1500.7514119657005,52000.363950671584
2026-08-02 00:16:46,18044.361611235567,-1499.3409003087718,51999.93944098656
2026-08-02 00:16:47,18045.203585377214,-1499.5289640987967,51999.596730970145
2026-08-02 00:16:48,18045.618408976166,-1500.2440587890026,52000.932558673216
2026-08-02 00:16:49,18044.791569903755,-1500.5016613962748,51999.84643402889
2026-08-02 00:16:50,18044.985580237048,-1500.134036661057,52000.071369024714
2026-08-02 00:16:51,18043.989881090907,-1499.8382966305678,51999.50895629488
2026-08-02 00:16:52,18045.0979881014,-1500.7011746985163,52000.302643910356
2026-08-02 00:16:53,18044.880374624394,-1500.2075713321271,52000.51952587256
2026-08-02 00:16:54,18044.823012693112,-1500.4197046278132,52000.34887569279
2026-08-02 00:16:55,18045.23327537646,-1500.3255463744765,52000.004699416764
2026-08-02 00:16:56,18046.199181922846,-1501.2686396041374,52000.26692275141
2026-08-02 00:16:57,18045.093891697783,-1500.0405761407435,51999.74090267187
2026-08-02 00:16:58,18045.205792128512,-1500.3201920805611,51999.894680008154
2026-08-02 00:16:59,18046.119204150764,-1499.8771932103248,51999.697473498745
2026-08-02 00:17:00,18045.12598587272,-1500.4253652500718,51999.59465019241
2026-08-02 00:17:01,18044.981572014956,-1499.5241133084767,52000.20377505108
2026-08-02 00:17:02,18045.308564123847,-1499.687780446094,52000.434422041966
2026-08-02 00:17:03,18044.426194412434,-1499.6326205756625,51999.349667552895
2026-08-02 00:17:04,18044.687721971448,-1499.624507778684,51998.97155383271
2026-08-02 00:17:05,18045.809289288114,-1499.9867096834191,52000.4458382663
2026-08-02 00:17:06,18045.114694345993,-1498.8757169047137,52000.1355634353
2026-08-02 00:17:07,18044.46191926633,-1499.8314305723359,52000.226180573016
2026-08-02 00:17:08,18044.59049793639,-1500.173685162723,51999.855604738186
2026-08-02 00:17:09,18045.584763467137,-1499.8322245423485,51999.474418587306
2026-08-02 00:17:10,18044.09895737694,-1499.7210543977833,51999.39476337135
2026-08-02 00:17:11,18044.989872604976,-1500.2265880057214,52000.00988808632
2026-08-02 00:17:12,18044.95813352709,-1499.955392164019,51999.05708314968
2026-08-02 00:17:13,18044.83267450919,-1499.613692224371,52000.13813418805
2026-08-02 00:17:14,18044.79770608899,-1500.1314423022015,52000.15052476617
2026-08-02 00:17:15,18045.2126259119,-1500.7463840044727,52000.15990994862
2026-08-02 00:17:16,18044.883082204564,-1500.215724676263,51999.72730830728
2026-08-02 00:17:17,18044.640039960777,-1499.5144884106303,51999.325885651226
2026-08-02 00:17:18,18044.860496901176,-1499.490536095421,52000.094739047105
2026-08-02 00:17:19,18045.319946380194,-1500.206074509823,52000.117166939795
2026-08-02 00:17:20,18044.541937144677,-1498.979472134959,51999.5858499484
2026-08-02 00:17:21,18044.081800328746,-1499.8330122379068,51999.808276737516
2026-08-02 00:17:22,18045.381433429167,-1499.8082101131079,51999.91845326352
2026-08-02 00:17:23,18044.783502132068,-1500.5985256498325,51999.82004069384
2026-08-02 00:17:24,18044.277478976383,-1500.3360430067519,51998.87079889622
2026-08-02 00:17:25,18044.323362302963,-1499.8506944981236,51999.65767245485
2026-08-02 00:17:26,18045.156480100886,-1500.132531347767,52000.59406091558
2026-08-02 00:17:27,18045.809247416204,-1501.1713584813754,52000.53887647699
2026-08-02 00:17:28,18044.53983235524,-1499.876130085365,51999.91113249216
2026-08-02 00:17:29,18044.88117539864,-1501.2045199663007,51999.88977865636
2026-08-02 00:17:30,18045.151173423736,-1499.4942626116153,52000.274316161995
2026-08-02 00:17:31,18044.575583586793,-1500.6077704387583,51999.80820558647
2026-08-02 00:17:32,18044.54074588279,-1500.0040022322937,52000.37716287537
2026-08-02 00:17:33,18045.35675471956,-1499.5835710799354,52000.29318227303
2026-08-02 00:17:34,18044.718257297227,-1498.7635036664647,51998.82571662748
2026-08-02 00:17:35,18044.160319576273,-1499.5447453542495,52000.2311513367
2026-08-02 00:17:36,18044.702073807894,-1499.5045055892458,51999.61344968309
2026-08-02 00:17:37,18045.764466646917,-1499.3831895779135,51999.96104461026
2026-08-02 00:17:38,18046.048563336455,-1499.7783494311636,51999.634108194994
2026-08-02 00:17:39,18044.417698479443,-1500.1957832545502,51999.91591606634
2026-08-02 00:17:40,18045.127886816943,-1500.1576506745264,51999.71858516028
2026-08-02 00:17:41,18044.896304619968,-1500.088511972621,52000.61944608637
2026-08-02 00:17:42,18044.69407680564,-1499.945235599595,52000.90760553779
2026-08-02 00:17:43,18045.235597506122,-1499.8880255999,51999.65490717963
2026-08-02 00:17:44,18044.68646631467,-1500.1272951374253,51999.83303405593
2026-08-02 00:17:45,18044.29501459835,-1500.185442408282,52000.0323779862
2026-08-02 00:17:46,18044.53944009061,-1500.3774128991738,51999.51813983871
2026-08-02 00:17:47,18044.542132838214,-1499.3584674948397,51999.32752668053
2026-08-02 00:17:48,18044.967419631896,-1500.616613188829,51999.53895159693
2026-08-02 00:17:49,18045.297326961667,-1499.3751574570108,52000.25531452482
2026-08-02 00:17:50,18045.213502050407,-1500.1127551241573,51999.57850530267
2026-08-02 00:17:51,18045.83101453935,-1500.0989496645957,51999.12100068566
2026-08-02 00:17:52,18044.798214416413,-1499.6797567107765,52000.181575184106
2026-08-02 00:17:53,18045.22017762762,-1500.5313214995106,52000.602031771305
2026-08-02 00:17:54,18045.499366332533,-1500.596393239512,51999.20797304052
2026-08-02 00:17:55,18044.58479666706,-1500.5534524947084,52000.92258404547
2026-08-02 00:17:56,18045.56319898686,-1498.8233008623163,51999.88934444179
2026-08-02 00:17:57,18044.75560430473,-1500.521491652126,52000.363315208226
2026-08-02 00:17:58,18045.2476014417,-1499.3647546887453,52000.52352497268
2026-08-02 00:17:59,18045.43602525907,-1499.1813629162777,52000.59597198611
2026-08-02 00:18:00,18044.765470293325,-1500.431115357062,51999.84074607975
2026-08-02 00:18:01,18045.130756613897,-1499.9182575255277,51999.20996461291
2026-08-02 00:18:02,18045.792524288845,-1500.2499211198403,51999.494584175765
2026-08-02 00:18:03,18045.16516948923,-1499.7639509738801,51999.670468133765
2026-08-02 00:18:04,18044.97938929905,-1500.4571399543308,51999.658199934864
2026-08-02 00:18:05,18044.96359214798,-1500.096189654546,52000.0404839201
2026-08-02 00:18:06,18045.64020866151,-1498.932181475475,51999.99710386902
2026-08-02 00:18:07,18044.995336799286,-1499.8373714057466,52000.75182430493
2026-08-02 00:18:08,18044.66250416015,-1500.475478722896,52000.39370391948
2026-08-02 00:18:09,18044.398854453597,-1500.2910088937153,52000.829814030665
2026-08-02 00:18:10,18043.828497584116,-1499.59646205807,52000.776382478085
2026-08-02 00:18:11,18044.50141793222,-1499.9867728947474,52000.51150810659
2026-08-02 00:18:12,18044.54979121591,-1499.8687082343095,51999.83512001814
2026-08-02 00:18:13,18044.675890194703,-1499.7317068243337,51998.907401023534
2026-08-02 00:18:14,18044.96425549177,-1500.3748005688321,51999.84068312682
2026-08-02 00:18:15,18044.784779087448,-1498.8140578095383,51999.94123384824
2026-08-02 00:18:16,18045.434132844013,-1499.3725468325229,52000.34834580197
2026-08-02 00:18:17,18044.900536903606,-1500.9932587321555,52000.37608744104
2026-08-02 00:18:18,18044.936206220646,-1499.3292248260625,51998.75801625737
2026-08-02 00:18:19,18045.23065276225,-1500.4428448559256,51999.88311871968
2026-08-02 00:18:20,18045.352504758812,-1500.3252327974353,52000.87970636682
2026-08-02 00:18:21,18044.581758355114,-1499.574426392948,52000.6803696635
2026-08-02 00:18:22,18045.442062438648,-1499.4140823707803,51999.78456354999
2026-08-02 00:18:23,18044.019136956722,-1500.3108663445375,52000.5832653176
2026-08-02 00:18:24,18044.87115318172,-1500.2198078596439,52000.06278344424
2026-08-02 00:18:25,18045.525583779345,-1500.1409755265558,52000.43656329798
2026-08-02 00:18:26,18045.874027913862,-1500.2658744390965,51999.81534592059
2026-08-02 00:18:27,18045.307929789746,-1500.1725453991244,51999.30424002593
2026-08-02 00:18:28,18045.145227344703,-1499.323235705786,51999.326154829396
2026-08-02 00:18:29,18045.304356028042,-1500.0157378475228,52000.04851154321
2026-08-02 00:18:30,18044.787351584942,-1499.9553129655474,51998.96479368836
2026-08-02 00:18:31,18044.680568433625,-1500.9454123270996,51999.89588784287
2026-08-02 00:18:32,18045.24716117691,-1499.4926982222555,51999.47211884901
2026-08-02 00:18:33,18045.672401692806,-1499.7725927446004,51999.72277649929
2026-08-02 00:18:34,18045.31101643506,-1499.7948967935597,52000.02992591298
2026-08-02 00:18:35,18044.073827960157,-1500.6763332593791,51999.57171642398
2026-08-02 00:18:36,18045.373056864002,-1500.003418172936,51999.8488083852
2026-08-02 00:18:37,18044.51922703767,-1498.9483707296854,51999.69866377148
2026-08-02 00:18:38,18043.85815578213,-1500.4414951050871,51999.538658258134
2026-08-02 00:18:39,18044.82019233198,-1499.4801783516973,52001.03366955307
2026-08-02 00:18:40,18045.213483173215,-1500.655646210683,51999.45605967648
2026-08-02 00:18:41,18044.508375067813,-1500.1645520967356,52000.17378000417
2026-08-02 00:18:42,18044.876251769732,-1500.0317667962668,51999.979648531276
2026-08-02 00:18:43,18044.835316143373,-1500.96906127975,51999.53286603243
2026-08-02 00:18:44,18045.43962522522,-1500.1092780630331,51999.98844922874
2026-08-02 00:18:45,18044.397002622587,-1500.0736691568738,52000.43619688332
2026-08-02 00:18:46,18044.72830318037,-1500.2489759622117,52000.159981193065
2026-08-02 00:18:47,18044.517577888284,-1499.473156925652,52000.38081129811
2026-08-02 00:18:48,18045.36871337887,-1500.8275170685495,52000.79942317336
2026-08-02 00:18:49,18045.160192484174,-1499.3842405304583,51999.51942542898
2026-08-02 00:18:50,18045.489089792136,-1499.3779955275402,52000.517584921334
2026-08-02 00:18:51,18046.24702883893,-1500.100245363863,51998.95353101996
2026-08-02 00:18:52,18045.2097520462,-1499.8209049412665,52000.64739234307
2026-08-02 00:18:53,18045.31428346535,-1500.34409242929,51999.29137050057
2026-08-02 00:18:54,18045.047148674916,-1500.3367910673169,51999.47489897759
2026-08-02 00:18:55,18044.655948870863,-1500.5041297453565,51999.73787435967
2026-08-02 00:18:56,18044.571544517254,-1499.3765828313087,51999.8868435266
2026-08-02 00:18:57,18044.783715186255,-1500.3058967840325,51999.59823557213
2026-08-02 00:18:58,18044.438855476605,-1499.397764922786,52000.09049569581
2026-08-02 00:18:59,18045.401576297245,-1500.917185449554,51999.81370717303
2026-08-02 00:19:00,18044.48664188483,-1500.391210853355,51999.71068573867
2026-08-02 00:19:01,18045.550292435793,-1500.1736797102617,51999.931522705505
2026-08-02 00:19:02,18045.428378778834,-1500.4805490956646,51999.905791678146
2026-08-02 00:19:03,18045.023298176853,-1500.280361154449,51999.45819594307
2026-08-02 00:19:04,18045.65558131673,-1499.4399181673832,52000.41050569502
2026-08-02 00:19:05,18045.166506886206,-1500.5073093284418,51999.295144398166
2026-08-02 00:19:06,18044.28457590319,-1499.7236969449891,52000.75939521834
2026-08-02 00:19:07,18044.96914603182,-1499.840665899845,51999.73691509915
2026-08-02 00:19:08,18045.86553889035,-1500.1190472225264,52000.23139295247
2026-08-02 00:19:09,18044.828164222326,-1499.1166749287918,51999.56717871164
2026-08-02 00:19:10,18044.9786454358,-1500.2072632765296,52000.15892349477
2026-08-02 00:19:11,18044.69016970171,-1500.1107938899347,52000.97357319287
2026-08-02 00:19:12,18044.4272495089,-1500.0226311888068,52000.44955878622
2026-08-02 00:19:13,18046.168814959095,-1500.5194003287263,52000.512159221566
2026-08-02 00:19:14,18045.286216541517,-1500.0084201297338,51999.754357784375
2026-08-02 00:19:15,18045.912287318642,-1500.3984973605852,51999.974292593695
2026-08-02 00:19:16,18044.863220807863,-1500.420260077444,51999.631739873825
2026-08-02 00:19:17,18043.902414883167,-1499.1590618274718,51999.71754127232
2026-08-02 00:19:18,18044.77004833941,-1501.0572869341654,52000.10182466193
2026-08-02 00:19:19,18044.67366198128,-1499.6497570384333,51999.98011759025
2026-08-02 00:19:20,18044.573563475456,-1500.0420591779484,51999.96683729319
2026-08-02 00:19:21,18045.70297413705,-1498.930813857336,51999.482047129626
2026-08-02 00:19:22,18045.39145064798,-1500.3875839491232,52000.87129014761
2026-08-02 00:19:23,18045.046140598042,-1499.4323340609074,51999.68990605187
2026-08-02 00:19:24,18045.22097716051,-1500.282120257659,52000.613301862184
2026-08-02 00:19:25,18045.06426687289,-1501.0518328379594,52000.142494246735
2026-08-02 00:19:26,18044.986587414252,-1499.8358483485601,52000.918301788384
2026-08-02 00:19:27,18045.425319520964,-1500.172029865484,51999.747696092665
2026-08-02 00:19:28,18046.01924858189,-1499.5267133700133,51999.032206341086
2026-08-02 00:19:29,18045.182353945565,-1500.6857652082188,52000.2972220359
2026-08-02 00:19:30,18045.310488381525,-1499.5444944233877,51998.962197494955
2026-08-02 00:19:31,18044.961921534003,-1499.5014456582223,52000.414812975585
2026-08-02 00:19:32,18044.891042707368,-1499.6014123492741,51999.94720362047
2026-08-02 00:19:33,18043.95655130595,-1500.4258581263691,51999.45678448138
2026-08-02 00:19:34,18044.599141067512,-1500.5360379019962,52000.339573171186
2026-08-02 00:19:35,18045.273599716347,-1499.8313658361894,52000.22979619612
2026-08-02 00:19:36,18045.669825414116,-1499.509011517043,51999.935165562405
2026-08-02 00:19:37,18045.031969911015,-1499.0765849457052,52000.69297688584
2026-08-02 00:19:38,18044.58259987507,-1500.1016629125693,51999.90170700781
2026-08-02 00:19:39,18045.99945449538,-1499.576177045708,51999.755505483
2026-08-02 00:19:40,18045.503929357124,-1500.1987489079002,52000.14241007624
2026-08-02 00:19:41,18045.06605633121,-1499.5045976600152,52000.43689904024
2026-08-02 00:19:42,18044.15682563929,-1499.5817750784468,52000.33473539505
2026-08-02 00:19:43,18044.778710880713,-1499.567034001062,52000.135980549734
2026-08-02 00:19:44,18044.817010463696,-1499.9831780473341,51999.9009130289
2026-08-02 00:19:45,18045.297504921116,-1500.0493296597087,51999.77651961624
2026-08-02 00:19:46,18045.603612403942,-1500.76632063281,51999.83294438841
2026-08-02 00:19:47,18045.67282665211,-1499.2397659262203,52000.081852927535
2026-08-02 00:19:48,18045.076406225944,-1499.2151234390556,52000.01908262004
2026-08-02 00:19:49,18045.852131556476,-1499.8100984233886,52000.539441877074
2026-08-02 00:19:50,18045.42439239012,-1500.456540341827,52000.04815726144
2026-08-02 00:19:51,18044.768670292025,-1499.7845231276865,52000.48369078996
2026-08-02 00:19:52,18044.42493291184,-1499.8133680267738,51999.037788311514
2026-08-02 00:19:53,18045.2299728541,-1500.6018020619165,52000.54274217586
2026-08-02 00:19:54,18045.85787271753,-1500.0257805251326,51999.7007846609
2026-08-02 00:19:55,18044.856930075668,-1499.8309153441432,52000.07016929595
2026-08-02 00:19:56,18044.997992041357,-1500.3473823129598,52000.760704563116
2026-08-02 00:19:57,18045.221563760897,-1499.392485003376,51999.959330542064
2026-08-02 00:19:58,18045.130479453903,-1499.9127262967793,51999.806454882746
2026-08-02 00:19:59,18045.357630689796,-1500.2728315061727,52000.9509310332
2026-08-02 00:20:00,17999.828219068455,-1499.8793482905637,52000.01167776292
2026-08-02 00:20:01,17999.77789875145,-1499.690713198713,51999.780116464244
2026-08-02 00:20:02,18000.294859016514,-1500.1423616964216,51999.77363100458
2026-08-02 00:20:03,17999.96676140436,-1499.940209395884,51999.40125366449
2026-08-02 00:20:04,18000.128993741437,-1499.6995649962478,52000.58660174631
2026-08-02 00:20:05,18000.298089644453,-1499.4738541662334,51999.437946606915
2026-08-02 00:20:06,18000.365399220194,-1499.9138256822876,51999.761210989695
2026-08-02 00:20:07,17999.41812740667,-1499.728512396988,52000.023623022644
2026-08-02 00:20:08,17999.922720560047,-1501.1209182617354,51999.907470481936
2026-08-02 00:20:09,17999.87291797812,-1500.197401862362,52000.07513596666
2026-08-02 00:20:10,17999.917895351824,-1500.1286732870326,51999.91704013847
2026-08-02 00:20:11,18000.372338491736,-1499.971261009562,52000.54370890647
2026-08-02 00:20:12,18000.420053122696,-1500.5843506159492,52000.38139627735
2026-08-02 00:20:13,18000.55518780841,-1500.6268971957445,52000.057057607504
2026-08-02 00:20:14,17998.95560597681,-1499.6091813704693,52000.31211153661
2026-08-02 00:20:15,17999.88678268813,-1499.6870133183813,51999.36490908787
2026-08-02 00:20:16,17999.19645790699,-1500.231485272029,52000.31942836609
2026-08-02 00:20:17,17999.518785240998,-1499.8954142986522,52000.27935789492
2026-08-02 00:20:18,17999.250556964114,-1500.474411901115,51999.933341421485
2026-08-02 00:20:19,17999.995190563146,-1500.0358467576177,52000.20133219724
2026-08-02 00:20:20,17999.15175778362,-1499.3902527221755,51999.16204413007
2026-08-02 00:20:21,18000.222111627725,-1499.5971856861638,52000.36660017234
2026-08-02 00:20:22,18000.70968874304,-1500.6259885483162,51999.66412520417
2026-08-02 00:20:23,18000.51054975826,-1499.6619591953909,51998.88278627433
2026-08-02 00:20:24,18000.33076053424,-1499.6883522017351,51999.51529668819
2026-08-02 00:20:25,18000.057283163747,-1500.2264920239388,52000.3435851174
2026-08-02 00:20:26,17999.556713216367,-1500.1458185234314,51999.43284652116
2026-08-02 00:20:27,17999.78161531289,-1499.2785765038514,52000.54222158858
2026-08-02 00:20:28,17999.951455184742,-1499.9339395291947,51998.89999711177
2026-08-02 00:20:29,18000.150287321063,-1500.2066402652833,52000.7508184314
2026-08-02 00:20:30,17999.35551088094,-1500.0066793360995,51999.44703809344
2026-08-02 00:20:31,17999.224741337308,-1501.092043582833,52001.021262245275
2026-08-02 00:20:32,17999.55810752802,-1500.5520659302867,51999.78341063395
2026-08-02 00:20:33,18000.05093168507,-1499.0425777604337,51999.456706440724
2026-08-02 00:20:34,18000.51646068889,-1500.400512239411,51999.44865310998
2026-08-02 00:20:35,17999.84055574083,-1500.0294984289899,51999.80883929356
2026-08-02 00:20:36,17999.95008911319,-1500.5223106368067,52000.63728469539
2026-08-02 00:20:37,18000.737887066694,-1499.7934350971238,52000.82574215356
2026-08-02 00:20:38,18000.001826417018,-1499.9596381685224,51999.045827079484
2026-08-02 00:20:39,18000.120986671387,-1499.009922895748,52000.29995359267
2026-08-02 00:20:40,18000.424766271335,-1499.4802369538868,51999.80034908083
2026-08-02 00:20:41,17999.75619478972,-1500.2052881477339,51999.84312607442
2026-08-02 00:20:42,17999.359158990716,-1500.9732864225573,51999.784675180694
2026-08-02 00:20:43,18000.497627166253,-1499.336299192157,52000.31322829325
2026-08-02 00:20:44,18000.58696867646,-1500.2452372097182,51999.92467959249
2026-08-02 00:20:45,17999.838999543077,-1499.7916113527006,51999.11395003848
2026-08-02 00:20:46,17999.293340454427,-1500.0925557926514,52000.29478507752
2026-08-02 00:20:47,18000.74087929947,-1499.5852837581353,51999.96738357324
2026-08-02 00:20:48,17999.627049951807,-1500.8230939444868,52000.3956862814
2026-08-02 00:20:49,17999.567619557158,-1499.8073060773827,51999.62088364262
2026-08-02 00:20:50,18000.10502138817,-1499.7580819682305,52000.20238348462
2026-08-02 00:20:51,18000.004676110668,-1500.3598763398122,51999.73141367735
2026-08-02 00:20:52,18000.567860188225,-1498.72213910341,51999.60224513434
2026-08-02 00:20:53,18000.39149117069,-1499.895842278844,51999.706888017565
2026-08-02 00:20:54,18000.11500207453,-1499.8565119910163,51999.8496653354
2026-08-02 00:20:55,17999.819349003643,-1500.483160305006,51999.95326892339
2026-08-02 00:20:56,18000.063934080914,-1500.241481133269,52000.028487830336
2026-08-02 00:20:57,18000.40780029567,-1500.259284086698,51999.72131624175
2026-08-02 00:20:58,18000.159890888426,-1500.4138355305738,52000.524496662474
2026-08-02 00:20:59,17999.980525192026,-1500.1571841624336,51999.97624889065
2026-08-02 00:21:00,18000.698548083332,-1500.0128670764395,51999.90761571864
2026-08-02 00:21:01,17999.86274366774,-1500.2653861849842,52000.22232225147
2026-08-02 00:21:02,17999.68349961375,-1500.0754111635897,51999.3609337735
2026-08-02 00:21:03,18000.93116154035,-1500.592637298393,52000.10463358781
2026-08-02 00:21:04,18000.42654820707,-1500.2171848669518,52000.13100015741
2026-08-02 00:21:05,17999.69809099012,-1500.249176669502,52000.12348736562
2026-08-02 00:21:06,18000.572491211507,-1500.9061440257703,52000.06756387823
2026-08-02 00:21:07,17999.947599742325,-1499.8647127667282,51999.9302028825
2026-08-02 00:21:08,17999.91830740838,-1500.648748365076,51998.99634868659
2026-08-02 00:21:09,17999.345883481445,-1499.9045956509328,52000.76709186296
2026-08-02 00:21:10,18000.131559466932,-1499.8093465728045,52000.21061230784
2026-08-02 00:21:11,18000.76235473701,-1499.824129794558,51999.54714898271
2026-08-02 00:21:12,17999.97365028831,-1500.1768613157724,52000.30801696598
2026-08-02 00:21:13,17999.951367619055,-1499.5119346142833,51999.524703105475
2026-08-02 00:21:14,18000.028519849613,-1499.8537230957518,51999.22551046409
2026-08-02 00:21:15,17999.942870497198,-1500.511764650099,51999.15563514217
2026-08-02 00:21:16,18000.414894457426,-1500.0269864389688,52000.41126086707
2026-08-02 00:21:17,18001.579842684976,-1500.256754161156,52000.60008150349
2026-08-02 00:21:18,18000.73472718763,-1498.9886538300093,51999.70306894847
2026-08-02 00:21:19,18000.11425805437,-1500.6255391138516,51999.43234722538
2026-08-02 00:21:20,18000.21706198745,-1500.7395306428136,51999.95996478351
2026-08-02 00:21:21,18000.16627354269,-1499.8211530864637,51999.81644365391
2026-08-02 00:21:22,17999.189490883047,-1500.0491463161188,52000.38611600335
2026-08-02 00:21:23,18000.32135534801,-1500.0096474370926,52000.20937818497
2026-08-02 00:21:24,18000.31782547778,-1499.6594421138273,51999.82249947673
2026-08-02 00:21:25,18001.28593588539,-1499.5832430144317,52000.57530565349
2026-08-02 00:21:26,18001.011700211726,-1499.7659275451624,52000.78004998163
2026-08-02 00:21:27,17999.703393495874,-1500.6173566320708,52001.52285712704
2026-08-02 00:21:28,17999.57947825644,-1499.4074794264557,51999.39462430262
2026-08-02 00:21:29,17999.473887208293,-1500.0230744671424,51999.75650139676
2026-08-02 00:21:30,18000.35516877793,-1499.6140501860714,51999.74829335852
2026-08-02 00:21:31,17999.74197535128,-1499.6983974084392,52000.39120094443
2026-08-02 00:21:32,18000.018027449893,-1499.491632735489,52000.504855287545
2026-08-02 00:21:33,17999.811392425545,-1499.703362036435,51999.642059672835
2026-08-02 00:21:34,18000.405448272464,-1499.7705113132238,51999.84367463406
2026-08-02 00:21:35,18000.25539065134,-1500.3233220398563,51999.79197126204
2026-08-02 00:21:36,17999.89397959209,-1500.2988488807437,51999.73337246146
2026-08-02 00:21:37,17999.426740385006,-1500.6256260348264,51999.202983299816
2026-08-02 00:21:38,18000.509648903244,-1500.1888643274408,51999.25818774682
2026-08-02 00:21:39,17999.63018818011,-1500.1429589436846,52000.040762867524
2026-08-02 00:21:40,18000.35112971058,-1500.1175092562078,52000.4689178353
2026-08-02 00:21:41,18000.661733727353,-1499.9936916971299,52000.36402009995
2026-08-02 00:21:42,18000.22253322799,-1500.2011586025837,52000.721766818395
2026-08-02 00:21:43,17999.81949726319,-1499.8786610625084,51999.11286814007
2026-08-02 00:21:44,17998.863336151557,-1500.7623879525197,52000.28969088492
2026-08-02 00:21:45,18000.265597009104,-1500.3998034815609,51999.68186197079
2026-08-02 00:21:46,18000.098194144884,-1500.5544501367804,51999.374133608544
2026-08-02 00:21:47,18000.330747060278,-1500.8612331021159,52000.172179270194
2026-08-02 00:21:48,18000.406507453747,-1500.3357890843122,51999.036748897146
2026-08-02 00:21:49,18000.104919365433,-1500.0021334669611,52000.15350265531
2026-08-02 00:21:50,17999.947057961683,-1499.9107103266106,51998.737464581485
2026-08-02 00:21:51,17999.868314035702,-1499.438352775978,52000.232243826766
2026-08-02 00:21:52,18000.01575939014,-1500.8811886859653,51999.89870851517
2026-08-02 00:21:53,17999.303427511044,-1500.3301109612348,51999.43920274963
2026-08-02 00:21:54,18000.213061447284,-1500.3300190545763,52000.29046151255
2026-08-02 00:21:55,18000.05020558115,-1500.298391241081,52000.621698426316
2026-08-02 00:21:56,17999.593308507607,-1500.7878394848867,51999.657764493626
2026-08-02 00:21:57,18000.005722267826,-1499.538588731254,52000.723747921016
2026-08-02 00:21:58,17998.916114409178,-1500.0935998998184,51999.60554063407
2026-08-02 00:21:59,17999.15909744444,-1499.8186409500963,52000.29153915257
2026-08-02 00:22:00,18000.17892750489,-1499.7665675112473,52000.46985329817
2026-08-02 00:22:01,17999.880460380085,-1499.717754543311,51999.14089116358
2026-08-02 00:22:02,17999.457307132234,-1500.0324100252255,51999.76067199305
2026-08-02 00:22:03,17999.324661109058,-1499.7773740547786,51999.73368890425
2026-08-02 00:22:04,18000.463936892917,-1501.0132484023852,52000.02419907803
2026-08-02 00:22:05,18001.14372560617,-1499.3948338108132,52000.076922246524
2026-08-02 00:22:06,17999.823498650585,-1501.106297581135,51999.77825833548
2026-08-02 00:22:07,18000.04180061195,-1499.9257583054766,51999.76797930754
2026-08-02 00:22:08,18000.1553835039,-1499.5324539537078,52000.800357644184
2026-08-02 00:22:09,17999.71033779793,-1499.990131836014,52000.680632253774
2026-08-02 00:22:10,18000.34213458112,-1500.1947928585794,52000.40406346856
2026-08-02 00:22:11,17999.752551834023,-1500.898925649966,52000.24785500677
2026-08-02 00:22:12,18000.55306659404,-1500.3155409794463,51999.81970300794
2026-08-02 00:22:13,17999.329252809268,-1500.3081210552862,52000.04277916779
2026-08-02 00:22:14,17998.950554405954,-1499.5927351597313,52000.12772869961
2026-08-02 00:22:15,17999.623297714228,-1499.3631855333863,51999.81543673219
2026-08-02 00:22:16,17999.966864219263,-1499.7116803024128,52000.05470419427
2026-08-02 00:22:17,18000.250081678358,-1500.7514805715027,51999.95257532257
2026-08-02 00:22:18,18000.029038606957,-1500.1021655143968,52000.073172498756
2026-08-02 00:22:19,17999.993361047542,-1500.4939401497043,51999.20240569464
2026-08-02 00:22:20,17999.994382074343,-1500.7275596890415,52000.17700110633
2026-08-02 00:22:21,17999.385054879313,-1500.406585106463,52000.066383854486
2026-08-02 00:22:22,18000.168154221075,-1499.9010232717972,52000.5650158287
2026-08-02 00:22:23,18000.07245520182,-1499.8589974283452,52000.1370169736
2026-08-02 00:22:24,18000.089741821786,-1499.7711275378967,52000.27504765266
2026-08-02 00:22:25,17999.373097583346,-1499.8324282817903,51999.78711180696
2026-08-02 00:22:26,17999.734643197087,-1500.470306762859,51999.96731928546
2026-08-02 00:22:27,18000.694627424895,-1499.158334815461,51999.74556714421
2026-08-02 00:22:28,17999.28377950761,-1500.4381533230317,51999.72094268208
2026-08-02 00:22:29,18000.03077231894,-1499.8829681317643,51999.59199657289
2026-08-02 00:22:30,18000.13752164257,-1500.3096876281743,51999.92676249639
2026-08-02 00:22:31,17999.59293039664,-1499.4114827659905,51999.75798466137
2026-08-02 00:22:32,18000.07000333939,-1499.353715245097,52000.33186575557
2026-08-02 00:22:33,18000.69010135751,-1500.229941155703,51999.925652263126
2026-08-02 00:22:34,17999.65577745486,-1499.7741681636114,52000.73782461229
2026-08-02 00:22:35,17999.934072537686,-1500.1784414974659,52000.84186222296
2026-08-02 00:22:36,18000.166968811955,-1499.8149799525559,52000.8230752262
2026-08-02 00:22:37,18000.07690439555,-1498.9952479288957,52000.22618534155
2026-08-02 00:22:38,17999.691677944582,-1500.2673379592434,52000.53331301699
2026-08-02 00:22:39,17999.118705034463,-1500.9388723150478,52000.191674289104
2026-08-02 00:22:40,18000.362066946716,-1499.8124968923462,51999.76115291032
2026-08-02 00:22:41,17999.720958226728,-1499.3547444238486,51999.49270681735
2026-08-02 00:22:42,18000.614434865412,-1500.1774568817816,52001.25856369391
2026-08-02 00:22:43,18000.841985125742,-1500.8230724995926,52000.33608483393
2026-08-02 00:22:44,18000.125072797928,-1500.099515662862,51998.80802196366
2026-08-02 00:22:45,18000.56807972323,-1500.269525333824,51999.63238415355
2026-08-02 00:22:46,18000.315798132597,-1499.7549640988566,51999.861275498166
2026-08-02 00:22:47,18001.30952017327,-1499.5128230034336,52000.13252270931
2026-08-02 00:22:48,18000.56553039,-1499.6460066419295,52000.22268244613
2026-08-02 00:22:49,17999.89045807869,-1500.8646412489627,51999.6078584626
2026-08-02 00:22:50,18000.084622422015,-1500.5493338895094,51999.71757984855
2026-08-02 00:22:51,18000.367529054205,-1500.8990438159578,51999.74581825039
2026-08-02 00:22:52,17999.087003710145,-1500.4422989832124,52000.007522331136
2026-08-02 00:22:53,18000.351109023533,-1499.817339200912,51999.82509510425
2026-08-02 00:22:54,17999.948611550517,-1500.0981697969717,51999.150997500146
2026-08-02 00:22:55,17999.865462033413,-1499.4737362002284,51999.605060832044
2026-08-02 00:22:56,18000.545063191978,-1500.224718901881,52000.43132562703
2026-08-02 00:22:57,17999.879287805667,-1500.6917230409708,52000.25054196634
2026-08-02 00:22:58,18000.31242867113,-1499.7010669930796,52000.45991901665
2026-08-02 00:22:59,17999.884485216262,-1499.5411108569958,51999.9818955144
2026-08-02 00:23:00,17999.369448153073,-1500.2761814352223,51999.77093267133
2026-08-02 00:23:01,18000.146556592925,-1500.7326805092882,52000.05083840279
2026-08-02 00:23:02,17999.984939523983,-1501.0713351806776,51999.97120887948
2026-08-02 00:23:03,17999.755751818906,-1499.464587901308,51999.81874851212
2026-08-02 00:23:04,17999.787937862056,-1500.1876112999516,52000.36593137676
2026-08-02 00:23:05,18000.138562038996,-1499.5844150383682,51999.93936873186
2026-08-02 00:23:06,18000.20571006348,-1500.467996687895,51999.75795050057
2026-08-02 00:23:07,18000.78538055035,-1499.6653646383168,51999.43823378222
2026-08-02 00:23:08,18000.478116907285,-1499.7305454946254,51999.89168334478
2026-08-02 00:23:09,18000.146840786107,-1500.9316859341372,51999.52141333447
2026-08-02 00:23:10,17999.562374661447,-1499.276134749445,51999.4992361558
2026-08-02 00:23:11,18000.122611503,-1500.2170497276265,52000.626901671945
2026-08-02 00:23:12,18000.76441497587,-1499.1558022159172,52000.64005122512
2026-08-02 00:23:13,18000.94292156835,-1499.5935824749633,52000.04529897154
2026-08-02 00:23:14,17999.330308255274,-1500.1324321866764,52000.01485194028
2026-08-02 00:23:15,18000.64468433236,-1499.809513210516,51999.913644589804
2026-08-02 00:23:16,17999.615536210124,-1500.4806969305027,52000.34716090775
2026-08-02 00:23:17,17999.381441485053,-1498.9760796624598,52000.214478536735
2026-08-02 00:23:18,17998.961458635615,-1499.2710457412431,51999.90154091777
2026-08-02 00:23:19,18000.078632446628,-1500.7374631475566,52000.968201414056
2026-08-02 00:23:20,18000.384638228734,-1500.730700112227,52000.46505640217
2026-08-02 00:23:21,18000.19132253551,-1500.5805023595651,52000.5813848933
2026-08-02 00:23:22,17999.28000018964,-1500.5857519554224,51999.74003329706
2026-08-02 00:23:23,18000.10922437567,-1499.6893778857623,51999.56537339429
2026-08-02 00:23:24,18000.343697222357,-1500.2952349858735,52000.376474094286
2026-08-02 00:23:25,18000.50600574548,-1499.749244937386,52000.45864648112
2026-08-02 00:23:26,17999.425586336587,-1499.2427838022893,51999.497515202675
2026-08-02 00:23:27,17999.757337142066,-1500.5855556476804,51999.76003807837
2026-08-02 00:23:28,18000.51550552933,-1499.9091622821281,51999.73785306438
2026-08-02 00:23:29,18000.289850394,-1500.179768795408,52000.15700558039
2026-08-02 00:23:30,18000.72005740288,-1499.9819762084637,51999.884325812105
2026-08-02 00:23:31,18000.40478242617,-1499.515132694518,51999.37767899945
2026-08-02 00:23:32,18000.26205255725,-1500.021657301134,51999.40352839952
2026-08-02 00:23:33,17999.91162124576,-1500.8261625383248,52000.222164705505
2026-08-02 00:23:34,18000.261332247257,-1501.2459160788655,52000.446957887456
2026-08-02 00:23:35,18000.61240064738,-1499.3225238437028,52000.831635014285
2026-08-02 00:23:36,17999.74649617786,-1500.0501864862092,51999.14029631911
2026-08-02 00:23:37,17999.507168964174,-1500.6333645863936,52000.0670818966
2026-08-02 00:23:38,18000.491440624915,-1499.8563842859276,51999.860734961825
2026-08-02 00:23:39,18000.03293206179,-1500.2357874014613,51999.63940281521
2026-08-02 00:23:40,18000.10658817855,-1500.886272630812,52000.73369410442
2026-08-02 00:23:41,18000.543396123467,-1500.4316608602041,51999.932697046104
2026-08-02 00:23:42,18000.221308944754,-1500.012036948051,52000.598132479616
2026-08-02 00:23:43,18000.04716266854,-1501.1051834615296,52000.32253009981
2026-08-02 00:23:44,18000.42941349486,-1500.2217248757586,52000.56713434999
2026-08-02 00:23:45,18000.360914326502,-1500.3326271487435,51998.92342588215
2026-08-02 00:23:46,17999.16323564391,-1499.9438329776399,51999.79341375337
2026-08-02 00:23:47,18000.334582942014,-1499.1113028971413,52000.30552518646
2026-08-02 00:23:48,18000.037586176393,-1499.9812038145103,52000.38976102494
2026-08-02 00:23:49,18000.00019285319,-1499.9749084247346,51999.40603448113
2026-08-02 00:23:50,17999.546018857458,-1500.6726196498778,51999.45876493508
2026-08-02 00:23:51,17999.939856305737,-1500.4894457160062,51999.46490437218
2026-08-02 00:23:52,17999.95344345277,-1499.9769547831713,52000.9065437658
2026-08-02 00:23:53,17999.901769523112,-1500.4583611856003,51999.53910826476
2026-08-02 00:23:54,18000.614543642794,-1499.3057286044686,52000.32263814658
2026-08-02 00:23:55,18000.588250961297,-1499.5801679118977,51999.31178698561
2026-08-02 00:23:56,18000.254611793054,-1499.8191373959367,52000.49227547859
2026-08-02 00:23:57,17999.15660908155,-1499.2808166886134,52000.63033533625
2026-08-02 00:23:58,18000.22802772716,-1499.4804080453112,51999.92666822211
2026-08-02 00:23:59,18000.535604027376,-1499.6496164418713,52000.724190346
2026-08-02 00:24:00,17999.635024246596,-1500.214116540748,51999.97900809581
2026-08-02 00:24:01,17999.795241896794,-1501.1676208918097,52000.0320793609
2026-08-02 00:24:02,17999.888291817162,-1500.6829782575626,51999.777364737434
2026-08-02 00:24:03,18000.117208379932,-1500.1281210959135,52000.25721704833
2026-08-02 00:24:04,17999.258451865306,-1499.9787550390758,51999.55009349052
2026-08-02 00:24:05,18000.12243409913,-1500.893419998126,51999.73289513159
2026-08-02 00:24:06,18000.603008078702,-1500.530619744236,52000.39076155847
2026-08-02 00:24:07,18000.21962705516,-1500.4007670825372,51999.93055658009
2026-08-02 00:24:08,18000.25656057533,-1499.5037901191263,52000.58327602437
2026-08-02 00:24:09,17999.764294064662,-1499.6608274160833,51999.40246398816
2026-08-02 00:24:10,17999.577570244553,-1500.2894079732077,51998.9105752822
2026-08-02 00:24:11,17999.64149411296,-1499.70905506011,51999.1622363049
2026-08-02 00:24:12,18000.068883790715,-1500.5113633822702,51999.81012925485
2026-08-02 00:24:13,17999.596636143713,-1500.8453995014102,51999.750399562065
2026-08-02 00:24:14,18000.71724053388,-1499.996262595924,52000.49109039402
2026-08-02 00:24:15,18000.33536645234,-1499.9931926965376,52000.770684424286
2026-08-02 00:24:16,17999.985000677636,-1500.0437344056002,51999.28572520484
2026-08-02 00:24:17,18000.023609969237,-1499.670507428847,51999.56629879229
2026-08-02 00:24:18,17999.88269506459,-1499.895257495805,52000.48239100631
2026-08-02 00:24:19,17999.65461319638,-1500.2005601216063,52001.008490304754
2026-08-02 00:24:20,17999.515834491915,-1499.5893630874282,52000.514439711944
2026-08-02 00:24:21,18000.938518524257,-1499.401694576704,52000.10939850563
2026-08-02 00:24:22,17999.779401111937,-1500.1607591466463,52000.736466679045
2026-08-02 00:24:23,17999.555534729087,-1499.208322496319,52000.503235626406
2026-08-02 00:24:24,18000.261535069134,-1499.363367526164,51999.77849638809
2026-08-02 00:24:25,17999.75586257494,-1499.7838242882144,51999.92100418907
2026-08-02 00:24:26,17999.200709663648,-1499.2051510793806,52000.12239809255
2026-08-02 00:24:27,18000.434289230994,-1499.6093140246876,52000.27778740631
2026-08-02 00:24:28,18000.66991359952,-1500.194620048507,51999.93519799315
2026-08-02 00:24:29,17999.982098387067,-1500.1595155839357,51999.63081997415
2026-08-02 00:24:30,18000.613536355362,-1500.1650828551526,52000.44220711177
2026-08-02 00:24:31,17999.99668413656,-1500.1652994521314,51999.891001080636
2026-08-02 00:24:32,18000.52834562126,-1501.0448590438443,52000.17265576963
2026-08-02 00:24:33,18000.162038032402,-1499.9071989152135,51999.87990833089
2026-08-02 00:24:34,17999.16767938816,-1500.4269265007958,52000.76506617843
2026-08-02 00:24:35,17999.84424622768,-1499.8987881987796,52000.05270145811
2026-08-02 00:24:36,18000.846620580796,-1500.538442977142,51999.118695032324
2026-08-02 00:24:37,18000.501297799583,-1500.3585378302703,52000.93247666715
2026-08-02 00:24:38,17999.88562168999,-1499.2407549269428,51999.735882935835
2026-08-02 00:24:39,18000.06500237467,-1499.611920189786,51999.52396692593
2026-08-02 00:24:40,18000.17293777727,-1499.4649203194,51999.89321391214
2026-08-02 00:24:41,17999.351105123653,-1500.317412163769,51998.958272046075
2026-08-02 00:24:42,18000.970245130404,-1500.1785171166953,52000.06584344133
2026-08-02 00:24:43,17999.845542162497,-1500.6250164564187,51999.67037673729
2026-08-02 00:24:44,17999.042656595742,-1500.5342826029569,52000.404150790244
2026-08-02 00:24:45,18000.182589627468,-1500.243517239348,52000.16799929843
2026-08-02 00:24:46,18000.524986292607,-1499.8670961686937,52000.10866388971
2026-08-02 00:24:47,17999.630534710304,-1499.7384556542736,52000.067015672656
2026-08-02 00:24:48,17999.30433025608,-1500.2006812812597,51999.897278313896
2026-08-02 00:24:49,18000.486183308905,-1500.8991144702284,51998.794490417094
2026-08-02 00:24:50,17999.86533216113,-1500.5360458570728,51999.52912817006
2026-08-02 00:24:51,17999.60428073528,-1499.995590245446,51999.91436293373
2026-08-02 00:24:52,18000.579880152076,-1499.4954002260274,52000.17036327886
2026-08-02 00:24:53,17999.525443874318,-1500.431590335042,52000.187989026286
2026-08-02 00:24:54,17999.65764810463,-1499.637476828911,52000.17934520208
2026-08-02 00:24:55,17998.97274353642,-1501.024767634419,52000.12918978139
2026-08-02 00:24:56,18000.007585002775,-1500.3506233794699,51999.63531236013
2026-08-02 00:24:57,17999.158159189792,-1500.6690183193973,51998.4751838285
2026-08-02 00:24:58,18000.787733768302,-1498.7303171944916,52000.63403452536
2026-08-02 00:24:59,18000.253740294098,-1498.9694462049526,52000.33198196146
2026-08-02 00:25:00,17999.901719346104,-1500.372899682745,52000.21842434452
2026-08-02 00:25:01,18000.15634382261,-1500.1567534475953,52000.185121973656
2026-08-02 00:25:02,18000.151518208917,-1500.0296472480698,52000.16955017606
2026-08-02 00:25:03,18000.32769720326,-1499.4787991251992,51999.96897298813
2026-08-02 00:25:04,18000.485629015144,-1499.2032459001807,51999.12135843668
2026-08-02 00:25:05,18000.124530651927,-1500.527234913005,51999.72149837249
2026-08-02 00:25:06,18000.045456929325,-1499.5967859026025,52000.28084787687
2026-08-02 00:25:07,17999.919810151372,-1500.3292221827796,51999.46096485672
2026-08-02 00:25:08,17999.97740099094,-1499.5841479929957,51999.61249296981
2026-08-02 00:25:09,17999.958805882346,-1499.400376727608,51998.909757174486
2026-08-02 00:25:10,18000.27854216648,-1499.3182417671921,52000.1407062731
2026-08-02 00:25:11,17999.765468842674,-1499.846407479622,51998.9542214896
2026-08-02 00:25:12,17999.885724325064,-1500.282332665399,52000.246124788515
2026-08-02 00:25:13,17999.61120015632,-1500.0236113647936,52000.30564255086
2026-08-02 00:25:14,18000.078227049773,-1499.359401713876,51999.90774331106
2026-08-02 00:25:15,18000.533451982425,-1500.5523171621244,52000.41375044401
2026-08-02 00:25:16,17999.77817545693,-1500.300066507039,51999.826342297005
2026-08-02 00:25:17,17999.833517696203,-1500.0804909317405,51999.92277373927
2026-08-02 00:25:18,18000.33048767863,-1499.0003230715733,51999.85796828314
2026-08-02 00:25:19,17999.949957089648,-1500.143426344795,51999.760648448886
2026-08-02 00:25:20,17999.380409906204,-1499.6546979389486,52000.179923728
2026-08-02 00:25:21,18000.608794789703,-1500.4562753735188,51999.94381110828
2026-08-02 00:25:22,17998.995872061394,-1500.7055457330052,52000.53054975152
2026-08-02 00:25:23,17999.550216893058,-1500.2658312239662,51999.735148922686
2026-08-02 00:25:24,17999.735624549543,-1500.3374377178727,52000.492849612965
2026-08-02 00:25:25,18000.32860008213,-1499.9192250745318,52000.13654655037
2026-08-02 00:25:26,18000.26828313462,-1499.118423403424,52001.25146117088
2026-08-02 00:25:27,17998.667296091717,-1500.2363598743111,51999.64549192874
2026-08-02 00:25:28,17999.785463492295,-1499.6782295175185,51999.66062201325
2026-08-02 00:25:29,17999.669441856255,-1500.825814526903,51999.417818484646
2026-08-02 00:25:30,17999.9752914,-1500.1711980982816,52000.40377161297
2026-08-02 00:25:31,17999.530518494423,-1500.521342989003,51999.864355100304
2026-08-02 00:25:32,17999.91962234857,-1498.6355250952813,52000.60405010803
2026-08-02 00:25:33,17999.300498252618,-1499.905510846756,51999.347821638265
2026-08-02 00:25:34,18000.82983054902,-1499.191976469692,51999.50773872449
2026-08-02 00:25:35,17999.46714023746,-1500.0568078542228,51999.942715265846
2026-08-02 00:25:36,18000.412625285328,-1500.2944563722401,51999.897957377325
2026-08-02 00:25:37,18000.466969777997,-1500.7931973733432,52000.47326765028
2026-08-02 00:25:38,17999.33284684971,-1499.31478331297,51999.658801353886
2026-08-02 00:25:39,17999.576356335016,-1498.8339931333078,52000.782434229746
2026-08-02 00:25:40,18001.23295756663,-1499.706625569725,51999.740045624756
2026-08-02 00:25:41,18000.2484598426,-1499.4760755183506,51999.87872309056
2026-08-02 00:25:42,17999.75923708363,-1499.6313939828606,52000.1648395161
2026-08-02 00:25:43,17999.96528482192,-1499.783553894928,51999.81499668491
2026-08-02 00:25:44,17999.49127128353,-1500.9118785908831,52000.2868950999
2026-08-02 00:25:45,18000.68880920207,-1499.5971535678846,51998.98520890806
2026-08-02 00:25:46,18000.542258537545,-1500.8608799595172,52000.645871586625
2026-08-02 00:25:47,18000.38690869861,-1500.1217054031533,51999.901164631934
2026-08-02 00:25:48,18000.266983670448,-1499.892150848277,51999.865232790326
2026-08-02 00:25:49,18000.06040027224,-1500.7907710055745,51998.81817724747
2026-08-02 00:25:50,17999.706401974294,-1499.6808959752523,51999.834138029575
2026-08-02 00:25:51,17999.921944189093,-1500.5177297117384,52000.97417468971
2026-08-02 00:25:52,17999.66621506661,-1499.4890259492547,51999.41085872226
2026-08-02 00:25:53,17999.43200611527,-1499.0814624584184,51999.935293137925
2026-08-02 00:25:54,17999.679743602697,-1500.2399170943017,52001.07454202477
2026-08-02 00:25:55,18000.278263588167,-1499.9945553151906,51999.1451134879
2026-08-02 00:25:56,17999.989757074854,-1499.9469824592807,52001.12722510228
2026-08-02 00:25:57,17999.57571659327,-1499.294708397079,51999.76822576858
2026-08-02 00:25:58,18000.347330422566,-1499.6828264786816,52000.494889069916
2026-08-02 00:25:59,17999.408862155717,-1499.9651735187947,51999.66210822612
2026-08-02 00:26:00,17999.926056528253,-1500.4682304954952,52000.48501218558
2026-08-02 00:26:01,17999.78097539786,-1500.4961160040011,52000.01433587791
2026-08-02 00:26:02,18000.310865000945,-1499.5191650260906,52000.14956194217
2026-08-02 00:26:03,18000.62082697302,-1499.6143634764383,51999.152039699235
2026-08-02 00:26:04,18000.436053801765,-1500.0175175843628,52000.82939084505
2026-08-02 00:26:05,17999.686274240037,-1499.7542794545102,51999.72979784615
2026-08-02 00:26:06,17999.8061267329,-1500.1800191301108,52000.148472991685
2026-08-02 00:26:07,18000.493511145025,-1500.329080891681,52000.43234963156
2026-08-02 00:26:08,18000.29261858503,-1499.4537340436873,52000.05786010239
2026-08-02 00:26:09,18000.85342695866,-1500.2612011583976,52000.33821208972
2026-08-02 00:26:10,18000.248690346718,-1499.586990571518,51998.980230145426
2026-08-02 00:26:11,18000.088140915694,-1499.9147862236414,51999.992031557136
2026-08-02 00:26:12,18000.09183527107,-1500.1119017343322,52000.04225585889
2026-08-02 00:26:13,17999.117401177005,-1499.5172886174553,52000.24552670941
2026-08-02 00:26:14,18000.784207193916,-1499.2463011544232,52000.15644692691
2026-08-02 00:26:15,17999.610269767498,-1499.7431948714284,52000.592385716576
2026-08-02 00:26:16,18000.74150555522,-1500.5627941154216,51999.20676614191
2026-08-02 00:26:17,18000.840640658258,-1500.634853961279,52000.18958886499
2026-08-02 00:26:18,17999.60091374576,-1499.5491143605393,52000.5232327154
2026-08-02 00:26:19,17999.338552242803,-1498.9945318570478,52000.27942977713
2026-08-02 00:26:20,17999.96744140078,-1501.0303992289987,51999.990847599845
2026-08-02 00:26:21,17999.50765567142,-1499.3228598718363,51999.26797423992
2026-08-02 00:26:22,17999.725644496964,-1499.5774604036117,52000.00995036054
2026-08-02 00:26:23,17999.89674303908,-1500.2718448502853,52000.256920197135
2026-08-02 00:26:24,18001.776456984266,-1500.5252305007104,52001.19842605288
2026-08-02 00:26:25,17999.071809703826,-1500.0002013019716,51999.39179436929
2026-08-02 00:26:26,18000.024156237807,-1499.6963370776527,51999.24606342446
2026-08-02 00:26:27,17999.834866402223,-1499.4594154678073,52000.071653121435
2026-08-02 00:26:28,18000.282038951056,-1499.727428379366,51999.40293745611
2026-08-02 00:26:29,18000.6749259112,-1498.6604003985342,52000.38715247152
2026-08-02 00:26:30,17999.7957908361,-1500.4412521415675,51999.590834902956
2026-08-02 00:26:31,17999.65960237777,-1500.1154504701487,51999.95785898844
2026-08-02 00:26:32,18000.31385715185,-1500.335800095603,52000.564934204725
2026-08-02 00:26:33,17999.71959233564,-1500.3281395238296,52000.31452309386
2026-08-02 00:26:34,18000.97035278769,-1500.3328135678692,52000.34915109061
2026-08-02 00:26:35,18000.589232774775,-1500.3928873336592,52000.398437626995
2026-08-02 00:26:36,18000.074415646297,-1499.909353194659,51999.76975417656
2026-08-02 00:26:37,17999.80780237574,-1500.7369553586082,51999.79239059594
2026-08-02 00:26:38,17999.68645474882,-1499.7492422512553,51999.33351803023
2026-08-02 00:26:39,17999.550978960317,-1500.514823986892,51999.828523906275
2026-08-02 00:26:40,17999.129991689704,-1500.3915173315925,52000.22603346111
2026-08-02 00:26:41,18000.0898036254,-1500.3998214177825,52000.30924606309
2026-08-02 00:26:42,18000.340121498844,-1500.038762623039,51999.5777010457
2026-08-02 00:26:43,17999.872551476587,-1500.637887308359,52000.36179888858
2026-08-02 00:26:44,17999.89229084021,-1499.8660330786097,51999.2712421619
2026-08-02 00:26:45,18000.0834450517,-1499.7861090581625,51999.42156929451
2026-08-02 00:26:46,17999.956130709565,-1499.620190635385,51999.70004094965
2026-08-02 00:26:47,17999.991468870692,-1498.6581843080264,52000.140644553096
2026-08-02 00:26:48,18000.11361023974,-1499.0562499560776,51999.877256770844
2026-08-02 00:26:49,17999.63242129472,-1500.2474972144084,51999.5764228307
2026-08-02 00:26:50,18000.354622870436,-1499.8322531287433,52000.85561311166
2026-08-02 00:26:51,17999.39473174868,-1500.6757328378826,52000.130053322944
2026-08-02 00:26:52,17999.99869478532,-1499.9197689117923,51998.64968923567
2026-08-02 00:26:53,18001.17134649812,-1499.094856570962,52000.729233281745
2026-08-02 00:26:54,17998.775944477366,-1499.7929480311805,51999.82155593835
2026-08-02 00:26:55,17999.969563198418,-1500.0051175567532,51999.927693956604
2026-08-02 00:26:56,18000.87105005693,-1500.023672036699,51999.60857595917
2026-08-02 00:26:57,18000.355370361594,-1499.3747892747865,51999.99981378957
2026-08-02 00:26:58,17999.37113880495,-1499.5463790784254,52000.57829347127
2026-08-02 00:26:59,18000.27798083792,-1500.180703900064,51999.962932877475
2026-08-02 00:27:00,18000.602735236746,-1499.9346322070628,51999.813574537504
2026-08-02 00:27:01,18000.19034394033,-1500.3424119219537,51999.8964931741
2026-08-02 00:27:02,17999.85637827082,-1499.0584330136626,52000.454514914796
2026-08-02 00:27:03,17999.98009448957,-1500.248852342304,51999.65612806629
2026-08-02 00:27:04,18000.026609606033,-1500.4741924503624,51999.818224566094
2026-08-02 00:27:05,18000.019469118255,-1499.7717922542436,52000.25967876741
2026-08-02 00:27:06,17998.632121839986,-1498.9629288267533,52001.34250000615
2026-08-02 00:27:07,17999.446207574416,-1500.3648685911542,51999.60174000804
2026-08-02 00:27:08,17999.947752593263,-1499.9411062212155,51999.18352813033
2026-08-02 00:27:09,18000.27863635422,-1500.2862807942322,52000.52226132383
2026-08-02 00:27:10,17999.542188429707,-1501.5508211049607,52000.57959720082
2026-08-02 00:27:11,17999.38834484837,-1500.0711106367464,52000.361961552335
2026-08-02 00:27:12,17999.97881281412,-1500.6911601484737,51999.905575060744
2026-08-02 00:27:13,17999.853944335722,-1499.8000585931031,52000.635727491725
2026-08-02 00:27:14,18000.208701115185,-1500.1590539747433,52000.24907853296
2026-08-02 00:27:15,18000.32678464605,-1500.0454915104901,51999.967041177886
2026-08-02 00:27:16,18000.087903373304,-1500.15484545452,52000.28070934279
2026-08-02 00:27:17,17999.661739779916,-1500.4860741596995,52000.02447554894
2026-08-02 00:27:18,18000.465955998054,-1499.501027678576,52001.37123206649
2026-08-02 00:27:19,17999.720097913425,-1499.2864820212346,51999.82288960827
2026-08-02 00:27:20,17999.547085699116,-1499.876722187818,52001.043680086936
2026-08-02 00:27:21,18000.322608056882,-1499.812432749161,52000.38081179208
2026-08-02 00:27:22,17999.19184096428,-1500.891527157313,52000.217315747315
2026-08-02 00:27:23,17999.85652744589,-1500.1560546196306,52000.06955665856
2026-08-02 00:27:24,18000.360597494095,-1499.9946782519628,51999.120503916296
2026-08-02 00:27:25,18000.339964270115,-1499.3312711591964,52000.77241444269
2026-08-02 00:27:26,18000.320927032633,-1499.5848112846481,52000.42465170629
2026-08-02 00:27:27,18000.063821564203,-1499.9969321995982,51998.82670219134
2026-08-02 00:27:28,17999.536925303735,-1500.362936543692,51999.990303998406
2026-08-02 00:27:29,18000.82417434782,-1499.6354677346587,52000.094233625285
2026-08-02 00:27:30,18000.439463226237,-1499.2773011562088,52000.14110138476
2026-08-02 00:27:31,17999.501300658598,-1499.7126157152093,52000.59469044246
2026-08-02 00:27:32,17999.319405980983,-1500.7580223874638,52000.222188860775
2026-08-02 00:27:33,17999.259874139007,-1500.1926556281567,52000.20649580214
2026-08-02 00:27:34,17999.445956181244,-1499.8489530745123,51999.99193985041
2026-08-02 00:27:35,17999.6889267489,-1501.2953081909498,52000.27118770265
2026-08-02 00:27:36,17999.559138393648,-1500.183644418261,52000.31131383751
2026-08-02 00:27:37,17999.916254057505,-1500.217600498702,52000.83759752661
2026-08-02 00:27:38,18000.28917982776,-1499.4773957157963,51999.77123965325
2026-08-02 00:27:39,18000.52655618116,-1499.5113708833014,52000.155738602705
2026-08-02 00:27:40,18000.03951078129,-1499.246337672366,51999.6801596545
2026-08-02 00:27:41,18000.114605630944,-1500.1454237715225,51999.723085452504
2026-08-02 00:27:42,17999.445430076747,-1499.670585988537,51998.99249694921
2026-08-02 00:27:43,18000.211069661873,-1500.886855859727,52000.00115425841
2026-08-02 00:27:44,18000.213178177266,-1500.2829938180512,52000.27885316878
2026-08-02 00:27:45,17999.851013508796,-1499.4912055515817,51999.53202146559
2026-08-02 00:27:46,18000.62071657272,-1500.569254035464,52000.18594279852
2026-08-02 00:27:47,18000.60811935747,-1500.6927118476447,51999.93824864461
2026-08-02 00:27:48,18000.473256740075,-1499.2018092568971,51999.70622786049
2026-08-02 00:27:49,18000.203567118846,-1499.7168226580454,51999.42680619034
2026-08-02 00:27:50,17999.549100697226,-1500.5653362619796,51999.73105525782
2026-08-02 00:27:51,17999.4137177664,-1499.7065794178357,52000.31458907494
2026-08-02 00:27:52,18000.274444855248,-1501.1215643896899,51999.82515895031
2026-08-02 00:27:53,17999.896181936172,-1499.2624727931538,51999.72636145569
2026-08-02 00:27:54,17999.956924345297,-1499.709990406163,51999.81963955501
2026-08-02 00:27:55,17999.483454574067,-1499.3284550904848,51999.28902637182
2026-08-02 00:27:56,18000.555978865283,-1499.845015000086,52000.168143893876
2026-08-02 00:27:57,18000.163882377154,-1500.243883852287,51999.721559849015
2026-08-02 00:27:58,18000.22469247799,-1499.5241599866226,51999.54603713515
2026-08-02 00:27:59,17999.572733698093,-1500.3033957921468,52000.51745022466
2026-08-02 00:28:00,18000.006210429885,-1500.1027693453843,51999.62733974517
2026-08-02 00:28:01,18000.54198430417,-1500.338598535407,51999.50567434234
2026-08-02 00:28:02,17999.22811519295,-1500.4775955715797,52000.14973279681
2026-08-02 00:28:03,18000.325131458547,-1498.921004178895,51999.65861578036
2026-08-02 00:28:04,17999.402171542733,-1499.8469511214703,52000.27526837073
2026-08-02 00:28:05,18000.104893701646,-1500.3351335322488,52000.45103946499
2026-08-02 00:28:06,17999.831614200895,-1500.4753040336454,52000.27302474054
2026-08-02 00:28:07,17999.777492144083,-1499.3624722632858,51999.29293261
2026-08-02 00:28:08,17999.585400010757,-1499.9048388984077,52000.750133711976
2026-08-02 00:28:09,17999.055933918036,-1498.9727499668923,52000.53932843998
2026-08-02 00:28:10,17999.470089947266,-1498.9729030230887,52000.2281468654
2026-08-02 00:28:11,17999.685501798434,-1500.324249614966,52000.08487207267
2026-08-02 00:28:12,17999.566183022187,-1500.2567170214995,51999.29797638126
2026-08-02 00:28:13,17999.247375524883,-1500.420622630668,52000.10690169656
2026-08-02 00:28:14,18000.18433420085,-1498.9437533881792,52000.9327048024
2026-08-02 00:28:15,18000.451794735127,-1500.0631723288996,52000.076102471445
2026-08-02 00:28:16,18000.30544072183,-1499.8565705083158,51999.608381364305
2026-08-02 00:28:17,18000.58979511498,-1499.9356793157538,51999.79018096979
2026-08-02 00:28:18,17999.21974604732,-1500.0147249587894,52000.09228375692
2026-08-02 00:28:19,18000.61085041095,-1499.8861093951396,52000.39217752881
2026-08-02 00:28:20,17999.919197493342,-1501.0572097374904,51999.68117365253
2026-08-02 00:28:21,17999.450129196768,-1499.9428128877817,51999.858517838504
2026-08-02 00:28:22,18000.493544101475,-1500.05134863446,51999.8250549174
2026-08-02 00:28:23,17999.705325087296,-1500.0258106873569,52000.00548650215
2026-08-02 00:28:24,18000.87041252624,-1499.640757663009,52000.443007552356
2026-08-02 00:28:25,17998.998968318672,-1499.5708885670472,51999.24252682117
2026-08-02 00:28:26,18000.563984548862,-1500.000941120586,52000.11646984311
2026-08-02 00:28:27,17999.285723687797,-1499.727574805317,52001.01650383164
2026-08-02 00:28:28,18000.144967032546,-1500.2008889035917,51998.698627112164
2026-08-02 00:28:29,18000.85366047356,-1498.751391651819,52000.02530417741
2026-08-02 00:28:30,17999.833761446873,-1499.741853335086,52000.75727615478
2026-08-02 00:28:31,17999.871745775567,-1499.9534442025265,51999.443061333644
2026-08-02 00:28:32,17999.651303002778,-1500.6868275749525,52000.42772737516
2026-08-02 00:28:33,18000.24715151667,-1499.9116895637264,51999.43907446216
2026-08-02 00:28:34,17999.57505996178,-1499.8791630202861,52000.37291198148
2026-08-02 00:28:35,18000.33561173257,-1500.9624307701458,52000.42910091366
2026-08-02 00:28:36,17999.856438119077,-1500.4372987046365,52000.06540184682
2026-08-02 00:28:37,17999.73536605776,-1500.064753849013,51999.501860335404
2026-08-02 00:28:38,18000.438142586307,-1500.0299617875328,52000.38242996245
2026-08-02 00:28:39,18000.097687352147,-1500.4964925128054,51999.47328214262
2026-08-02 00:28:40,18000.488800502255,-1501.0668931897994,52000.461146139176
2026-08-02 00:28:41,18000.244413300195,-1499.9206823311638,52000.14639111225
2026-08-02 00:28:42,18000.00825975851,-1500.0184044000712,52000.32231382067
2026-08-02 00:28:43,18000.383632148973,-1499.909653451696,51998.7519886822
2026-08-02 00:28:44,18000.10795558858,-1499.9082560968327,52000.3480367578
2026-08-02 00:28:45,17999.739812750864,-1500.9988922369148,52000.203738892196
2026-08-02 00:28:46,17999.698356260822,-1499.8647406602588,51998.96318971083
2026-08-02 00:28:47,17999.1001523319,-1500.8213641086752,51999.57748162245
2026-08-02 00:28:48,17999.523595047212,-1500.4216229794135,52000.23008360772
2026-08-02 00:28:49,18000.065534794696,-1500.6875411784288,52000.54120276293
2026-08-02 00:28:50,17999.905480494966,-1500.7308495856269,51999.78411607335
2026-08-02 00:28:51,17999.930013354147,-1499.5045379961275,51999.60614287542
2026-08-02 00:28:52,17999.820627859583,-1498.9441960552858,52000.50504956731
2026-08-02 00:28:53,18000.213181101753,-1499.7575732180505,52001.01131979028
2026-08-02 00:28:54,17999.38148119622,-1501.0637983985616,52000.463405869945
2026-08-02 00:28:55,17999.862786129765,-1500.7873989822933,51999.51806350589
2026-08-02 00:28:56,18000.52678395364,-1500.0375629973862,51999.58672057505
2026-08-02 00:28:57,18000.32255576709,-1499.964160618279,51999.75560854291
2026-08-02 00:28:58,17999.2495453276,-1499.7463035256374,51999.3775452696
2026-08-02 00:28:59,17998.87439288468,-1499.9193793246761,51999.571293140114
2026-08-02 00:29:00,18000.19737904109,-1500.3944444908411,51999.63634650933
2026-08-02 00:29:01,18000.18837470247,-1500.2987563059019,51999.79834627
2026-08-02 00:29:02,17999.908393889666,-1499.6689469990777,51999.833514841506
2026-08-02 00:29:03,18000.182354650406,-1500.1198757190707,51999.881022322435
2026-08-02 00:29:04,18001.372446981622,-1500.3584737593796,51999.892772994834
2026-08-02 00:29:05,18000.253668464808,-1500.3498632228675,51999.993090400436
2026-08-02 00:29:06,17999.36244419533,-1498.9250428424475,51999.694930893944
2026-08-02 00:29:07,17999.255926567042,-1500.3229421755073,52000.00996893765
2026-08-02 00:29:08,17999.8278881567,-1500.7609193611802,52000.38265252968
2026-08-02 00:29:09,17999.383044430833,-1499.5931735893737,52000.32606831862
2026-08-02 00:29:10,17999.66176804469,-1501.074233959227,51999.85679111105
2026-08-02 00:29:11,17999.365951831558,-1499.6847196062365,51999.15733109398
2026-08-02 00:29:12,18000.020363036987,-1499.969776078433,52000.4954338662
2026-08-02 00:29:13,18000.867334085942,-1500.0262921451808,52000.259492205165
2026-08-02 00:29:14,17999.658626985944,-1499.930306889778,52000.368477408236
2026-08-02 00:29:15,18000.11028275985,-1500.369443266944,51999.52787427824
2026-08-02 00:29:16,18000.18610580479,-1499.7748178539655,51999.92338402595
2026-08-02 00:29:17,17999.96295518058,-1500.5270706997662,52000.00774434688
2026-08-02 00:29:18,18000.080639299198,-1499.1608088227413,51999.93445968597
2026-08-02 00:29:19,17999.16740164726,-1499.7626699718146,51999.64408565316
2026-08-02 00:29:20,17999.839361715065,-1500.5615052558205,51999.694451670075
2026-08-02 00:29:21,17999.811003279217,-1500.0352542784137,51999.62308542695
2026-08-02 00:29:22,17999.682681898743,-1500.1184380995455,51999.835824513175
2026-08-02 00:29:23,18000.046370313652,-1500.6039340633097,52000.023351884585
2026-08-02 00:29:24,17999.911445382306,-1499.3065308831588,52000.12827106881
2026-08-02 00:29:25,18000.046195141622,-1499.8643867246724,52000.3813923646
2026-08-02 00:29:26,18000.16072637357,-1500.2805551357753,51999.42364910773
2026-08-02 00:29:27,17999.841050863502,-1499.3885082606903,51999.562545789195
2026-08-02 00:29:28,17999.600433954456,-1499.4849673483025,51999.47292007598
2026-08-02 00:29:29,17999.614712644558,-1500.808586630617,52000.610589977456
2026-08-02 00:29:30,17999.659202538962,-1500.6472835983125,52000.14584596686
2026-08-02 00:29:31,18000.284191993072,-1500.595504514288,51999.40994184669
2026-08-02 00:29:32,17999.485875225506,-1500.239425782006,52000.165792778316
2026-08-02 00:29:33,18000.134255092842,-1500.293307407093,51999.29224652922
2026-08-02 00:29:34,17999.59712090789,-1498.758984507953,51999.995598678324
2026-08-02 00:29:35,18000.338860663127,-1499.3364045773171,51999.41627130869
2026-08-02 00:29:36,18000.41059332389,-1500.470996678018,52000.08258528384
2026-08-02 00:29:37,17999.512819036478,-1499.5752003618686,51999.36740510865
2026-08-02 00:29:38,17999.924887817684,-1500.057519588431,52000.81321136333
2026-08-02 00:29:39,17998.972089969593,-1500.7500762323698,51999.31205464341
2026-08-02 00:29:40,18000.175687293373,-1499.5697798580427,51999.42612971485
2026-08-02 00:29:41,17999.996104044636,-1500.724131744381,51999.30769311352
2026-08-02 00:29:42,18000.48239083277,-1499.885591489068,52000.21830033164
2026-08-02 00:29:43,17999.11303685102,-1499.9484776931279,51999.86863409844
2026-08-02 00:29:44,18000.68366598195,-1500.2044669859001,51999.87501718448
2026-08-02 00:29:45,17998.8736162055,-1500.2741015418262,51999.48687844522
2026-08-02 00:29:46,17999.71717662108,-1500.4797709231314,52000.122322992145
2026-08-02 00:29:47,17999.04520510209,-1500.3098747612376,51999.41130653878
2026-08-02 00:29:48,18000.195445564405,-1499.8000322463745,52000.03726190426
2026-08-02 00:29:49,18000.04896501489,-1500.2713066466963,51999.5561195307
2026-08-02 00:29:50,17999.45657343309,-1499.6046944045422,52000.02798138387
2026-08-02 00:29:51,17999.955529049093,-1499.9662503708473,52000.295614189745
2026-08-02 00:29:52,18000.200730790686,-1499.1294724556858,51999.863049293075
2026-08-02 00:29:53,18000.63528626426,-1499.5636092844977,51999.88831778217
2026-08-02 00:29:54,17999.953884923216,-1500.0182789615342,52000.451369541806
2026-08-02 00:29:55,17999.800626873974,-1499.6498888545757,52000.54045960792
2026-08-02 00:29:56,17999.664560487003,-1499.4031391726498,52000.32155642768
2026-08-02 00:29:57,17999.65716206337,-1500.281716975431,51999.86695815913
2026-08-02 00:29:58,17999.852047669563,-1499.8997973077098,51999.55134412126
2026-08-02 00:29:59,17999.451462236928,-1499.818036765678,51999.25227377121
2026-08-02 00:30:00,17998.914545182462,-1500.1266936070392,52000.46695729572
2026-08-02 00:30:01,17999.996284070978,-1499.0818572265703,52000.19941189907
2026-08-02 00:30:02,17999.873224823164,-1500.1379840106106,52000.055594413556
2026-08-02 00:30:03,18000.175497784843,-1499.830429959595,51999.39639939184
2026-08-02 00:30:04,17998.99851319395,-1499.4449786355328,51999.661091733535
2026-08-02 00:30:05,18000.18673578305,-1499.7156132981324,52000.52888817507
2026-08-02 00:30:06,18000.579952992517,-1498.8092850499772,52000.133745470695
2026-08-02 00:30:07,17999.822094635038,-1499.1009986419372,52000.16538998732
2026-08-02 00:30:08,18000.55007654986,-1499.8239665686137,51999.76422811164
2026-08-02 00:30:09,18000.041623385936,-1500.2280751811345,51999.40727715019
2026-08-02 00:30:10,18000.28459180935,-1499.6054509180483,51999.47061420763
2026-08-02 00:30:11,18000.908945735402,-1499.558960555688,52000.37216006882
2026-08-02 00:30:12,18000.355658135824,-1500.3605264639466,51999.728964134374
2026-08-02 00:30:13,18000.168856952856,-1500.426234971669,52000.130044301426
2026-08-02 00:30:14,18000.618533473684,-1499.557120190914,52000.354785140466
2026-08-02 00:30:15,18000.2506501721,-1499.987775133787,52000.359195613855
2026-08-02 00:30:16,17999.89345117507,-1500.0084991440951,51999.79700085577
2026-08-02 00:30:17,17999.494050141915,-1500.5875212161557,52000.01983800947
2026-08-02 00:30:18,18000.015748024576,-1500.2537065964605,52000.47166137872
2026-08-02 00:30:19,17999.959186094035,-1500.4446070641884,51999.81815862394
2026-08-02 00:30:20,17999.929964873947,-1499.8370486060203,51999.51761025428
2026-08-02 00:30:21,18001.321436647613,-1500.4113670085746,52000.691168177524
2026-08-02 00:30:22,17999.88073478762,-1499.1311284501191,52000.150528059225
2026-08-02 00:30:23,17999.5527335655,-1499.2871341830594,51999.98290411934
2026-08-02 00:30:24,18000.294124294163,-1500.4267095202808,52000.6199162783
2026-08-02 00:30:25,18000.70372679354,-1498.9415687255919,51999.36608089175
2026-08-02 00:30:26,17999.774604989427,-1499.9352497385185,51999.74402715349
2026-08-02 00:30:27,18000.337558018487,-1499.5303556156455,52000.216673619325
2026-08-02 00:30:28,18000.718455091326,-1500.049478413844,52000.34666086888
2026-08-02 00:30:29,17999.13325571616,-1500.4432532645376,52000.339396549105
2026-08-02 00:30:30,18000.130750197994,-1498.3960801413336,52000.3282738105
2026-08-02 00:30:31,17999.58588249537,-1499.172281255915,51999.66457723752
2026-08-02 00:30:32,18000.76160891494,-1500.522116273627,51999.84835107736
2026-08-02 00:30:33,18000.48534096819,-1500.4561743850265,52000.036766561876
2026-08-02 00:30:34,18000.217024847723,-1499.565118812803,52000.58806422117
2026-08-02 00:30:35,18000.499488005844,-1499.338841844454,52000.46573589126
2026-08-02 00:30:36,18000.43518404562,-1499.7264150644862,51999.42687463818
2026-08-02 00:30:37,18000.39139727042,-1500.0029105606327,51999.92409509489
2026-08-02 00:30:38,17999.708927790576,-1499.7609041466262,52000.5055805196
2026-08-02 00:30:39,17999.310543279575,-1499.739055804128,52000.33105507649
2026-08-02 00:30:40,17999.07011691571,-1499.3310523519428,51999.78206112383
2026-08-02 00:30:41,18000.133088127604,-1500.9211297852598,51999.69798441146
2026-08-02 00:30:42,17999.706113862645,-1499.7864986198174,52000.46664397757
2026-08-02 00:30:43,17999.704246570676,-1499.9924088917994,52000.71733592227
2026-08-02 00:30:44,17998.925610569087,-1499.7027226949629,51999.58476078362
2026-08-02 00:30:45,17999.98001258582,-1499.0129934681709,52000.49650435503
2026-08-02 00:30:46,18000.17266149469,-1499.9860940459846,51999.98694331053
2026-08-02 00:30:47,18000.74023869529,-1500.2521552714456,52000.674446741585
2026-08-02 00:30:48,18000.33156292018,-1500.1361288670666,52000.265341718376
2026-08-02 00:30:49,18000.383246699617,-1501.4357157852942,51999.61856624076
2026-08-02 00:30:50,18000.02034232486,-1500.0375309469732,51999.78015196011
2026-08-02 00:30:51,17999.771543344294,-1500.6198092306888,51999.584046011856
2026-08-02 00:30:52,18000.72128323534,-1501.0300233363141,52000.51808094488
2026-08-02 00:30:53,17999.947182076427,-1500.1406522012694,51999.60216626841
2026-08-02 00:30:54,18000.192216394153,-1500.2320259660708,52000.02960892046
2026-08-02 00:30:55,18000.309763343812,-1500.4636390793753,52000.33760672781
2026-08-02 00:30:56,17999.664043756446,-1500.3458351053719,52000.35436466285
2026-08-02 00:30:57,17999.787871211407,-1499.6741421469708,52000.708533951954
2026-08-02 00:30:58,18000.228240878107,-1500.0582406947294,52000.15857579721
2026-08-02 00:30:59,17999.97785470114,-1498.7688848509558,52000.327515870835
2026-08-02 00:31:00,17999.703698158675,-1499.4402090637261,52000.216639713406
2026-08-02 00:31:01,18000.625997668492,-1499.5833687013228,51999.54015897126
2026-08-02 00:31:02,18000.64737851671,-1500.503592869684,52000.124565715625
2026-08-02 00:31:03,17999.95531676876,-1499.7370459030637,51999.85598813991
2026-08-02 00:31:04,17999.42766991579,-1500.6638412864918,52001.08786731705
2026-08-02 00:31:05,18000.1038273022,-1500.3195801058584,51999.53008651592
2026-08-02 00:31:06,18000.50024591282,-1500.4819993158994,52000.32410309326
2026-08-02 00:31:07,17999.96985172708,-1500.1340971988805,51999.470235979075
2026-08-02 00:31:08,17999.778484041362,-1499.9448308443452,52000.02727414045
2026-08-02 00:31:09,17999.748527554188,-1499.2916914959999,52000.45226736848
2026-08-02 00:31:10,17999.309665511268,-1499.725741651325,52000.99442836567
2026-08-02 00:31:11,18000.081627738025,-1499.9886965141957,51999.97082865674
2026-08-02 00:31:12,18000.176288979786,-1499.8928604082146,52000.08200016283
2026-08-02 00:31:13,18000.37015269608,-1499.765565286408,51999.941396093236
2026-08-02 00:31:14,18000.386710723593,-1501.1493263043894,51999.47944275342
2026-08-02 00:31:15,18000.165005050545,-1499.4315882851886,51999.732236938624
2026-08-02 00:31:16,18000.304409682485,-1499.6199800169159,51999.581762950955
2026-08-02 00:31:17,18000.427098232572,-1499.6503918151789,52000.251901228105
2026-08-02 00:31:18,17999.81340070857,-1500.495797991341,52000.20304277904
2026-08-02 00:31:19,17999.827064024536,-1500.3068223034993,52000.0186091843
2026-08-02 00:31:20,17999.591028260482,-1500.1178812404967,52000.28103818337
2026-08-02 00:31:21,17999.35274246534,-1500.412291563227,51999.68131894456
2026-08-02 00:31:22,18000.62659083648,-1499.1178573639777,51999.81725231257
2026-08-02 00:31:23,17999.914972903734,-1500.0339464147598,51999.385791275956
2026-08-02 00:31:24,17999.968406907083,-1499.2154228841734,51999.40584937756
2026-08-02 00:31:25,18000.618757250715,-1500.798554088419,51999.55714692434
2026-08-02 00:31:26,18000.399183898633,-1500.645291419983,52000.1839766308
2026-08-02 00:31:27,18000.58476037279,-1500.9820356881605,52000.32465920523
2026-08-02 00:31:28,18000.164456487684,-1500.6798971196426,52000.55209196469
2026-08-02 00:31:29,18000.147109132788,-1499.6929568012397,52000.72841391105
2026-08-02 00:31:30,18000.06361429163,-1499.132842208528,52000.53070929273
2026-08-02 00:31:31,17999.414109100675,-1500.4055279861027,52000.50001692463
2026-08-02 00:31:32,18000.023430031564,-1499.9021680446415,52000.09674474588
2026-08-02 00:31:33,18000.284269108382,-1500.613757601941,51999.50343522947
2026-08-02 00:31:34,17999.984217682406,-1499.7469601605808,51999.247461515035
2026-08-02 00:31:35,17999.210368995733,-1499.3975500064532,52000.06583017669
2026-08-02 00:31:36,18001.055649465063,-1499.59759087835,51999.96701452551
2026-08-02 00:31:37,18000.03742274761,-1500.8270600516776,52000.09054255459
2026-08-02 00:31:38,18000.051124180616,-1500.5560264512626,52000.07775207682
2026-08-02 00:31:39,18000.223503698886,-1500.2104665342147,51999.93643780963
2026-08-02 00:31:40,17999.580587045293,-1500.0527420052458,52000.16885422666
2026-08-02 00:31:41,17999.86157092536,-1500.2688305622555,52000.59959597082
2026-08-02 00:31:42,17999.4736389983,-1500.2461329362402,51999.237867685406
2026-08-02 00:31:43,17999.920415270262,-1500.5478707026282,51999.56704344137
2026-08-02 00:31:44,18000.39804137214,-1500.451308187258,52000.47305693156
2026-08-02 00:31:45,18000.577810498136,-1499.9877532781604,51999.99485974906
2026-08-02 00:31:46,18000.427896503505,-1500.1900272304044,52000.57818386903
2026-08-02 00:31:47,17998.78523532047,-1499.9130191088677,51999.94772787697
2026-08-02 00:31:48,18000.079325309307,-1499.81060989392,51999.85776847098
2026-08-02 00:31:49,17999.703689331716,-1500.4531527045524,51999.842216761615
2026-08-02 00:31:50,18000.548010287024,-1499.4023004245105,51999.666360588635
2026-08-02 00:31:51,18000.230101276702,-1499.7883820240424,52000.09965631778
2026-08-02 00:31:52,18000.704944713114,-1499.9164024114905,51999.882182661175
2026-08-02 00:31:53,18001.094578871987,-1499.9702163310478,52000.22111816722
2026-08-02 00:31:54,17999.400669311668,-1500.1192283126672,51999.75674843981
2026-08-02 00:31:55,17999.576258000303,-1501.1173670487524,52000.18485399042
2026-08-02 00:31:56,18000.13077111173,-1500.4645234610903,52000.411248176395
2026-08-02 00:31:57,18000.43718817553,-1499.6514449365777,51999.33822810045
2026-08-02 00:31:58,18000.014566196685,-1500.296224644688,51999.10670537172
2026-08-02 00:31:59,18000.10268625418,-1500.010449625693,52000.073379164525
2026-08-02 00:32:00,18000.22124690159,-1500.281099822778,52000.53190446643
2026-08-02 00:32:01,17999.93476552682,-1499.071143681713,51999.61399556747
2026-08-02 00:32:02,18000.85551126506,-1500.0046535688828,52000.101298769645
2026-08-02 00:32:03,17999.86866835427,-1500.6349822057275,52000.19219394611
2026-08-02 00:32:04,17999.318111963796,-1500.863113422378,51999.58701700589
2026-08-02 00:32:05,18000.195052096205,-1499.4375700863218,51999.554973346974
2026-08-02 00:32:06,17999.071392421036,-1500.7953640262938,52000.56673090017
2026-08-02 00:32:07,17999.539002402485,-1500.552488789442,51999.674876666984
2026-08-02 00:32:08,17999.945088151828,-1501.3765325511308,52000.04584547592
2026-08-02 00:32:09,18000.07456027152,-1500.2637642490806,51999.68008631421
2026-08-02 00:32:10,17999.877378661004,-1500.3592301932158,52000.6233134866
2026-08-02 00:32:11,17999.67448210498,-1499.418187941822,52000.01473508966
2026-08-02 00:32:12,17999.973828746606,-1500.5191796759825,51999.04835555449
2026-08-02 00:32:13,17999.992140453804,-1499.6259324355026,51999.81413861987
2026-08-02 00:32:14,17999.537538593322,-1500.2635340241482,51999.690580177106
2026-08-02 00:32:15,17999.67693458738,-1499.6085928690306,52000.885274346736
2026-08-02 00:32:16,18000.682899101696,-1499.782358563997,52000.24056351056
2026-08-02 00:32:17,18000.234313929905,-1499.5733984093479,52000.2142748156
2026-08-02 00:32:18,17999.761716787747,-1499.3789932849484,52000.84745974056
2026-08-02 00:32:19,17999.410349236223,-1500.8150183368903,52000.336790839116
2026-08-02 00:32:20,18000.099963320412,-1499.3153654347852,52000.18184503725
2026-08-02 00:32:21,17998.7978427498,-1499.9734708644671,51999.71092857646
2026-08-02 00:32:22,18000.553842265977,-1500.0032376858085,52000.52548631966
2026-08-02 00:32:23,17999.884307633853,-1500.59191676074,51999.434489343796
2026-08-02 00:32:24,18001.06543350703,-1499.308987108244,51999.56606351573
2026-08-02 00:32:25,18000.404350629975,-1499.5055702761101,52000.190652125464
2026-08-02 00:32:26,17999.40130409429,-1499.0408054896632,52000.37784145314
2026-08-02 00:32:27,17999.98991395108,-1500.1773720862313,52000.43775345905
2026-08-02 00:32:28,18000.94480158657,-1500.3047927173418,52000.10274298218
2026-08-02 00:32:29,17999.813179965393,-1499.4830120626889,51999.29764524837
2026-08-02 00:32:30,18000.513197111068,-1500.988145341589,51999.98202314654
2026-08-02 00:32:31,18000.353421170916,-1499.641186174179,51999.55926064838
2026-08-02 00:32:32,18000.349459441273,-1499.3524403222154,51999.69917720834
2026-08-02 00:32:33,17999.896916213434,-1499.9536670617117,51998.879758162286
2026-08-02 00:32:34,18000.278442069495,-1500.1858525679145,52000.524256138866
2026-08-02 00:32:35,18000.745604771437,-1500.6009108774294,51999.56448618911
2026-08-02 00:32:36,18000.168682253716,-1499.3455682687616,52000.292122734325
2026-08-02 00:32:37,18000.048423769098,-1500.4486822569702,51999.38278701366
2026-08-02 00:32:38,17999.595095106037,-1499.8139193563754,52000.89941675758
2026-08-02 00:32:39,17999.75021167411,-1500.8692653379803,51998.84935234926
2026-08-02 00:32:40,17999.96288104438,-1500.5155984127343,52000.04032612014
2026-08-02 00:32:41,17999.807794214274,-1499.7726223150598,52000.342485543064
2026-08-02 00:32:42,17999.867662556444,-1500.968284331316,52000.2765579215
2026-08-02 00:32:43,18000.57114164171,-1499.1943071833512,52000.0513255207
2026-08-02 00:32:44,18000.323761626394,-1499.7523233669099,52000.36765116571
2026-08-02 00:32:45,18000.251339774502,-1499.951422574897,52000.00454401493
2026-08-02 00:32:46,17999.855090074103,-1499.6762361650312,51999.49348310634
2026-08-02 00:32:47,18000.045641496417,-1500.4776107912628,52000.41400353005
2026-08-02 00:32:48,18000.979077012922,-1500.2273597537928,51999.07681576531
2026-08-02 00:32:49,18000.901727191544,-1500.355223633152,52000.17806165764
2026-08-02 00:32:50,18000.67555340305,-1500.417274068669,51999.90443953491
2026-08-02 00:32:51,17999.172554442663,-1500.8177233283511,51999.7717485269
2026-08-02 00:32:52,17999.439469925223,-1499.3065753019628,51999.88345671961
2026-08-02 00:32:53,17999.62102688817,-1501.0305678693278,51999.94854915292
2026-08-02 00:32:54,18000.741631585337,-1499.3929918573797,51999.61197786174
2026-08-02 00:32:55,18000.283036647474,-1499.6892702291302,52000.07538281123
2026-08-02 00:32:56,17999.70223910657,-1499.069579760149,51999.682664708875
2026-08-02 00:32:57,18000.05029179362,-1499.6857556807674,51999.952482630346
2026-08-02 00:32:58,18000.587479813432,-1499.9576946927075,51999.54018611659
2026-08-02 00:32:59,18000.30291570752,-1499.3201232329222,51999.747848147344
2026-08-02 00:33:00,17999.553777360696,-1500.2036021929885,52001.13098608797
2026-08-02 00:33:01,18000.299843079567,-1500.4329815762944,51999.752417031035
2026-08-02 00:33:02,18000.76674736791,-1499.4733325784405,52000.02847308627
2026-08-02 00:33:03,18000.71332271546,-1500.7761981706049,52000.46347750456
2026-08-02 00:33:04,18000.766625772656,-1500.084566965372,52000.45263505926
2026-08-02 00:33:05,17999.33042394376,-1499.683973576427,52000.43683494345
2026-08-02 00:33:06,17999.92757267569,-1499.2038332272132,51998.99321496951
2026-08-02 00:33:07,18000.754346648973,-1500.4353250973431,52000.05278932339
2026-08-02 00:33:08,18000.000096723892,-1499.698158432265,51999.94699603716
2026-08-02 00:33:09,17999.84562916874,-1499.320034337577,51998.88933279859
2026-08-02 00:33:10,17999.81775403764,-1499.4467300744373,51999.80221596481
2026-08-02 00:33:11,17999.940145279328,-1499.1533979853098,51999.63459819536
2026-08-02 00:33:12,18000.308354418008,-1500.6111587449413,51999.52823692848
2026-08-02 00:33:13,17998.955269032434,-1499.3650948563873,51999.18768465186
2026-08-02 00:33:14,18000.114189594013,-1500.2006809324203,52000.58120779536
2026-08-02 00:33:15,18000.598885733503,-1499.8183254236037,52000.97273192304
2026-08-02 00:33:16,18000.032421679032,-1500.7997309315042,52000.16147163786
2026-08-02 00:33:17,17999.981165399116,-1499.530209664109,51999.97787173445
2026-08-02 00:33:18,17999.30002334967,-1499.9924195343515,51999.09849542675
2026-08-02 00:33:19,18000.688923397767,-1499.6628580887061,51999.923880430746
2026-08-02 00:33:20,17999.62907961212,-1499.726840611469,51999.89121384117
2026-08-02 00:33:21,17999.425347773165,-1500.0362502688185,51999.8777465605
2026-08-02 00:33:22,17999.364821417133,-1499.8099501471327,52000.21858831097
2026-08-02 00:33:23,17999.524620341617,-1500.2516308878369,52000.85048785038
2026-08-02 00:33:24,18000.51504337754,-1500.3541556462499,51999.13028814773
2026-08-02 00:33:25,17999.311060279648,-1499.396986821877,52000.07862443586
2026-08-02 00:33:26,18000.71989278577,-1499.6530768967993,51999.41829860829
2026-08-02 00:33:27,18000.252111381695,-1500.1356768703365,51999.57116561738
2026-08-02 00:33:28,17999.755667094996,-1499.8501636468714,51999.90473188179
2026-08-02 00:33:29,18000.27705820328,-1500.2314599736417,51999.49613145254
2026-08-02 00:33:30,17999.87724157777,-1499.5855475218818,51999.667732164926
2026-08-02 00:33:31,18000.531744525102,-1500.410839091997,51999.734810791364
2026-08-02 00:33:32,18000.93675041262,-1500.8467094419632,51999.13226351943
2026-08-02 00:33:33,18000.266222671413,-1500.0338301296815,52000.47563242362
2026-08-02 00:33:34,17999.900541687584,-1500.1393692399567,52000.51678805843
2026-08-02 00:33:35,18000.8065889342,-1500.961035212831,52000.69259313321
2026-08-02 00:33:36,17999.773593199552,-1500.3342891079626,51999.54641453958
2026-08-02 00:33:37,17999.182032847162,-1499.4905575810762,52000.269277048355
2026-08-02 00:33:38,17999.678908132162,-1501.035480202996,51999.909586160735
2026-08-02 00:33:39,18000.6285880444,-1499.4942151351402,51999.90670253186
2026-08-02 00:33:40,18000.7070019349,-1499.9857867681667,52000.54512755497
2026-08-02 00:33:41,17999.929014308538,-1499.1251364492803,52000.166237593025
2026-08-02 00:33:42,18000.25268204481,-1500.297402536978,51999.677277035364
2026-08-02 00:33:43,18000.96825943719,-1501.0976394642053,52001.02792705334
2026-08-02 00:33:44,18000.592994456023,-1499.9997889549247,52000.40660597607
2026-08-02 00:33:45,17999.74163043916,-1500.7431486137857,51999.97835611619
2026-08-02 00:33:46,18000.325681469927,-1500.5989225093165,52000.91203907586
2026-08-02 00:33:47,18000.017076933516,-1500.0317346828274,51999.75455669807
2026-08-02 00:33:48,17999.791934376015,-1500.57416513794,51999.998985020065
2026-08-02 00:33:49,17999.720746177773,-1499.6448861351564,51999.43077594638
2026-08-02 00:33:50,17999.85823075471,-1499.8090811170835,52000.816701836346
2026-08-02 00:33:51,18000.13642530509,-1499.7063785144958,52000.46461971115
2026-08-02 00:33:52,18000.13043783683,-1500.2147582047041,52000.53938961991
2026-08-02 00:33:53,18000.386794034566,-1500.0263114010888,51999.90375258931
2026-08-02 00:33:54,18000.369608859237,-1500.5674567243464,51999.55200722049
2026-08-02 00:33:55,18000.16258011157,-1500.2856788346057,51999.51545060243
2026-08-02 00:33:56,17999.067661962992,-1501.3060523325316,52000.18352614799
2026-08-02 00:33:57,17999.83033646224,-1499.9754784309448,52001.05978651733
2026-08-02 00:33:58,18000.0729967991,-1499.5911965511302,52000.10134517303
2026-08-02 00:33:59,18000.71257915749,-1500.146515947333,51999.57320757733
2026-08-02 00:34:00,17999.282106537452,-1500.4775223883905,51999.84967580698
2026-08-02 00:34:01,17999.95620283378,-1500.051379396337,51999.63763724164
2026-08-02 00:34:02,17999.928846496296,-1500.7047717618393,51999.44166930293
2026-08-02 00:34:03,18000.00491826565,-1500.5700637097452,52000.769585044836
2026-08-02 00:34:04,17999.95277647051,-1500.6798994981093,52000.085296165744
2026-08-02 00:34:05,18000.651537368674,-1499.9828050930603,52000.27295211842
2026-08-02 00:34:06,18000.083935960298,-1499.4702134067752,51999.66231987053
2026-08-02 00:34:07,18000.041508678147,-1500.414980979109,52000.59181535508
2026-08-02 00:34:08,18000.558103893523,-1499.4585727089034,51999.42678208267
2026-08-02 00:34:09,17999.35987794055,-1500.2212841474939,52000.32947714877
2026-08-02 00:34:10,17999.885093010947,-1499.1040048971242,51998.87545758776
2026-08-02 00:34:11,18000.508619677235,-1500.3154062723002,51999.63809045165
2026-08-02 00:34:12,17999.463102238875,-1500.1739050881308,51999.10954560333
2026-08-02 00:34:13,17999.798874384334,-1500.9519144912792,52000.36036104137
2026-08-02 00:34:14,17999.31309205597,-1499.896865083503,51999.36149861001
2026-08-02 00:34:15,17999.81885753297,-1499.5176145092012,51999.593857163185
2026-08-02 00:34:16,18000.057644464414,-1500.4387766177283,51999.33822254651
2026-08-02 00:34:17,18000.510681945696,-1500.7636869751132,52000.32893970286
2026-08-02 00:34:18,17999.26296122546,-1500.3583520844888,51999.43038275915
2026-08-02 00:34:19,18000.355052176026,-1500.4949593554586,51999.95114666664
2026-08-02 00:34:20,18000.574748686973,-1499.7941333363083,52000.360867303076
2026-08-02 00:34:21,17999.716720744003,-1500.2943687070208,51999.221639738484
2026-08-02 00:34:22,18000.390583698198,-1500.1691947519187,52000.04814198894
2026-08-02 00:34:23,18000.144469651557,-1500.2493583689015,52000.035560380114
2026-08-02 00:34:24,18000.028071172383,-1500.175248632472,51999.701290032695
2026-08-02 00:34:25,18000.14308871938,-1500.5620224929414,52000.22932655739
2026-08-02 00:34:26,18000.32293014934,-1499.9288369653136,52000.34322544334
2026-08-02 00:34:27,17999.67424619014,-1499.9507969992198,52001.03422152314
2026-08-02 00:34:28,17999.478448524158,-1499.224735895482,51999.43883306189
2026-08-02 00:34:29,17999.689655380058,-1499.8343985267422,51999.82205672474
2026-08-02 00:34:30,17999.76522879526,-1499.3421428671188,51999.85845599403
2026-08-02 00:34:31,18000.48865527994,-1499.6185766344834,52000.08796355223
2026-08-02 00:34:32,18000.35132761515,-1500.4547866405237,52000.21633853404
2026-08-02 00:34:33,17999.952846328517,-1499.9225660295592,51999.270003038866
2026-08-02 00:34:34,18000.460646429965,-1499.5747975014785,51999.1300524895
2026-08-02 00:34:35,17999.59529997943,-1499.6017758277524,52000.083266273665
2026-08-02 00:34:36,18001.341443226935,-1499.646801544194,51999.76942810878
2026-08-02 00:34:37,18000.502164848764,-1499.7392068889817,52000.5961161573
2026-08-02 00:34:38,18000.69859363402,-1499.1101092357671,51999.90503521234
2026-08-02 00:34:39,18000.046172590115,-1500.152119533863,52000.1979929475
2026-08-02 00:34:40,17999.669718936377,-1498.5826954568774,51999.981007133865
2026-08-02 00:34:41,18000.091635837176,-1499.5964414176894,52000.23734651719
2026-08-02 00:34:42,18000.07187510283,-1499.715759802801,52000.096034758426
2026-08-02 00:34:43,17999.328722536713,-1500.2820273478974,52000.72583818682
2026-08-02 00:34:44,18000.830565178818,-1500.390218462124,52000.78405226849
2026-08-02 00:34:45,18000.100774664133,-1500.0918604018789,51999.344528665715
2026-08-02 00:34:46,17999.623019399845,-1499.924714016271,52000.36845688292
2026-08-02 00:34:47,18000.109852924597,-1499.8795241351738,52000.19785175892
2026-08-02 00:34:48,17999.751024735568,-1500.4448314679228,52000.11897134433
2026-08-02 00:34:49,17999.514115975126,-1499.7650263450028,52001.05191883264
2026-08-02 00:34:50,17999.71261415552,-1500.2026092577862,52000.979979659016
2026-08-02 00:34:51,18000.18872277134,-1500.4592106429543,52000.98418601123
2026-08-02 00:34:52,17999.600810304037,-1500.7698119008553,52000.30884010127
2026-08-02 00:34:53,17999.831506409806,-1500.2586794521812,51999.12141255758
2026-08-02 00:34:54,18000.20631573016,-1500.0370677636545,52000.53968796065
2026-08-02 00:34:55,17998.84713745003,-1500.0019526315912,51999.74224506826
2026-08-02 00:34:56,17999.77742018532,-1500.012318946715,52000.12958954865
2026-08-02 00:34:57,17999.94695299138,-1500.4271610290857,52000.109691013895
2026-08-02 00:34:58,17999.562260261373,-1499.7892326879537,52000.09761927793
2026-08-02 00:34:59,18000.64568973298,-1500.6384741572456,52000.1419548383
2026-08-02 00:35:00,18000.25531426861,-1499.3161309519496,52000.69680675813
2026-08-02 00:35:01,18000.096582880637,-1500.8851819530837,52000.070069589565
2026-08-02 00:35:02,18000.764603508364,-1499.9310130219271,51999.85098936211
2026-08-02 00:35:03,17999.57208278795,-1499.440154978327,52000.427848271815
2026-08-02 00:35:04,17998.857425792594,-1499.7628799059542,51999.61775704847
2026-08-02 00:35:05,18000.828305241324,-1500.3880786249097,51999.32788263469
2026-08-02 00:35:06,18000.339677757205,-1500.354053392262,51999.73754259438
2026-08-02 00:35:07,17999.094199618346,-1500.4743008335126,52000.367222469664
2026-08-02 00:35:08,18000.137606645847,-1500.496124008394,52000.12209477321
2026-08-02 00:35:09,18000.190068414147,-1499.9645249239709,52000.04765324776
2026-08-02 00:35:10,18000.107836107592,-1499.196088202437,52000.239190440036
2026-08-02 00:35:11,17999.948325586323,-1500.9363493044384,52000.10568864994
2026-08-02 00:35:12,18000.334881234427,-1499.89754639452,52000.02474144096
2026-08-02 00:35:13,17999.253455370763,-1499.4553932181868,51999.595391496274
2026-08-02 00:35:14,17999.459754513467,-1499.996464384362,52000.137815013884
2026-08-02 00:35:15,17999.839838510292,-1500.821367764305,51999.98437551933
2026-08-02 00:35:16,17998.915167421776,-1500.296421769398,52001.45190139398
2026-08-02 00:35:17,18000.096147971006,-1500.198435728724,52000.882897338095
2026-08-02 00:35:18,17999.762753945517,-1500.5140057892754,51999.617045045714
2026-08-02 00:35:19,17999.701041325192,-1500.0845875454884,51999.390129637155
2026-08-02 00:35:20,18000.319915452135,-1499.8795683556034,51999.831249088005
2026-08-02 00:35:21,18000.33779136126,-1499.833437565975,52001.373932335424
2026-08-02 00:35:22,17999.180073848118,-1499.3811645524736,51999.42633237783
2026-08-02 00:35:23,17999.99523006361,-1500.349635218275,52000.0865963987
2026-08-02 00:35:24,17999.35376974148,-1499.3377699936211,51999.80942283737
2026-08-02 00:35:25,18000.51048219251,-1500.4094008785914,52000.90078904936
2026-08-02 00:35:26,17999.914615956975,-1499.8229244694073,51999.940605754346
2026-08-02 00:35:27,18000.300740520368,-1499.729979769867,51999.998029214825
2026-08-02 00:35:28,18000.496248357496,-1499.4725918328702,51999.525168155305
2026-08-02 00:35:29,18000.54847560905,-1500.0966872381703,51999.3216559713
2026-08-02 00:35:30,18000.83599886771,-1499.1318334988825,51999.97356720858
2026-08-02 00:35:31,17999.851206337895,-1500.549140783004,52000.89367887099
2026-08-02 00:35:32,18000.616165756852,-1500.1275326941627,51999.734520303566
2026-08-02 00:35:33,17999.631171325585,-1500.449115691246,51999.48305807198
2026-08-02 00:35:34,18000.198192760985,-1499.5163802984916,52000.62250889666
2026-08-02 00:35:35,17999.641961975685,-1499.5510359900677,52000.12156899783
2026-08-02 00:35:36,17999.738665375327,-1500.8041729788808,52000.49434773212
2026-08-02 00:35:37,18000.84814120058,-1500.1317407711813,51999.272342973854
2026-08-02 00:35:38,17999.334116310783,-1500.68552017565,51999.69791718804
2026-08-02 00:35:39,17999.69896935659,-1500.619936952993,52000.16478214082
2026-08-02 00:35:40,17999.731946819098,-1499.9694541637557,52000.90949576049
2026-08-02 00:35:41,18000.269731689023,-1499.970945642806,52000.129190418316
2026-08-02 00:35:42,18000.450116312764,-1500.3090931459678,51999.720091810654
2026-08-02 00:35:43,18000.171425746114,-1500.5982224830748,51999.919728926456
2026-08-02 00:35:44,18000.22553856301,-1500.683180189122,52000.37360943794
2026-08-02 00:35:45,17999.526724348456,-1500.2100097628452,51999.6733970039
2026-08-02 00:35:46,17999.901128774633,-1500.425634950912,52000.159616169745
2026-08-02 00:35:47,18000.198139348176,-1500.3677877731234,51999.322256037856
2026-08-02 00:35:48,18000.20379020432,-1501.4120792131087,51999.71071653681
2026-08-02 00:35:49,17999.893735717116,-1499.77652779306,52000.391002070784
2026-08-02 00:35:50,17999.50370740551,-1499.8002777963625,52001.26243273502
2026-08-02 00:35:51,17999.612087145404,-1499.7275295867034,51999.56513441308
2026-08-02 00:35:52,18000.055421593985,-1499.7895743624545,52001.07424754393
2026-08-02 00:35:53,17999.421843250784,-1500.357016136763,51999.625613024335
2026-08-02 00:35:54,17999.718241146948,-1499.7681809042035,52000.55861313792
2026-08-02 00:35:55,18000.170307818877,-1499.1351012412827,51999.92061151501
2026-08-02 00:35:56,17999.756367972095,-1500.390731392808,52000.521273758175
2026-08-02 00:35:57,17999.625110727316,-1499.4309699937216,51999.57643942245
2026-08-02 00:35:58,18000.07049393799,-1499.6296572716599,51999.8231764901
2026-08-02 00:35:59,17999.268083797117,-1499.8404006475753,52000.15855223716
2026-08-02 00:36:00,17999.75184835519,-1500.3944324462293,51999.95569247051
2026-08-02 00:36:01,17999.807765461257,-1500.3582649898026,52000.04185023571
2026-08-02 00:36:02,17999.70101697568,-1499.9773846472724,52000.31964699391
2026-08-02 00:36:03,17999.98795547433,-1500.173724961599,52000.400570029095
2026-08-02 00:36:04,18000.33631743422,-1499.908037514294,52000.265377412456
2026-08-02 00:36:05,17999.828613714097,-1499.6118331824553,52000.01998083259
2026-08-02 00:36:06,18000.680630592735,-1500.1343071013093,52000.78257819962
2026-08-02 00:36:07,18000.85670375122,-1499.8365899725643,52000.09945463774
2026-08-02 00:36:08,17999.847219423846,-1499.9393915867174,51999.41996631678
2026-08-02 00:36:09,18000.023371406143,-1499.261744784549,51999.746642812665
2026-08-02 00:36:10,18000.40197134369,-1499.7807969962412,52000.117673929824
2026-08-02 00:36:11,18000.693762250037,-1500.4096372985473,51999.9438954257
2026-08-02 00:36:12,18000.506445899064,-1499.8727459429222,52000.033375785926
2026-08-02 00:36:13,17999.443748153182,-1500.433964817288,51999.43650743093
2026-08-02 00:36:14,17999.849894807616,-1500.3723731187426,52000.817893472915
2026-08-02 00:36:15,17998.961581904157,-1500.1559664918152,52000.34566456198
2026-08-02 00:36:16,17999.393493970343,-1501.0713255694366,52000.72031493176
2026-08-02 00:36:17,18000.394328242768,-1500.3652451104028,52000.054204224216
2026-08-02 00:36:18,17999.589583178305,-1499.242084580504,52000.1713715493
2026-08-02 00:36:19,18000.158007354872,-1500.6613185146348,51999.62736779487
2026-08-02 00:36:20,17999.868072351503,-1499.3067483641828,52000.156174130105
2026-08-02 00:36:21,17999.673998653765,-1500.0643598893114,52000.21268700593
2026-08-02 00:36:22,17999.62042162422,-1501.0430046616027,51999.94619480278
2026-08-02 00:36:23,18000.910351830367,-1499.1892769247593,52000.67841987468
2026-08-02 00:36:24,17999.771994788076,-1500.0477511367344,52000.99127683209
2026-08-02 00:36:25,18000.591001772256,-1499.7933162581965,52000.09677228061
2026-08-02 00:36:26,18000.14254060481,-1499.0703190315487,52000.76940504538
2026-08-02 00:36:27,18000.291367005153,-1499.8146015558953,51999.44813635808
2026-08-02 00:36:28,17999.866193726808,-1500.394782235273,52000.55914454359
2026-08-02 00:36:29,17999.60264177356,-1500.1761993706082,52000.59178026171
2026-08-02 00:36:30,17999.223273119747,-1500.0829711571341,51999.50930049961
2026-08-02 00:36:31,18000.058470744636,-1500.6102632354648,51999.88993110698
2026-08-02 00:36:32,18000.30077622352,-1500.0608967462822,52000.15466799375
2026-08-02 00:36:33,18000.58022170296,-1500.2323617810125,52000.02554050417
2026-08-02 00:36:34,17999.586905043216,-1499.6586174911959,51999.64579669671
2026-08-02 00:36:35,18000.07392760933,-1499.9411935098203,51999.906668724034
2026-08-02 00:36:36,18000.7672593548,-1499.5659723156054,51999.12542469065
2026-08-02 00:36:37,18000.407030006925,-1498.8507018917649,52000.48528150951
2026-08-02 00:36:38,17999.590341073355,-1500.4332868503598,51999.458519252774
2026-08-02 00:36:39,17999.804347029152,-1500.0277726463876,51998.998893868076
2026-08-02 00:36:40,18000.76869980883,-1499.7809972614552,51999.54036207578
2026-08-02 00:36:41,17999.98726262072,-1500.1952963549281,51999.884794114376
2026-08-02 00:36:42,18000.323134045524,-1500.6224744967794,51999.76951864006
2026-08-02 00:36:43,18000.16469984144,-1500.2216683506776,52000.49492516833
2026-08-02 00:36:44,17999.733805269476,-1501.0545226916995,51998.93125371035
2026-08-02 00:36:45,18000.089970363784,-1500.2705502744304,51999.74058871787
2026-08-02 00:36:46,18000.98699605098,-1500.1873745837531,52000.057524858574
2026-08-02 00:36:47,17999.645176489663,-1500.046289368199,52000.85400140002
2026-08-02 00:36:48,17999.980501888946,-1498.95187315626,52000.18950611953
2026-08-02 00:36:49,17999.54492824627,-1499.327719413081,51999.872564413265
2026-08-02 00:36:50,17999.930970341953,-1500.4871215616467,51999.06248124105
2026-08-02 00:36:51,17999.797974937286,-1500.9907781225606,52000.3274225581
2026-08-02 00:36:52,17999.936756289426,-1499.9759347564348,51999.53357659631
2026-08-02 00:36:53,17998.982226420823,-1500.89946745287,52000.4308098321
2026-08-02 00:36:54,17999.194651192724,-1500.178656642456,52000.62814922798
2026-08-02 00:36:55,18000.240064633894,-1499.18868398679,52000.3262980475
2026-08-02 00:36:56,18000.20596738644,-1499.968908709701,52000.061191563924
2026-08-02 00:36:57,18000.03908638027,-1499.4286027335381,51999.853189834386
2026-08-02 00:36:58,17999.835631122925,-1499.942210244965,52000.32615159318
2026-08-02 00:36:59,17999.97283933057,-1500.5311723834925,51999.95382225996
2026-08-02 00:37:00,17999.950765753998,-1500.630941597574,52000.72864646792
2026-08-02 00:37:01,17999.28656171681,-1499.459771250753,51999.57909186213
2026-08-02 00:37:02,17998.991149471058,-1500.5494231369619,51998.97542670829
2026-08-02 00:37:03,18000.881794099663,-1500.8707963183172,51999.873412992165
2026-08-02 00:37:04,18000.911058532703,-1500.6760611856803,52000.786196714806
2026-08-02 00:37:05,17999.796208464075,-1499.5386685636147,51999.72397270778
2026-08-02 00:37:06,17999.770314494093,-1500.6690676174371,52000.22634601038
2026-08-02 00:37:07,18000.02533376463,-1500.6100591283393,51999.318306026886
2026-08-02 00:37:08,18000.375799348007,-1500.028297109968,52000.96530841126
2026-08-02 00:37:09,17999.564252100845,-1499.9956605709613,51998.8421497055
2026-08-02 00:37:10,18000.51732412051,-1501.0722216333263,51999.71886013996
2026-08-02 00:37:11,18000.058853379625,-1499.8662488407158,52000.08250379163
2026-08-02 00:37:12,17999.73921145206,-1499.2804411332334,51999.77068396306
2026-08-02 00:37:13,17999.332943214336,-1500.8039683547572,52000.04988063602
2026-08-02 00:37:14,17999.83078251605,-1499.7203955691248,51999.799681697325
2026-08-02 00:37:15,18001.180526526838,-1499.7715953450574,52000.17289907732
2026-08-02 00:37:16,18000.786141712993,-1501.1597584575266,51999.41913256329
2026-08-02 00:37:17,17999.81356677269,-1500.3729779506507,52000.09760765985
2026-08-02 00:37:18,18000.470588415676,-1498.7848777538914,51999.6859828374
2026-08-02 00:37:19,17999.773093902815,-1498.9048175612088,52000.40745146047
2026-08-02 00:37:20,17999.7932153735,-1501.2630803345319,52000.57480501672
2026-08-02 00:37:21,18000.2588520165,-1500.2851191590876,51999.699071301686
2026-08-02 00:37:22,18000.02697437967,-1500.634637542114,51999.98875483171
2026-08-02 00:37:23,18000.25567253586,-1500.0418032997204,52000.64066286818
2026-08-02 00:37:24,17999.766768396476,-1498.4262340967548,51998.82892988257
2026-08-02 00:37:25,17999.396020296874,-1501.185296727866,51999.43994104344
2026-08-02 00:37:26,18000.24728302182,-1500.4794138236603,52000.01541333441
2026-08-02 00:37:27,17999.775737404583,-1499.1264881368918,51999.702746185576
2026-08-02 00:37:28,17999.627742156543,-1500.218112478014,51999.92664678535
2026-08-02 00:37:29,18000.150334779995,-1499.6054747061855,51999.4901800381
2026-08-02 00:37:30,18000.607889455547,-1500.5852008556935,52000.722830976
2026-08-02 00:37:31,18000.446951409074,-1499.6814075332777,51999.76965894691
2026-08-02 00:37:32,17999.976338141667,-1500.0047186284967,52000.863688224716
2026-08-02 00:37:33,17999.584784180242,-1499.8118256795233,51999.658896075416
2026-08-02 00:37:34,18000.41827776921,-1499.5880958320543,52000.466083445775
2026-08-02 00:37:35,18000.70269014882,-1499.9112493491255,52000.067380106404
2026-08-02 00:37:36,18000.631275082305,-1499.7064790842642,51999.903427624544
2026-08-02 00:37:37,17999.850296002904,-1500.1586192707377,52000.378216880075
2026-08-02 00:37:38,17999.869549058203,-1499.6956646662488,51999.62422060278
2026-08-02 00:37:39,18000.511188932345,-1499.1501791439355,51999.51027956277
2026-08-02 00:37:40,17999.470144076273,-1500.0989475336296,52000.455614953
2026-08-02 00:37:41,17999.59371519521,-1499.7051114400003,51999.76562442759
2026-08-02 00:37:42,18000.69790964296,-1500.513852846737,52000.26530621428
2026-08-02 00:37:43,17999.78592356205,-1499.67545814026,51999.51414124112
2026-08-02 00:37:44,18000.09152241448,-1500.7095238200518,52000.20335673038
2026-08-02 00:37:45,18000.179789663256,-1500.825724772226,52000.43257284038
2026-08-02 00:37:46,17999.705035614526,-1499.6266470493251,52000.15776363673
2026-08-02 00:37:47,18000.06927742973,-1499.7213983916947,52000.02846430063
2026-08-02 00:37:48,17999.08646750058,-1500.7891556632826,51999.623866734655
2026-08-02 00:37:49,17999.532477627017,-1499.9389081653896,52000.503982239505
2026-08-02 00:37:50,17999.009155461037,-1500.2070555265357,52000.08664029653
2026-08-02 00:37:51,17998.959773052316,-1499.730827713568,52000.60156153886
2026-08-02 00:37:52,18000.190700073894,-1499.2872471659266,52000.58641318442
2026-08-02 00:37:53,18000.8828384205,-1499.8960117772187,52000.00881186828
2026-08-02 00:37:54,18001.090520333062,-1499.405755493958,52000.02947731947
2026-08-02 00:37:55,18000.176217011434,-1499.6770953605421,52000.88911890538
2026-08-02 00:37:56,18000.41525088045,-1499.7803533556435,52000.74082692619
2026-08-02 00:37:57,17999.89874089277,-1499.415909946947,52000.71740739575
2026-08-02 00:37:58,18000.730271398657,-1499.934399535483,51999.74242292884
2026-08-02 00:37:59,17999.92792192468,-1499.966592976406,52000.162531749906
2026-08-02 00:38:00,17999.63315531081,-1500.3692939091025,52000.321836061135
2026-08-02 00:38:01,17999.359337130634,-1500.9230187618339,51999.81804311273
2026-08-02 00:38:02,18000.034219860954,-1499.9836064658036,51999.43607920365
2026-08-02 00:38:03,18000.902336857027,-1500.0177207942816,52000.562316409276
2026-08-02 00:38:04,18000.039491021795,-1499.5857017900316,51999.730680805595
2026-08-02 00:38:05,17999.02900661639,-1499.897375450558,51998.841050268566
2026-08-02 00:38:06,17999.60988548673,-1499.4627998798878,52000.66027931287
2026-08-02 00:38:07,18000.15628463146,-1499.781528800357,52000.062483776535
2026-08-02 00:38:08,17998.716995790423,-1500.444498163834,52000.320837492756
2026-08-02 00:38:09,17999.552129180436,-1500.071237065991,51999.68244860511
2026-08-02 00:38:10,18001.003159522024,-1500.389138431723,51999.345579732
2026-08-02 00:38:11,17998.9671951264,-1499.8856306268879,52000.06319399514
2026-08-02 00:38:12,18000.75771237951,-1499.9863059001682,52000.76616284863
2026-08-02 00:38:13,17999.74998530313,-1500.3582383239027,51999.88965481368
2026-08-02 00:38:14,18000.292485593334,-1499.8517309100837,52000.012284830496
2026-08-02 00:38:15,18000.31111970564,-1500.3363745670677,52000.03423924801
2026-08-02 00:38:16,17999.71004210675,-1500.0046715819167,52000.134307764194
2026-08-02 00:38:17,17999.71509138077,-1500.2087486463158,52000.59420194541
2026-08-02 00:38:18,18000.436055080645,-1500.546598492701,52000.421848371894
2026-08-02 00:38:19,18000.614144268126,-1499.7407244445383,51999.86493924506
2026-08-02 00:38:20,18000.39186930628,-1499.6838032897613,52000.357045266624
2026-08-02 00:38:21,17999.542905193728,-1500.3939632708598,51999.65182001023
2026-08-02 00:38:22,17999.042288602483,-1498.9795587288515,51999.678504054755
2026-08-02 00:38:23,17999.569973944755,-1500.252994514956,52000.115200308035
2026-08-02 00:38:24,17999.662804666485,-1499.5425605871337,51999.429185300025
2026-08-02 00:38:25,17999.318258920077,-1500.2587531812799,51999.6836193493
2026-08-02 00:38:26,18000.563867971483,-1499.9464105471106,52000.23119202967
2026-08-02 00:38:27,18000.4655541703,-1499.067369336761,51999.190133215176
2026-08-02 00:38:28,17999.82247857185,-1499.135235660661,51999.99905842839
2026-08-02 00:38:29,18000.386333188595,-1499.731183629792,51999.4112147258
2026-08-02 00:38:30,18000.891232346792,-1500.8194220399887,51999.72386276081
2026-08-02 00:38:31,17999.634296355485,-1499.0141708062638,51999.34281835615
2026-08-02 00:38:32,18000.51810916142,-1499.6134308991016,51999.761598154786
2026-08-02 00:38:33,18000.70840358293,-1500.5779271372203,52000.53249140383
2026-08-02 00:38:34,17999.52404332119,-1500.1435624291157,51999.303646450455
2026-08-02 00:38:35,18000.368958420182,-1500.1768788960305,51999.91908197886
2026-08-02 00:38:36,18000.652524625184,-1498.9599326199127,51999.5785555693
2026-08-02 00:38:37,18000.163778466853,-1499.8346476746221,52000.56769159877
2026-08-02 00:38:38,18000.533550999193,-1499.1163409016142,52000.256077416554
2026-08-02 00:38:39,17999.829755133298,-1500.224318749856,52000.20979346977
2026-08-02 00:38:40,17999.609117836328,-1500.300107766221,51999.79889625653
2026-08-02 00:38:41,18000.44623008627,-1499.8410342918066,51999.47619739508
2026-08-02 00:38:42,17999.76162037634,-1499.996263150065,52000.94941358699
2026-08-02 00:38:43,18000.13852374964,-1499.3054352239874,51999.71676036218
2026-08-02 00:38:44,17999.90128251328,-1498.7007462807123,52000.46407292255
2026-08-02 00:38:45,17999.54566070135,-1499.7812612187574,52000.04671107107
2026-08-02 00:38:46,17999.21095783623,-1500.395972104505,51999.860185808095
2026-08-02 00:38:47,17999.46211895608,-1499.3830000714581,51999.70327673999
2026-08-02 00:38:48,18001.36394047712,-1499.4747544866232,51999.619717383284
2026-08-02 00:38:49,18000.17936601848,-1499.6867981729888,51999.9108248105
2026-08-02 00:38:50,18000.336996663053,-1499.8548755191398,52000.582464169216
2026-08-02 00:38:51,17999.99172068235,-1499.7992095682255,52000.00889093624
2026-08-02 00:38:52,17999.260991365063,-1499.7501480562407,52000.01039299629
2026-08-02 00:38:53,18000.243942688612,-1499.6826096432274,51999.79487327232
2026-08-02 00:38:54,17999.563913112357,-1500.0886120815062,52000.55368369265
2026-08-02 00:38:55,18000.787498429097,-1500.5346625282382,51999.94523319485
2026-08-02 00:38:56,17999.381747215346,-1499.0712021954582,51999.50844021552
2026-08-02 00:38:57,17999.9736925984,-1499.9276997628629,52000.12904680347
2026-08-02 00:38:58,18000.234773937835,-1499.6192639816745,51999.810180370645
2026-08-02 00:38:59,17999.98961124622,-1499.8053027282976,52000.6455693533
2026-08-02 00:39:00,17999.89145973839,-1499.198245057434,52000.35380050835
2026-08-02 00:39:01,18000.37237855551,-1499.9296070563312,52000.06296288707
2026-08-02 00:39:02,18000.370952047364,-1500.1327770357232,52000.126905905774
2026-08-02 00:39:03,18000.433207164042,-1499.6190854390416,52001.00196082442
2026-08-02 00:39:04,18000.509816048994,-1498.991764348944,51999.73240957264
2026-08-02 00:39:05,18000.287531514634,-1500.041950867123,52000.04298843019
2026-08-02 00:39:06,17999.149081145948,-1500.5206490904814,52000.01571888409
2026-08-02 00:39:07,18000.60232181229,-1500.317786286685,52000.300922893
2026-08-02 00:39:08,17999.494880878625,-1500.739321761278,51999.76307493858
2026-08-02 00:39:09,17999.39931770226,-1499.5980719946797,51999.54297937508
2026-08-02 00:39:10,18000.857879409243,-1500.3576157424332,52000.24077075964
2026-08-02 00:39:11,17999.33974508253,-1500.4631030063988,51999.33134245932
2026-08-02 00:39:12,18000.252413317183,-1500.0673102134485,52000.70517948631
2026-08-02 00:39:13,18000.24597848901,-1499.3514754527291,52000.75397958397
2026-08-02 00:39:14,17999.737900940512,-1499.8379829533458,52000.76631125142
2026-08-02 00:39:15,18000.351909553072,-1499.9084707752772,52000.27899220151
2026-08-02 00:39:16,18000.578688996513,-1500.26967565943,51999.54179971783
2026-08-02 00:39:17,18000.292888386597,-1500.6529007879622,52000.0747947953
2026-08-02 00:39:18,18000.266832257756,-1500.0161718558033,52000.42186655298
2026-08-02 00:39:19,18000.298684112826,-1499.7127457791644,52000.330032658574
2026-08-02 00:39:20,18000.379302789494,-1499.1064881156499,52000.247445035595
2026-08-02 00:39:21,17999.723907331518,-1499.9549925209205,52000.037107635755
2026-08-02 00:39:22,17999.74822273906,-1499.6735461911483,52000.46719445936
2026-08-02 00:39:23,17999.422564973796,-1499.6679865780254,51999.67256980948
2026-08-02 00:39:24,18000.531281724692,-1499.793137425065,52000.321704910406
2026-08-02 00:39:25,17998.964234435465,-1499.5408678395727,52000.3662341489
2026-08-02 00:39:26,18000.388117427967,-1499.2658805747662,51999.8372032346
2026-08-02 00:39:27,18000.39982157115,-1499.5682620965472,51999.79412741219
2026-08-02 00:39:28,18000.1281905743,-1499.9018071955818,52000.168069875035
2026-08-02 00:39:29,18000.325017068597,-1500.6105620880899,52000.058991314174
2026-08-02 00:39:30,18000.817082507405,-1499.582230009588,51999.69405893626
2026-08-02 00:39:31,17999.849827402566,-1500.4683998773746,52000.20237689646
2026-08-02 00:39:32,18000.247955189898,-1499.7524174160394,51999.81602915493
2026-08-02 00:39:33,18000.297181796344,-1500.3040300378275,52000.05884946618
2026-08-02 00:39:34,17999.602370723267,-1499.6220436456085,51999.46672108033
2026-08-02 00:39:35,17999.016724730678,-1499.8072584150739,51999.175319249574
2026-08-02 00:39:36,18000.765795374235,-1499.2850794211465,52000.15595242332
2026-08-02 00:39:37,17999.42513309453,-1500.7379028102064,51999.342146269766
2026-08-02 00:39:38,17999.975822986296,-1499.4369774230258,52000.451068382805
2026-08-02 00:39:39,17999.68643047828,-1500.0121352862627,52000.225611207876
2026-08-02 00:39:40,18000.37396475301,-1499.2444121804945,52000.23264448356
2026-08-02 00:39:41,18000.653507312054,-1500.277048338966,51999.37599900757
2026-08-02 00:39:42,18000.708917468408,-1500.3185309998275,51999.15745326073
2026-08-02 00:39:43,18000.64938675794,-1499.844364150601,51998.768086219105
2026-08-02 00:39:44,18000.28305302536,-1499.233785543472,52000.757970082355
2026-08-02 00:39:45,17999.42409922829,-1499.0591509207165,52000.137988540075
2026-08-02 00:39:46,17999.229213623792,-1500.272702550925,51999.68068496527
2026-08-02 00:39:47,18000.384161753085,-1500.1434933533835,51999.74872731057
2026-08-02 00:39:48,18000.772319830376,-1500.6154533338606,52000.9704306141
2026-08-02 00:39:49,17999.886432834974,-1499.8184472580167,51999.588478021695
2026-08-02 00:39:50,17999.415171999826,-1500.4001689145034,51999.75917282838
2026-08-02 00:39:51,17999.976206803753,-1498.5563107488715,51999.82852693536
2026-08-02 00:39:52,17999.470046286922,-1501.0990463029614,51999.28540864696
2026-08-02 00:39:53,17999.683265226737,-1500.242395500498,51999.17466207884
2026-08-02 00:39:54,17999.87538034129,-1500.3441698840134,51998.60489806279
2026-08-02 00:39:55,18000.60258362698,-1499.6670711436116,52000.69650194121
2026-08-02 00:39:56,18000.120416433132,-1500.2255046858754,51999.751207694906
2026-08-02 00:39:57,18000.567228917836,-1499.886473911366,51999.792727036045
2026-08-02 00:39:58,18000.16847377581,-1500.6251715523217,51999.60138469126
2026-08-02 00:39:59,17999.645561955847,-1501.0133195772744,52000.62085780885
2026-08-02 00:40:00,17999.569467291185,-1499.5332345983472,51999.872111632096
2026-08-02 00:40:01,17998.585655251936,-1499.6208177971948,52000.08845826618
2026-08-02 00:40:02,18000.402952932352,-1500.6228360141881,51999.540107222296
2026-08-02 00:40:03,18000.528152512095,-1500.7129893492802,52000.62146053466
2026-08-02 00:40:04,18000.537557382468,-1500.3418791984348,52000.101154524375
2026-08-02 00:40:05,18000.637600103448,-1500.4293484409698,51999.45890584412
2026-08-02 00:40:06,17999.400821644074,-1500.2661515661025,52000.073430806544
2026-08-02 00:40:07,18000.707055124,-1500.1183527560174,52000.6111625595
2026-08-02 00:40:08,18000.107465862446,-1499.524649945521,51999.57492072984
2026-08-02 00:40:09,17998.478826327664,-1500.940199834213,52000.496888709305
2026-08-02 00:40:10,18000.062630894845,-1500.502819572421,52001.16455005201
2026-08-02 00:40:11,18000.04896641796,-1499.235367919892,51999.206924413076
2026-08-02 00:40:12,18001.207205335333,-1499.6087851259929,52000.1249260525
2026-08-02 00:40:13,17999.653202308462,-1500.3457359937918,52000.57502928224
2026-08-02 00:40:14,18000.321245487754,-1499.6521873367192,52000.04599712481
2026-08-02 00:40:15,18000.474487928284,-1500.0409818657713,51999.58951166732
2026-08-02 00:40:16,17999.995738100253,-1501.0830157919868,52000.553692301095
2026-08-02 00:40:17,17999.74578082737,-1499.5852431613591,52000.29388465683
2026-08-02 00:40:18,17999.61580915972,-1500.4034873093976,51999.51670664258
2026-08-02 00:40:19,18000.287700415807,-1500.4746841909832,51999.68749271842
2026-08-02 00:40:20,17999.885979001483,-1499.6335913469634,52000.73001773524
2026-08-02 00:40:21,17999.989472383277,-1499.6763935121735,51999.665687517285
2026-08-02 00:40:22,18000.286490890485,-1500.585179988673,52000.06111531415
2026-08-02 00:40:23,17999.86276498179,-1499.9155933636464,52000.084337899236
2026-08-02 00:40:24,17999.937097884904,-1500.4710449916954,51999.10949124953
2026-08-02 00:40:25,18000.11296624525,-1500.0732476406604,51999.62460498504
2026-08-02 00:40:26,18000.08671611046,-1499.405086919853,51999.79037915988
2026-08-02 00:40:27,18000.2736757236,-1499.4372648749816,52000.13936707578
2026-08-02 00:40:28,18000.903737671022,-1500.0704858740612,51999.10027192465
2026-08-02 00:40:29,18000.220930343556,-1500.1728604108625,51999.203973537944
2026-08-02 00:40:30,17999.493939095784,-1499.4835629876393,52000.49433705683
2026-08-02 00:40:31,17999.421481733487,-1500.4632334131186,51999.7340726199
2026-08-02 00:40:32,18000.132032552658,-1499.77315342579,52000.86479006498
2026-08-02 00:40:33,17999.788282510217,-1499.8557158100045,51999.66439455352
2026-08-02 00:40:34,17999.698611899217,-1500.495990548286,51999.331955478
2026-08-02 00:40:35,18000.556814473617,-1500.5866903379174,52000.51224559348
2026-08-02 00:40:36,18000.083709903567,-1499.6706248815133,51999.4853177059
2026-08-02 00:40:37,17999.736770758096,-1500.3557579739531,51999.357672853956
2026-08-02 00:40:38,18000.17740461824,-1499.8330650000532,52000.16633867755
2026-08-02 00:40:39,18000.227422803615,-1500.528657345841,51999.90068144185
2026-08-02 00:40:40,17999.193234562943,-1499.9727874458702,51999.68955680196
2026-08-02 00:40:41,17999.761877075423,-1500.0745283013096,51999.79628011481
2026-08-02 00:40:42,17998.69897112018,-1500.0050585575098,52000.92954904379
2026-08-02 00:40:43,18000.091134456197,-1499.7833578933971,51998.895164176356
2026-08-02 00:40:44,17999.826418609486,-1499.921853028762,51999.331064909886
2026-08-02 00:40:45,18000.962544651404,-1500.4076725204272,52000.15160067091
2026-08-02 00:40:46,18000.0035274453,-1500.6556201489816,52000.3867987505
2026-08-02 00:40:47,17999.62667725292,-1500.4553368182806,52000.61743190453
2026-08-02 00:40:48,18000.05997096235,-1499.197133058596,51999.985411227484
2026-08-02 00:40:49,17999.98658269476,-1500.241793363584,52000.0924341521
2026-08-02 00:40:50,18000.20485706908,-1500.1391677521992,52000.74269566368
2026-08-02 00:40:51,17999.863736504325,-1500.7164567594486,52000.66480607108
2026-08-02 00:40:52,18000.454488749678,-1500.2943409600475,52000.12195856951
2026-08-02 00:40:53,18000.440890129616,-1500.0087759220607,51999.057499208655
2026-08-02 00:40:54,18000.630335695107,-1499.2267759673016,51999.79028093363
2026-08-02 00:40:55,17999.63871889633,-1500.8650780240532,52000.29086803462
2026-08-02 00:40:56,17999.657988366354,-1500.3995644750066,51999.70830716183
2026-08-02 00:40:57,18000.20365986523,-1500.0242861227414,52000.3498865707
2026-08-02 00:40:58,17999.414964167463,-1499.8510806670704,52000.18778870548
2026-08-02 00:40:59,17999.848586609372,-1500.7374148001447,51999.44726894011
2026-08-02 00:41:00,17999.870447060046,-1500.3859845281945,52000.61257851624
2026-08-02 00:41:01,18000.038314686346,-1499.3570680254506,51999.8591568226
2026-08-02 00:41:02,18000.077707062315,-1499.8150543619345,51999.43358261842
2026-08-02 00:41:03,17999.91811255732,-1499.7580483868237,51999.082405558416
2026-08-02 00:41:04,17999.17360158312,-1498.9292956823997,51999.22818658405
2026-08-02 00:41:05,18000.155052961618,-1499.859674274273,51999.719107223995
2026-08-02 00:41:06,17999.843081114144,-1499.3414123294463,52000.75086434883
2026-08-02 00:41:07,18000.228616595323,-1499.383665992097,51999.96908693763
2026-08-02 00:41:08,18000.69180316692,-1499.7069900957463,52000.42739681844
2026-08-02 00:41:09,18000.166692234645,-1499.8092813113328,52000.74906128169
2026-08-02 00:41:10,18000.14595969127,-1499.9185824120968,52000.80882622167
2026-08-02 00:41:11,17999.65188613129,-1500.2786321801177,51999.965324759454
2026-08-02 00:41:12,18000.453255248605,-1499.8562703664825,51999.6358571251
2026-08-02 00:41:13,18001.151109794297,-1499.4654475227169,52000.632624490434
2026-08-02 00:41:14,18000.10087273192,-1500.0538059871067,51999.61312399668
2026-08-02 00:41:15,18000.237913745594,-1500.1127342882337,51999.74951211367
2026-08-02 00:41:16,18000.548024793097,-1499.1905761271246,51999.04514841387
2026-08-02 00:41:17,18000.140211697442,-1499.866330840241,51999.902198503776
2026-08-02 00:41:18,18000.120357034608,-1500.3813312084528,51999.957830778585
2026-08-02 00:41:19,17999.456704760436,-1499.19117962692,52000.094170063385
2026-08-02 00:41:20,17999.43796021473,-1500.5123950201053,52000.055064048975
2026-08-02 00:41:21,18000.541082869026,-1499.4975349986692,51999.969036891845
2026-08-02 00:41:22,17999.355176882622,-1500.7671533292746,51999.76886457361
2026-08-02 00:41:23,18001.30305963055,-1499.6740570203733,52000.69252950969
2026-08-02 00:41:24,18000.26741252367,-1499.8729129647343,52000.77030275103
2026-08-02 00:41:25,17999.016353840874,-1499.9806015960655,52000.592849492845
2026-08-02 00:41:26,18000.12563468054,-1499.6124797078942,51998.79050878738
2026-08-02 00:41:27,17999.798778704066,-1500.0338365113023,52000.15387548529
2026-08-02 00:41:28,17998.99721842325,-1500.6886892755474,52000.403364469465
2026-08-02 00:41:29,18000.413769101462,-1500.882004324908,52000.4641843321
2026-08-02 00:41:30,18000.7504427746,-1500.169963069922,51999.95996083827
2026-08-02 00:41:31,18000.05202692856,-1500.370573757532,51999.741210181666
2026-08-02 00:41:32,18000.440979798947,-1499.6991861370366,52000.91074630245
2026-08-02 00:41:33,17999.930373915766,-1499.0545186568131,51999.37948104396
2026-08-02 00:41:34,17999.43520623958,-1499.7143301062301,52000.33052859255
2026-08-02 00:41:35,17999.15488046883,-1500.1499955820088,51999.194688394724
2026-08-02 00:41:36,18000.342145265833,-1499.3161244961886,51999.265997603026
2026-08-02 00:41:37,17999.99876127281,-1500.651199301668,52000.589527189564
2026-08-02 00:41:38,17999.83060581737,-1500.9342213958653,52000.37001090273
2026-08-02 00:41:39,18000.70156825286,-1500.6079173860578,52000.11843250273
2026-08-02 00:41:40,18000.807530474332,-1501.0621964225102,52000.041315561124
2026-08-02 00:41:41,17999.48166767484,-1499.977368094054,51998.60857835916
2026-08-02 00:41:42,18000.421544200348,-1500.0046886909697,52000.25525889249
2026-08-02 00:41:43,18000.177711133296,-1499.9543833810214,52000.178086361884
2026-08-02 00:41:44,17999.913291777095,-1499.9811866605994,52000.074584847556
2026-08-02 00:41:45,17999.628576632786,-1499.1833908739275,52000.416400957074
2026-08-02 00:41:46,18000.01517989323,-1499.5299630790535,51999.70885675941
2026-08-02 00:41:47,18000.00039059637,-1500.1186349610612,52000.044989133
2026-08-02 00:41:48,17999.096708743375,-1499.0108915635774,52000.41549553056
2026-08-02 00:41:49,17999.9417707868,-1499.9982457340984,52000.10736058545
2026-08-02 00:41:50,18000.350753504023,-1500.0003043715872,52000.31251588693
2026-08-02 00:41:51,18000.082288962705,-1500.8178836945945,51999.72154527308
2026-08-02 00:41:52,18001.244363309237,-1500.5502139111525,51999.90019397229
2026-08-02 00:41:53,18000.40852758557,-1500.3270516506677,52000.75683182943
2026-08-02 00:41:54,17999.921536308684,-1499.4475929646674,52000.397596024915
2026-08-02 00:41:55,18000.241964281046,-1499.9614803596253,52000.236511600735
2026-08-02 00:41:56,17999.410052062216,-1500.1936809202803,52000.26180990986
2026-08-02 00:41:57,17999.603977485884,-1499.116909641647,51999.756396825214
2026-08-02 00:41:58,18000.068362621532,-1499.6551278822233,52000.578663913926
2026-08-02 00:41:59,17999.148226924153,-1500.039769526981,51999.097029141885
2026-08-02 00:42:00,17998.98882658994,-1500.7933295392634,52000.354342835286
2026-08-02 00:42:01,18000.859657283923,-1500.5636033579867,51999.75783625067
2026-08-02 00:42:02,17999.07207296108,-1500.1069750205884,51999.5289574741
2026-08-02 00:42:03,17999.93700525594,-1499.3859383744677,51999.941396815404
2026-08-02 00:42:04,17999.52160812847,-1500.1180012342263,52000.13455219263
2026-08-02 00:42:05,17999.436671666965,-1500.344462401874,51999.253787854024
2026-08-02 00:42:06,17999.831416041463,-1500.0439718357804,51998.95612927735
2026-08-02 00:42:07,17999.826913947116,-1499.5731568759559,52000.090233112234
2026-08-02 00:42:08,18000.20311218614,-1500.7679036862949,51999.96635613782
2026-08-02 00:42:09,18000.08463036293,-1499.845347758391,51999.69977416809
2026-08-02 00:42:10,17999.459626090447,-1500.305200223589,51999.46904164425
2026-08-02 00:42:11,18000.31900843348,-1500.2086034679223,52000.294347080526
2026-08-02 00:42:12,18000.352764689913,-1499.964672110202,51999.005923689016
2026-08-02 00:42:13,18000.249177134083,-1500.0986968911802,51999.80996139993
2026-08-02 00:42:14,17999.893754051078,-1499.6812857277769,51999.699443388075
2026-08-02 00:42:15,17999.633446883163,-1498.66026325643,52000.23745863597
2026-08-02 00:42:16,18000.137593833027,-1500.4325033647772,51999.37314101823
2026-08-02 00:42:17,18000.390144513032,-1500.0099723763906,52000.42876124957
2026-08-02 00:42:18,18000.06338549361,-1500.2093366440129,52000.34290627952
2026-08-02 00:42:19,18000.084906688695,-1500.1021221394049,51999.92788812094
2026-08-02 00:42:20,18000.392449918574,-1500.2296318623373,52000.78413928967
2026-08-02 00:42:21,18000.06942255964,-1500.144774525459,51999.40772036155
2026-08-02 00:42:22,17999.499791183818,-1500.5668036332138,52000.00326478037
2026-08-02 00:42:23,18000.67275051919,-1500.170279942883,51999.29869639586
2026-08-02 00:42:24,17999.078851958362,-1500.4260483406958,52000.56895131322
2026-08-02 00:42:25,18000.554865372014,-1499.3746620533673,52000.540826884186
2026-08-02 00:42:26,17999.427365696014,-1500.2707346493066,51999.82498437046
2026-08-02 00:42:27,18000.640390193337,-1500.4937024395833,52000.85691316567
2026-08-02 00:42:28,17999.951253588835,-1499.717847087399,52000.64735483378
2026-08-02 00:42:29,17999.62353684179,-1500.9265444454102,51999.994247876835
2026-08-02 00:42:30,17999.164477754584,-1499.828007626732,51999.14809384994
2026-08-02 00:42:31,17999.25615271251,-1500.2358711970066,52000.46411608464
2026-08-02 00:42:32,17999.89883572987,-1499.5283829221783,51999.981708862535
2026-08-02 00:42:33,17999.93399820895,-1499.7740680075935,52000.156714598335
2026-08-02 00:42:34,17999.155855232588,-1500.433471884807,52000.35295135398
2026-08-02 00:42:35,18000.47930874809,-1500.1539550424968,51999.86734906501
2026-08-02 00:42:36,18000.97051916205,-1500.2082820982619,52000.536228007426
2026-08-02 00:42:37,18000.053720371867,-1500.2549624659825,52000.20878983504
2026-08-02 00:42:38,17999.996077381405,-1499.7455902708289,52001.36950054364
2026-08-02 00:42:39,17999.985229313144,-1499.6595697210275,51999.0690819927
2026-08-02 00:42:40,18000.300326450473,-1499.353894579846,52000.16352914347
2026-08-02 00:42:41,18000.08853958389,-1500.6689620963855,52000.73468045569
2026-08-02 00:42:42,18000.450475980768,-1499.582720621776,52000.741801528144
2026-08-02 00:42:43,18000.91211928095,-1500.522241015789,51999.98899079616
2026-08-02 00:42:44,17999.142156597358,-1499.2498952234998,52000.66362239399
2026-08-02 00:42:45,18000.42314207281,-1499.9985089375518,52000.336468324174
2026-08-02 00:42:46,18000.088922637566,-1500.0722179245033,51999.99550343828
2026-08-02 00:42:47,18000.160719725067,-1500.4790420616052,51999.804799514306
2026-08-02 00:42:48,18000.416268451034,-1499.1119207700406,51999.91002562995
2026-08-02 00:42:49,17998.66110902919,-1500.95110457131,52000.17290035726
2026-08-02 00:42:50,18000.37234952477,-1500.170538962423,52000.28244393686
2026-08-02 00:42:51,18000.19971239541,-1500.2706096440977,51999.64944889948
2026-08-02 00:42:52,17999.831354532187,-1499.298705993699,51999.96492184675
2026-08-02 00:42:53,18000.315112568685,-1500.0375284957818,52000.00823864203
2026-08-02 00:42:54,18000.340122822712,-1499.91410945394,51999.37912157687
2026-08-02 00:42:55,17999.624212819348,-1500.5286489928833,51999.25589986813
2026-08-02 00:42:56,17999.984371957384,-1499.649187968046,52000.92962073358
2026-08-02 00:42:57,17999.69702231955,-1498.847476449448,52000.00767585388
2026-08-02 00:42:58,17999.901534138033,-1500.3205651555916,51999.53674312341
2026-08-02 00:42:59,17999.439822188055,-1500.1446834906048,51999.702749974735
2026-08-02 00:43:00,17999.35298718666,-1499.7123093008834,52000.22003939156
2026-08-02 00:43:01,18000.113176719282,-1499.9734593181834,52000.134654634516
2026-08-02 00:43:02,18000.538679580237,-1499.8061114718162,51999.33411706646
2026-08-02 00:43:03,17999.39018567034,-1498.9009697606712,51999.695012585595
2026-08-02 00:43:04,18000.038830851594,-1500.4402384270552,52000.525744987484
2026-08-02 00:43:05,18000.226596275672,-1500.0029953594506,51999.46761791042
2026-08-02 00:43:06,18000.03249017281,-1500.1736401550595,52000.128009029286
2026-08-02 00:43:07,18000.34374126892,-1500.004553720301,51999.59874379811
2026-08-02 00:43:08,17999.25632247075,-1499.9051748904315,52000.46358115889
2026-08-02 00:43:09,17999.093007092244,-1499.5506789785525,52000.49376300926
2026-08-02 00:43:10,17999.6533970648,-1499.3306445144722,52000.009473414
2026-08-02 00:43:11,17999.978493257084,-1499.5678221333774,52000.29503405877
2026-08-02 00:43:12,18000.22802740135,-1500.5223314705659,52000.515477795765
2026-08-02 00:43:13,17999.734572405057,-1499.9963345088386,51999.12743310097
2026-08-02 00:43:14,18000.195089579076,-1499.9847244885889,52000.53223817203
2026-08-02 00:43:15,18000.08579269453,-1499.9143204291142,52000.540025878196
2026-08-02 00:43:16,17998.702638673494,-1499.9525170014356,52000.07936694545
2026-08-02 00:43:17,18000.21214868791,-1499.9517207377896,51999.65827260802
2026-08-02 00:43:18,17999.96955862902,-1499.6547843004766,51999.76367439519
2026-08-02 00:43:19,17999.781409965242,-1500.8020640533693,51999.59720210663
2026-08-02 00:43:20,17999.988009309196,-1500.5828535091766,51999.72995561671
2026-08-02 00:43:21,17999.538205842142,-1499.693778221452,52000.11248696696
2026-08-02 00:43:22,17999.469777809987,-1500.173699151962,51999.53502152992
2026-08-02 00:43:23,17999.99957024728,-1500.5624144215067,52000.422007402245
2026-08-02 00:43:24,18000.070923356536,-1499.7301848037941,52000.446853174864
2026-08-02 00:43:25,17999.297627689637,-1499.6294517001093,52000.122076753745
2026-08-02 00:43:26,17999.703538060894,-1500.0910473658357,51999.5678153872
2026-08-02 00:43:27,17999.970471161138,-1499.7790893148067,52001.03102077149
2026-08-02 00:43:28,18000.131792821663,-1498.985366886125,52000.35629938897
2026-08-02 00:43:29,18000.149207050516,-1500.2994480815328,52000.80780398449
2026-08-02 00:43:30,17999.097713020496,-1499.995208121644,51999.64840523209
2026-08-02 00:43:31,18000.177675743194,-1500.5936800310728,52000.398336734936
2026-08-02 00:43:32,17999.729379961016,-1499.7547722911831,51999.74919915953
2026-08-02 00:43:33,18000.177802653056,-1500.2584798223193,51998.787167488204
2026-08-02 00:43:34,18000.135299974652,-1500.263910332392,51999.8531069191
2026-08-02 00:43:35,17999.967449890755,-1500.5144597032604,51999.689721897426
2026-08-02 00:43:36,18000.30423835427,-1499.9917281737241,52000.910398086875
2026-08-02 00:43:37,18000.122669367483,-1499.497675283214,52000.053153783454
2026-08-02 00:43:38,17999.64695650116,-1500.0657545175288,52000.776036867785
2026-08-02 00:43:39,17999.9171700645,-1499.7061563553273,51999.6396156657
2026-08-02 00:43:40,18000.212469186863,-1499.666460357387,52000.75272150339
2026-08-02 00:43:41,18000.21394093279,-1500.5987709856813,51999.37959332712
2026-08-02 00:43:42,17999.801398397645,-1499.6436771648234,52000.17170507803
2026-08-02 00:43:43,18000.39019495114,-1499.7174408823532,52000.22056761754
2026-08-02 00:43:44,17999.34876101122,-1499.5692514643679,51999.35101593825
2026-08-02 00:43:45,17999.86685174315,-1499.3790176991229,51999.7503783481
2026-08-02 00:43:46,18000.384212258537,-1500.714705612854,51999.993553406486
2026-08-02 00:43:47,17999.779460517722,-1500.1217071874373,51999.74809369907
2026-08-02 00:43:48,17999.84181233253,-1499.5558777672702,51999.90915455373
2026-08-02 00:43:49,18000.755900779164,-1500.7224069780057,52000.313810956446
2026-08-02 00:43:50,18000.077126464632,-1499.865649329687,51999.84335742859
2026-08-02 00:43:51,18000.590130368084,-1500.5837588714282,51999.26229072524
2026-08-02 00:43:52,17999.876597547434,-1500.2344156680988,52000.15415120066
2026-08-02 00:43:53,17999.520105460997,-1499.1585665768537,51999.94043196467
2026-08-02 00:43:54,18000.700600328146,-1500.4715055819481,51999.37205754412
2026-08-02 00:43:55,18000.561829628612,-1500.0273346725855,51999.976929394084
2026-08-02 00:43:56,18000.580716881526,-1500.0483386500175,52000.14688683654
2026-08-02 00:43:57,18000.701397817124,-1499.8046902961003,51999.73844483858
2026-08-02 00:43:58,18000.041375746638,-1500.4096366991214,52000.05569480274
2026-08-02 00:43:59,18000.27596367115,-1500.1350670712402,52000.27891937555
2026-08-02 00:44:00,18000.224911320664,-1499.8749086606524,52000.41060758947
2026-08-02 00:44:01,18000.84240038342,-1500.50708277703,52000.56277590881
2026-08-02 00:44:02,17999.586294150216,-1501.0707634670825,51998.937013619085
2026-08-02 00:44:03,18001.073289323274,-1499.7898456820712,52000.23968225524
2026-08-02 00:44:04,17999.262795196453,-1500.5019003676948,52000.24867369251
2026-08-02 00:44:05,18000.391260055094,-1499.5725843298871,51999.54224815902
2026-08-02 00:44:06,18000.30068078206,-1499.6536008934404,51998.79072713698
2026-08-02 00:44:07,17999.085607377507,-1499.4370051980472,51999.75681912976
2026-08-02 00:44:08,17999.70719282971,-1500.6798735897335,51999.50689909953
2026-08-02 00:44:09,17999.193360063087,-1500.173979187729,51999.68845464171
2026-08-02 00:44:10,18000.823290907927,-1500.236519881308,52000.641227143955
2026-08-02 00:44:11,18000.56455663754,-1499.4822737502066,51999.400407196714
2026-08-02 00:44:12,18000.23120810646,-1500.2442032349745,51999.48326998944
2026-08-02 00:44:13,17999.251746396792,-1499.53879134488,51999.63814245105
2026-08-02 00:44:14,18000.363979183338,-1499.4849344095771,51999.72217445047
2026-08-02 00:44:15,17999.776038159256,-1500.0403268002412,51999.57645738763
2026-08-02 00:44:16,18000.04957876466,-1499.8193848947349,52000.40231814622
2026-08-02 00:44:17,17999.376901601787,-1500.6498996447187,51998.931684777745
2026-08-02 00:44:18,17999.830544180455,-1499.771476343772,52000.262364488146
2026-08-02 00:44:19,17999.909279515592,-1499.6751403580627,52000.031089610464
2026-08-02 00:44:20,17999.723790376836,-1500.161504820221,52000.522102033814
2026-08-02 00:44:21,17999.364630046337,-1499.6577701188119,52000.074977014345
2026-08-02 00:44:22,17999.807138763364,-1500.0055366890035,51999.761824712456
2026-08-02 00:44:23,17999.87356882808,-1500.8667014053513,52000.35055077556
2026-08-02 00:44:24,17999.700958344438,-1499.9789585025328,52001.004739758035
2026-08-02 00:44:25,18000.555746656086,-1499.290038975293,52000.63388321044
2026-08-02 00:44:26,17999.959413567645,-1499.5147172941822,52000.267075824915
2026-08-02 00:44:27,17998.934411021284,-1500.276489171553,52000.44979168482
2026-08-02 00:44:28,18000.41162188397,-1500.7616577349495,52000.56530524939
2026-08-02 00:44:29,18000.921080421234,-1500.0408928323836,52000.20759211205
2026-08-02 00:44:30,18001.626963525945,-1500.653766483808,51999.95738019712
2026-08-02 00:44:31,18000.009579885646,-1500.5869112549587,52000.38092977084
2026-08-02 00:44:32,17999.718329848514,-1500.5678572775928,51999.78860121314
2026-08-02 00:44:33,18001.085612270508,-1500.8612632747027,52000.33542725122
2026-08-02 00:44:34,17999.615717240416,-1500.1565310569517,52000.93656399954
2026-08-02 00:44:35,18000.146510240527,-1500.102084338052,51999.5000079216
2026-08-02 00:44:36,17999.015513428003,-1500.2856835488935,51999.68505416718
2026-08-02 00:44:37,17999.516878345545,-1499.8725544957936,52000.25498255603
2026-08-02 00:44:38,17999.892290628653,-1499.8087459845208,51999.61376226872
2026-08-02 00:44:39,18000.405973446173,-1499.5700556873744,52000.083320019556
2026-08-02 00:44:40,17999.249227405682,-1499.393095435729,52001.27732316282
2026-08-02 00:44:41,17999.87459590057,-1500.0849040230719,51999.67360298298
2026-08-02 00:44:42,17999.193312084804,-1500.0020242607347,52000.526818197905
2026-08-02 00:44:43,18001.04767341829,-1499.6177045322554,51999.846863927894
2026-08-02 00:44:44,17999.782519667333,-1500.557665188485,52000.591067929985
2026-08-02 00:44:45,18000.918204151323,-1499.5352312762766,52000.02999296683
2026-08-02 00:44:46,17999.686027957156,-1500.1693422425872,51999.28441390124
2026-08-02 00:44:47,17999.951260012574,-1499.7439517440946,52000.56620800972
2026-08-02 00:44:48,18000.137466085253,-1499.63755394467,51999.94213317178
2026-08-02 00:44:49,17999.94572745977,-1499.4031038650878,52000.46072825661
2026-08-02 00:44:50,18000.031134032808,-1500.6129908765718,52000.77937986085
2026-08-02 00:44:51,18000.164804449418,-1499.9766375556885,52000.037156424914
2026-08-02 00:44:52,18000.526521331816,-1500.0696657596939,52000.6737092813
2026-08-02 00:44:53,18000.402805078265,-1499.9940936148366,52000.633334128455
2026-08-02 00:44:54,17999.319427426646,-1499.4453298847338,51999.71488041077
2026-08-02 00:44:55,18000.67023950466,-1499.3667732824806,52000.346966871446
2026-08-02 00:44:56,18000.721026055315,-1499.5480384149785,52000.88113463359
2026-08-02 00:44:57,18000.173195437535,-1499.7028610067825,52000.04995481048
2026-08-02 00:44:58,17999.873755945402,-1499.485655100143,51999.56479100927
2026-08-02 00:44:59,17999.965604313016,-1499.9280063257881,51999.67344761349
2026-08-02 00:45:00,17999.857701803165,-1500.1571438234946,52000.00660515344
2026-08-02 00:45:01,18000.27633369237,-1499.7825803053197,51999.888391195775
2026-08-02 00:45:02,18000.600336755888,-1499.444589389149,52000.633790144086
2026-08-02 00:45:03,18001.252723646765,-1499.5522474920315,52000.22012901293
2026-08-02 00:45:04,17999.62563469021,-1499.988875816404,51999.95426290809
2026-08-02 00:45:05,17999.778177234173,-1500.6506324166428,52000.374488844776
2026-08-02 00:45:06,18000.216923190546,-1500.205727964281,51999.9733702683
2026-08-02 00:45:07,17999.44879225637,-1500.508468934319,51999.20698619945
2026-08-02 00:45:08,17999.125735146965,-1499.245722176016,51999.230445961904
2026-08-02 00:45:09,18001.142757404607,-1499.6852122470805,52000.436112880554
2026-08-02 00:45:10,18000.68568956027,-1499.962340477155,52000.32973695164
2026-08-02 00:45:11,18000.40698621899,-1499.6822628402604,51999.60175128721
2026-08-02 00:45:12,17999.6776951821,-1500.2163317432542,51999.57048227223
2026-08-02 00:45:13,17999.78655869308,-1500.109369098344,51999.64894563924
2026-08-02 00:45:14,17998.734872140463,-1500.1855517900672,52000.1499299578
2026-08-02 00:45:15,17999.8472235468,-1499.1237382960242,52000.55258791557
2026-08-02 00:45:16,18000.104026685436,-1500.0787681051033,51999.74589795797
2026-08-02 00:45:17,17999.616761706642,-1499.5276181904806,51999.86959951113
2026-08-02 00:45:18,17999.581363200068,-1500.0889176436606,51999.84778944839
2026-08-02 00:45:19,18000.155252922545,-1499.837826008919,52000.64039034796
2026-08-02 00:45:20,18000.936154938274,-1500.6829318093178,52000.086353157356
2026-08-02 00:45:21,17999.72411406726,-1500.2797518290681,52000.469750953394
2026-08-02 00:45:22,18000.64824691171,-1499.820604772961,51999.15687597289
2026-08-02 00:45:23,17999.64368599612,-1500.1368935537887,52000.220865203584
2026-08-02 00:45:24,17998.90920929079,-1500.415549901619,51999.32174879253
2026-08-02 00:45:25,17999.978043774005,-1499.3129301874774,52000.04018000188
2026-08-02 00:45:26,17999.950876753523,-1499.1860575219525,52000.8953044278
2026-08-02 00:45:27,17999.783898832226,-1498.3697904614216,51999.43510104046
2026-08-02 00:45:28,18000.04947085362,-1499.323343186514,52000.36288007873
2026-08-02 00:45:29,18000.49124334961,-1499.8221755078835,52000.37999577341
2026-08-02 00:45:30,18000.989642691187,-1499.6787415439687,52000.22689214573
2026-08-02 00:45:31,17999.749268566145,-1499.9448276531411,52000.47727796702
2026-08-02 00:45:32,18000.2779523499,-1500.2818206471616,51999.72186025677
2026-08-02 00:45:33,17999.891256579922,-1499.8380352799,52000.49060155415
2026-08-02 00:45:34,18000.30517824481,-1500.095145523208,52000.17469697184
2026-08-02 00:45:35,18001.4931538893,-1501.2097862159164,52000.261640366945
2026-08-02 00:45:36,17998.968464182017,-1500.1918745695402,51999.952260402635
2026-08-02 00:45:37,17999.910300145955,-1500.3181084115788,51999.748661461155
2026-08-02 00:45:38,18000.287805229727,-1499.3877080965945,51999.47355798164
2026-08-02 00:45:39,17999.470234029166,-1500.3952363001035,51999.72768854431
2026-08-02 00:45:40,17999.35420061256,-1500.2385794935465,51999.887528679756
2026-08-02 00:45:41,17999.875180728122,-1500.4690040036444,51999.489785538484
2026-08-02 00:45:42,17999.694535866776,-1500.3155078293728,51999.154866328165
2026-08-02 00:45:43,17999.88389287332,-1499.1547539807386,51999.57324689944
2026-08-02 00:45:44,18000.466596837538,-1499.7609160191046,52000.24713495193
2026-08-02 00:45:45,17999.125303908706,-1500.001305868046,52000.90592413037
2026-08-02 00:45:46,17999.789461398504,-1500.3611483062425,52000.52861383536
2026-08-02 00:45:47,17999.692255996808,-1500.410891123376,52000.572300637425
2026-08-02 00:45:48,17999.78971790491,-1499.6850429156293,51999.561415015545
2026-08-02 00:45:49,17999.768298357234,-1500.2705216611264,51998.978086645
2026-08-02 00:45:50,17999.62280440435,-1499.9442906876316,52000.26024044635
2026-08-02 00:45:51,18000.204150787515,-1500.9022726676756,51999.732154740945
2026-08-02 00:45:52,17999.795041920635,-1499.7807200444472,51999.616455851814
2026-08-02 00:45:53,17999.668509693834,-1499.7885086593067,51999.6925889882
2026-08-02 00:45:54,18000.443528332933,-1500.1387465791602,52000.308976916516
2026-08-02 00:45:55,17999.774104942175,-1500.3626590022682,52000.35288549014
2026-08-02 00:45:56,18000.574017373136,-1500.0403027185694,52000.72211979152
2026-08-02 00:45:57,17999.856971487727,-1499.1754002772464,51999.62828458942
2026-08-02 00:45:58,17999.32299093009,-1500.069750659775,52000.32564777333
2026-08-02 00:45:59,17999.955226486425,-1501.2607198193,52000.47769282021
2026-08-02 00:46:00,18000.640107866973,-1500.8812003595492,52000.707145756685
2026-08-02 00:46:01,18001.032408824958,-1499.949037752527,52000.5144353109
2026-08-02 00:46:02,17998.939305846252,-1499.5685093991435,52000.15131129126
2026-08-02 00:46:03,18000.098989002432,-1500.0322496538834,51999.38135899034
2026-08-02 00:46:04,18000.224771611673,-1500.450148372588,52000.61795214755
2026-08-02 00:46:05,17999.405496357344,-1498.9271404140084,51999.836475139906
2026-08-02 00:46:06,18000.33550020374,-1499.4946607302343,52000.2924011875
2026-08-02 00:46:07,17999.594180447046,-1498.7926378363993,51999.44361124905
2026-08-02 00:46:08,18000.342181067863,-1499.5671900447553,52000.18530305182
2026-08-02 00:46:09,18000.02468118247,-1499.094966739742,51999.22635967033
2026-08-02 00:46:10,18000.183105172688,-1500.2706012039798,52000.475417
2026-08-02 00:46:11,17999.611873191563,-1499.5830893904697,51999.75817997421
2026-08-02 00:46:12,18001.292881746325,-1499.6596848823879,51999.84014257759
2026-08-02 00:46:13,18000.406784376482,-1499.983248655713,51999.82648485045
2026-08-02 00:46:14,18000.315015729306,-1500.107623934911,52000.27939175763
2026-08-02 00:46:15,18000.799290773677,-1500.4685466521507,51999.81616411176
2026-08-02 00:46:16,17999.70338358317,-1500.3089040603084,51999.884260025654
2026-08-02 00:46:17,18000.035591266416,-1500.303287261051,51999.84403230116
2026-08-02 00:46:18,17999.418225636025,-1500.3685053792144,51999.3974161955
2026-08-02 00:46:19,17999.6108568094,-1500.340807852738,52000.25269355794
2026-08-02 00:46:20,18000.392364728807,-1499.4684137885126,51999.82057792185
2026-08-02 00:46:21,17999.419753271526,-1500.0953462992372,52001.143164942936
2026-08-02 00:46:22,18000.700569002034,-1500.4610824714757,51999.5617570623
2026-08-02 00:46:23,17998.59579895126,-1499.3750217195588,52000.13252138452
2026-08-02 00:46:24,17999.683553067232,-1499.8106299589779,52000.24318618621
2026-08-02 00:46:25,18000.051633728228,-1500.1167124067963,52000.02547499741
2026-08-02 00:46:26,18000.185753866816,-1499.7646624635547,51999.45732597825
2026-08-02 00:46:27,17999.937595100004,-1500.1197263733332,52001.09504031769
2026-08-02 00:46:28,18001.369803481557,-1499.472185366201,51999.56433029051
2026-08-02 00:46:29,18000.166339496067,-1500.4274146477755,51999.94186220937
2026-08-02 00:46:30,18000.857142742323,-1500.0136204114128,51999.69849331276
2026-08-02 00:46:31,17998.859818597677,-1500.373310869518,52000.4287768348
2026-08-02 00:46:32,17999.969614803744,-1499.792907489958,52000.69203759871
2026-08-02 00:46:33,18000.558116073345,-1500.9879958551312,51999.47291635671
2026-08-02 00:46:34,18000.544732032282,-1499.8661892471403,52000.145853143295
2026-08-02 00:46:35,18000.04723144532,-1500.3960060728477,51999.07633311986
2026-08-02 00:46:36,17999.780147431324,-1500.3246012057716,51999.944719514584
2026-08-02 00:46:37,18000.342594382702,-1501.1605032955506,51999.146282439506
2026-08-02 00:46:38,17999.64254236523,-1500.5758947642864,52000.20491594704
2026-08-02 00:46:39,17999.839739407835,-1500.7658347660679,51999.97138439897
2026-08-02 00:46:40,18001.066798083353,-1500.372680212788,51999.84986576845
2026-08-02 00:46:41,18000.280658391097,-1499.768436779617,52000.903099453666
2026-08-02 00:46:42,17999.982199873888,-1499.3434200584732,51999.79817725974
2026-08-02 00:46:43,17999.622959344244,-1499.6703844496633,52000.716467048645
2026-08-02 00:46:44,17999.936233619937,-1499.4762655443085,52000.32547367805
2026-08-02 00:46:45,18001.0773795951,-1500.0405250528336,51999.02010981166
2026-08-02 00:46:46,17999.914361456864,-1500.1100379115792,51999.97489788328
2026-08-02 00:46:47,18000.5078483283,-1500.0043000969692,52000.010751902424
2026-08-02 00:46:48,18000.174274522848,-1499.3003222595842,52000.378655097906
2026-08-02 00:46:49,17999.25841172186,-1499.6672094887822,51999.91465961656
2026-08-02 00:46:50,17999.475528185,-1500.2908961975354,51999.56370622191
2026-08-02 00:46:51,18000.23792853183,-1499.144666168757,51999.5078485719
2026-08-02 00:46:52,17999.95630172733,-1499.6271410406428,51999.51783847285
2026-08-02 00:46:53,17999.710445484445,-1500.8753640173356,52000.048164771404
2026-08-02 00:46:54,18000.24289562777,-1499.5918837701547,51999.4569507499
2026-08-02 00:46:55,17999.814584575382,-1500.1119868734318,51999.84363433066
2026-08-02 00:46:56,17999.922721383828,-1500.4351921966027,51999.990972426414
2026-08-02 00:46:57,17999.840083947478,-1500.0098655522627,52000.3962851152
2026-08-02 00:46:58,18000.25308300762,-1498.8549342697318,52000.54654555962
2026-08-02 00:46:59,17999.927237545868,-1499.6733838606892,52000.575952086765
2026-08-02 00:47:00,18000.813940969874,-1500.384889806461,52000.07083956663
2026-08-02 00:47:01,17999.954295577616,-1500.269118499736,51999.776816712045
2026-08-02 00:47:02,18000.05731857474,-1500.7932009234703,52000.477275709294
2026-08-02 00:47:03,18000.751633966895,-1500.6803492772933,51999.17579792601
2026-08-02 00:47:04,18001.110632293177,-1500.0971264453156,52000.426422204626
2026-08-02 00:47:05,18000.878746246224,-1499.3125898162662,51999.47162852561
2026-08-02 00:47:06,18000.39784426957,-1500.22130452979,51999.74609224987
2026-08-02 00:47:07,17999.65740329417,-1500.6663061071933,52000.262844235
2026-08-02 00:47:08,17999.593049050753,-1500.7738147818816,52000.621586636335
2026-08-02 00:47:09,18000.308449308617,-1500.8607247139705,52000.14962400762
2026-08-02 00:47:10,18000.037838595967,-1499.7303985446913,51999.70882174864
2026-08-02 00:47:11,17999.40550822512,-1499.1653666147008,51999.1689750869
2026-08-02 00:47:12,18000.021414388564,-1499.3346107593886,52000.18905456924
2026-08-02 00:47:13,18000.403932694913,-1500.0019164369335,51999.80279481428
2026-08-02 00:47:14,18000.09399029531,-1499.6021182590855,52000.08339159642
2026-08-02 00:47:15,18000.0843988873,-1500.258922692471,52000.16222867097
2026-08-02 00:47:16,17999.264371254158,-1499.3204115125284,52000.036687787135
2026-08-02 00:47:17,18001.205967757665,-1499.6678653302017,52000.21627716042
2026-08-02 00:47:18,17999.601004116812,-1500.232173116394,52000.020036689035
2026-08-02 00:47:19,17999.98232720814,-1500.7709681983617,52000.30699596052
2026-08-02 00:47:20,17999.816762161154,-1500.5728091982057,52000.49810521091
2026-08-02 00:47:21,18001.38877743055,-1499.8508752251855,52000.572987107196
2026-08-02 00:47:22,17999.18848383513,-1500.1407664486967,51999.96950533485
2026-08-02 00:47:23,17999.894956655615,-1499.692647364055,52000.309612590885
2026-08-02 00:47:24,18000.051934471805,-1500.1696399022485,51998.70369911603
2026-08-02 00:47:25,17999.626474105444,-1500.249877176183,51999.42272392292
2026-08-02 00:47:26,17999.782995970378,-1500.813153992729,52000.18521904825
2026-08-02 00:47:27,17999.029402688306,-1500.2258067202274,52000.01317507604
2026-08-02 00:47:28,18000.389349872083,-1499.7188785813094,52000.28471457621
2026-08-02 00:47:29,17999.46519797611,-1499.405019437221,51999.86214707087
2026-08-02 00:47:30,17999.971356447382,-1500.7502094200963,52000.12607669442
2026-08-02 00:47:31,18000.02704540041,-1499.0013342990046,52000.29518792928
2026-08-02 00:47:32,18000.260166470896,-1500.3779944659693,51998.77934957037
2026-08-02 00:47:33,18000.51588384877,-1500.4102599360353,52000.30209482041
2026-08-02 00:47:34,18000.176651853213,-1500.0746325258729,52000.297083589554
2026-08-02 00:47:35,18000.100693432807,-1499.6959277335793,52000.88725390917
2026-08-02 00:47:36,17999.348363155266,-1499.0439080707054,51999.025629800555
2026-08-02 00:47:37,17999.89066488871,-1500.7320595033004,52000.59368489577
2026-08-02 00:47:38,17999.88616855664,-1500.2141378667136,52000.55263940997
2026-08-02 00:47:39,17998.878142095487,-1499.7942116280374,52000.36347151765
2026-08-02 00:47:40,17999.971112373136,-1499.817558482927,52000.609058285365
2026-08-02 00:47:41,17999.39151280027,-1500.096157406779,51999.55489509663
2026-08-02 00:47:42,18000.600395017067,-1499.7310361125628,51999.38815021343
2026-08-02 00:47:43,18000.41611833073,-1499.6485827668525,51999.58241560893
2026-08-02 00:47:44,17999.50112743482,-1499.837819033568,52000.09415607815
2026-08-02 00:47:45,18000.20933389507,-1500.5080429853613,51999.244840131345
2026-08-02 00:47:46,18000.596055553033,-1499.6688034891806,52000.41236135807
2026-08-02 00:47:47,18000.920533092896,-1499.4845798685035,51999.950968051715
2026-08-02 00:47:48,18000.391375085754,-1499.9693905281242,51999.93298472458
2026-08-02 00:47:49,18000.34255639305,-1499.8653707019257,51999.22289018366
2026-08-02 00:47:50,17999.429357711804,-1500.931312337061,51999.90978213992
2026-08-02 00:47:51,18000.119364542785,-1499.5376501355609,52000.768574644804
2026-08-02 00:47:52,17999.54109013319,-1499.858538000165,51999.94249010938
2026-08-02 00:47:53,17999.815747366436,-1498.9338902935256,51999.27652063896
2026-08-02 00:47:54,17999.257842815194,-1499.6260432037034,51999.78232047971
2026-08-02 00:47:55,18000.72932789945,-1500.5991875137488,51999.402393663804
2026-08-02 00:47:56,17999.389509583754,-1500.4806633178207,52000.5432000914
2026-08-02 00:47:57,18000.42885011384,-1500.3527013923776,51999.82981647337
2026-08-02 00:47:58,17999.863988554986,-1499.7563950829992,51999.9468692157
2026-08-02 00:47:59,18000.101129769002,-1500.5755939369033,51999.79365236319
2026-08-02 00:48:00,17999.908227272586,-1499.731678713901,52000.36022252553
2026-08-02 00:48:01,17999.422153905714,-1500.405553992561,51999.36390303747
2026-08-02 00:48:02,18000.226614330866,-1500.2928544217102,51999.52934587247
2026-08-02 00:48:03,18000.274608830954,-1499.4614430903569,51999.26986457784
2026-08-02 00:48:04,18000.61345893685,-1499.9542098063207,51999.76242771489
2026-08-02 00:48:05,18000.88654944394,-1499.3828201787799,51999.43038886288
2026-08-02 00:48:06,17999.63431654912,-1500.3967357072966,51999.695675019895
2026-08-02 00:48:07,18000.356674602855,-1500.206599733318,51999.8602178329
2026-08-02 00:48:08,17999.362649323542,-1500.2984480575105,51999.52559276509
2026-08-02 00:48:09,18001.011714593256,-1500.3523776535665,51999.90532011828
2026-08-02 00:48:10,17999.936333572718,-1499.3577620952406,51999.58290935266
2026-08-02 00:48:11,18000.274167373635,-1498.655093632536,51998.581244775756
2026-08-02 00:48:12,18000.32742532722,-1500.3389786347443,52000.01536257225
2026-08-02 00:48:13,18000.38887880121,-1499.6029850829327,51998.830217539326
2026-08-02 00:48:14,17999.718897069928,-1498.6756448311148,51999.78447130991
2026-08-02 00:48:15,17999.234869887085,-1499.8914282930973,52000.153067818814
2026-08-02 00:48:16,17998.849125508776,-1499.5155410943842,52000.452632112596
2026-08-02 00:48:17,17999.73094544726,-1499.4632010821474,51999.93460619403
2026-08-02 00:48:18,18000.128710094694,-1499.794464287477,51999.36044615897
2026-08-02 00:48:19,17999.808072881104,-1499.8774684809084,51999.50764787443
2026-08-02 00:48:20,17999.53330964539,-1500.5211300772917,51998.89418028724
2026-08-02 00:48:21,18000.110897362603,-1500.2992251124078,52000.03310059706
2026-08-02 00:48:22,17999.832849157825,-1499.711637864924,52000.954676586196
2026-08-02 00:48:23,18000.067278545223,-1500.552692976921,51999.1338003264
2026-08-02 00:48:24,18000.018566722632,-1498.8896089439766,52000.8037082912
2026-08-02 00:48:25,17999.694670622477,-1499.874133168537,52000.347249498096
2026-08-02 00:48:26,18000.76380534786,-1500.9135541318774,52000.66196448977
2026-08-02 00:48:27,18000.792092756124,-1500.3511237435969,51999.99167068754
2026-08-02 00:48:28,17999.683394261436,-1500.7680286902546,52000.48582363772
2026-08-02 00:48:29,18000.4785912286,-1499.0513951845546,52000.27652491114
2026-08-02 00:48:30,17999.72192261865,-1499.9998123613946,52000.042765127546
2026-08-02 00:48:31,17998.948813688257,-1499.6803301781733,52000.39033768107
2026-08-02 00:48:32,17999.649957273145,-1500.1646663308256,52000.39788331926
2026-08-02 00:48:33,17999.358344563374,-1500.1425528252848,51999.977143619435
2026-08-02 00:48:34,17999.572354748383,-1500.1828865790071,52000.35876157249
2026-08-02 00:48:35,17999.75973414826,-1500.1879828556832,52000.20078366809
2026-08-02 00:48:36,17999.647888577467,-1499.6430228730312,51999.13864468835
2026-08-02 00:48:37,18000.892107009684,-1500.195135888752,51999.43945522489
2026-08-02 00:48:38,17999.342321937664,-1499.9182163900107,52000.41843909304
2026-08-02 00:48:39,17999.755236141962,-1499.5684469259086,51999.92118124612
2026-08-02 00:48:40,18000.544282903666,-1499.96995251018,52000.13939637863
2026-08-02 00:48:41,18000.084271530653,-1499.1513627735328,52000.51042324336
2026-08-02 00:48:42,17999.799506680014,-1499.4096963358654,52000.07866690581
2026-08-02 00:48:43,18000.53492565703,-1499.0076407384008,51999.48214020578
2026-08-02 00:48:44,17999.672625433668,-1500.445610357029,51999.653941254146
2026-08-02 00:48:45,17999.6884901747,-1500.6971851198846,51999.82257966127
2026-08-02 00:48:46,17999.7155408552,-1499.600061575017,51999.68599479431
2026-08-02 00:48:47,17999.014513204016,-1499.0147950554165,52000.66336868845
2026-08-02 00:48:48,18000.295750995,-1501.0090275807388,52000.394939802274
2026-08-02 00:48:49,17999.87316726462,-1500.3423617376359,52000.04851008665
2026-08-02 00:48:50,18000.26091804775,-1500.0821924720176,51999.81626544622
2026-08-02 00:48:51,17999.30408466797,-1498.810262824787,51999.97140685274
2026-08-02 00:48:52,18000.976300264392,-1499.8801106050546,52000.00744874353
2026-08-02 00:48:53,18001.059616798113,-1500.0008903122236,52000.34669314526
2026-08-02 00:48:54,18000.10749105434,-1499.6848429490708,52000.18985216378
2026-08-02 00:48:55,17999.972539935752,-1499.2899839396011,51999.58760364309
2026-08-02 00:48:56,18000.089840994355,-1500.4909426979514,51999.844750275974
2026-08-02 00:48:57,18000.574078338537,-1501.247288121804,52000.14870634676
2026-08-02 00:48:58,17999.564256138005,-1500.4456355094828,51998.82976788441
2026-08-02 00:48:59,18000.039546583146,-1499.12065985963,51999.33348107498
2026-08-02 00:49:00,17999.996926211625,-1499.930209645622,51999.507500240914
2026-08-02 00:49:01,18000.21141438769,-1500.5368793179982,51999.3706375797
2026-08-02 00:49:02,17999.442979146115,-1500.0904978790193,51999.24378827165
2026-08-02 00:49:03,17998.905861875246,-1499.645260235301,51999.91777020777
2026-08-02 00:49:04,17999.4120920271,-1499.643173945198,52000.5585841289
2026-08-02 00:49:05,18000.281250758875,-1499.4092245291372,52000.07318131223
2026-08-02 00:49:06,18000.947984559298,-1500.1127047019465,51999.64644190831
2026-08-02 00:49:07,18000.979292866177,-1500.179491786664,51999.97346389726
2026-08-02 00:49:08,18000.584693940735,-1499.6532174347233,51999.60773854425
2026-08-02 00:49:09,17999.670857720477,-1499.982712254248,52000.53883932537
2026-08-02 00:49:10,18000.40957231979,-1499.5999094173449,52000.232551966175
2026-08-02 00:49:11,18000.154610313268,-1500.1148349091084,51999.98917961367
2026-08-02 00:49:12,18000.96842530597,-1501.3339363247705,52000.17400051027
2026-08-02 00:49:13,17999.51965252249,-1499.381562914595,52000.23184810009
2026-08-02 00:49:14,18000.344693594838,-1500.203211220886,52000.55339943788
2026-08-02 00:49:15,18000.10992006372,-1499.396537721327,52000.375783894924
2026-08-02 00:49:16,17999.72547319037,-1499.463861835816,51999.26314139299
2026-08-02 00:49:17,17999.542000171718,-1500.399304915044,52000.01757273394
2026-08-02 00:49:18,17999.972415884855,-1500.9925816908121,52000.7107815259
2026-08-02 00:49:19,18000.2895219996,-1499.6595666646283,51999.8358882662
2026-08-02 00:49:20,18000.24813779094,-1500.2855562138311,51999.052880103525
2026-08-02 00:49:21,18000.078756378105,-1499.529186562769,51999.56933430153
2026-08-02 00:49:22,18000.23674085067,-1499.8614300430932,51999.736420465124
2026-08-02 00:49:23,17999.37482322938,-1500.1911214315016,51999.778044435814
2026-08-02 00:49:24,17999.83813065968,-1499.9596069943882,51999.82240780557
2026-08-02 00:49:25,18000.034297076396,-1499.9533387930774,52000.04036943317
2026-08-02 00:49:26,18000.19435177248,-1500.3917973955565,52000.38553198308
2026-08-02 00:49:27,18000.628969056586,-1500.3917854042254,51999.604860877604
2026-08-02 00:49:28,18000.22958718308,-1500.1091003684905,52000.3850968092
2026-08-02 00:49:29,18000.59546868968,-1499.6215095681546,51999.729170496445
2026-08-02 00:49:30,17999.577241115796,-1500.350875595238,52000.13400333036
2026-08-02 00:49:31,18000.358807478886,-1500.4438731043783,51999.64367445964
2026-08-02 00:49:32,18000.625750291754,-1500.4222378293975,52000.61144667762
2026-08-02 00:49:33,18000.332181207796,-1499.7532163434914,52000.18811760679
2026-08-02 00:49:34,18000.07255698995,-1500.142796515206,52000.87929624464
2026-08-02 00:49:35,17999.73896001817,-1500.3590009973336,51999.82373905702
2026-08-02 00:49:36,17999.984585703492,-1499.9581593098007,51999.98141098892
2026-08-02 00:49:37,17999.387780587396,-1499.5599995262337,52000.32813282909
2026-08-02 00:49:38,18001.031312072682,-1500.1810941579524,51999.79496472312
2026-08-02 00:49:39,18000.29840319646,-1500.7162560012653,52000.967966942146
2026-08-02 00:49:40,17999.48136328706,-1500.1854896207374,51999.48298098078
2026-08-02 00:49:41,17998.85472648399,-1500.0266538987266,52000.09548101658
2026-08-02 00:49:42,18000.073168380106,-1500.135438782635,52000.65021070486
2026-08-02 00:49:43,17999.20314040021,-1500.5055581789757,51999.38523752711
2026-08-02 00:49:44,18000.463264751874,-1499.957496451206,52000.162693925486
2026-08-02 00:49:45,17998.88015241039,-1499.6173760924198,52000.452584224375
2026-08-02 00:49:46,18000.68189497189,-1500.484598071177,52000.79543549295
2026-08-02 00:49:47,17999.250493625528,-1500.2879271409015,52000.05404114461
2026-08-02 00:49:48,18000.251799991525,-1499.8864298993064,52000.35391257115
2026-08-02 00:49:49,17999.231772402014,-1500.067217222807,52000.03055056544
2026-08-02 00:49:50,17999.880023546564,-1499.5497271922568,51999.90681936131
2026-08-02 00:49:51,18000.452184784794,-1498.638482724669,52000.469090944025
2026-08-02 00:49:52,17999.78076902167,-1500.3519852376537,52000.334649382334
2026-08-02 00:49:53,18000.19724869021,-1500.3659696906786,51999.556135991406
2026-08-02 00:49:54,18000.227964575573,-1500.5967854422126,51999.48688267339
2026-08-02 00:49:55,17999.734762701624,-1500.652312188028,52000.49381873142
2026-08-02 00:49:56,17999.45171108052,-1499.0184925869528,51999.919427118766
2026-08-02 00:49:57,17999.8508007076,-1500.1436123506116,52000.19473374647
2026-08-02 00:49:58,17999.28237634105,-1499.9454499421367,52000.36083208603
2026-08-02 00:49:59,17999.497340525595,-1499.2085445174139,52000.270395666426
2026-08-02 00:50:00,17999.629141562535,-1499.6439181201893,51999.291420277885
2026-08-02 00:50:01,18000.114564945765,-1500.307586733429,51999.218802332834
2026-08-02 00:50:02,17999.475088972413,-1499.6225726031691,52000.535383137474
2026-08-02 00:50:03,18000.832169592275,-1500.683945396698,51999.989884652554
2026-08-02 00:50:04,18000.39215290736,-1499.681087452213,51999.536323489556
2026-08-02 00:50:05,18000.103529748612,-1500.0068893189516,51999.978724372275
2026-08-02 00:50:06,18000.568012112006,-1500.3305180315124,51999.54494499021
2026-08-02 00:50:07,17999.771975495205,-1500.6763749913857,51999.86675616295
2026-08-02 00:50:08,18000.26397376942,-1499.5383172504007,52000.26336074487
2026-08-02 00:50:09,18000.82907114697,-1499.9685244634748,51999.619844653746
2026-08-02 00:50:10,17999.7411261121,-1499.9410918093442,52000.48109700703
2026-08-02 00:50:11,18001.29841952244,-1499.9768812144528,51999.55229960494
2026-08-02 00:50:12,18000.530470982234,-1499.4775581375447,52000.34401053764
2026-08-02 00:50:13,17999.877681956677,-1499.3395615339994,51999.96195084086
2026-08-02 00:50:14,18000.60082281726,-1500.0122090007412,52000.26922393059
2026-08-02 00:50:15,17999.32774667854,-1499.0361956185889,52000.35137156053
2026-08-02 00:50:16,17999.984778158014,-1499.527129193279,52000.486625398604
2026-08-02 00:50:17,18000.142920822407,-1500.7907812497394,52000.03768402064
2026-08-02 00:50:18,18000.251347407448,-1500.06210387714,52001.0738611064
2026-08-02 00:50:19,18000.576488294402,-1499.506576271524,52000.75423184991
2026-08-02 00:50:20,18000.969853029248,-1499.3826481892092,52000.71778785105
2026-08-02 00:50:21,17999.647750741093,-1499.7816827966833,51999.63545898841
2026-08-02 00:50:22,17999.957960055573,-1500.1043332347178,51999.11228090768
2026-08-02 00:50:23,18000.40146852579,-1501.7274656434017,51999.50790119019
2026-08-02 00:50:24,18000.219507898364,-1499.730206855196,51999.97501101438
2026-08-02 00:50:25,18000.710871715655,-1499.4914780750512,51999.80153419343
2026-08-02 00:50:26,18000.42976747046,-1499.5262582571588,52000.359916563575
2026-08-02 00:50:27,17999.86938341367,-1500.4679993803868,52000.333099920485
2026-08-02 00:50:28,17999.550304731078,-1500.2692141015964,51999.592143891045
2026-08-02 00:50:29,17999.497297850492,-1499.9292464527728,51999.65447910136
2026-08-02 00:50:30,18000.832850549,-1500.091952095947,51999.561089939314
2026-08-02 00:50:31,18000.69599063443,-1499.9643713752055,52000.19051829057
2026-08-02 00:50:32,17999.541279550693,-1500.8574155403583,52000.51359340729
2026-08-02 00:50:33,17999.941434164008,-1500.6160342828427,52000.600199461915
2026-08-02 00:50:34,17999.75938290543,-1499.9684313226983,51999.225100316835
2026-08-02 00:50:35,18000.03573732751,-1499.7150382687337,51999.11540902498
2026-08-02 00:50:36,18000.31123831078,-1499.6633258578527,51999.497385521485
2026-08-02 00:50:37,18000.563673972858,-1500.1732240229403,51999.82775524075
2026-08-02 00:50:38,18000.55899885156,-1500.1336080980657,52000.26506255479
2026-08-02 00:50:39,17999.332626511066,-1499.9216808118972,51999.20299051545
2026-08-02 00:50:40,18000.028754710165,-1499.3306930084616,52000.333348136264
2026-08-02 00:50:41,17999.61808828231,-1499.7760690753546,51999.16035718214
2026-08-02 00:50:42,18000.58645309681,-1499.9338624304262,52000.06462477211
2026-08-02 00:50:43,17999.681061432533,-1500.7971358699008,52000.055075756856
2026-08-02 00:50:44,17999.588385308994,-1500.0092409004344,51999.72771000205
2026-08-02 00:50:45,18000.5359117245,-1499.1706802590404,52000.31272497684
2026-08-02 00:50:46,18000.111645142704,-1500.3640461690675,51999.710878172824
2026-08-02 00:50:47,18000.283989797084,-1500.17959912775,52000.113754095364
2026-08-02 00:50:48,17999.03417448615,-1500.7484732431408,52000.43831157017
2026-08-02 00:50:49,17999.353529804055,-1500.4292172822973,51999.94564327429
2026-08-02 00:50:50,17999.339232649298,-1500.7560121518682,51999.53079596687
2026-08-02 00:50:51,18000.29426937106,-1499.7135162925554,51999.7031207897
2026-08-02 00:50:52,17999.83275251204,-1499.0909117263568,52000.079901291116
2026-08-02 00:50:53,18000.56513654996,-1500.1256971182818,51999.84692767721
2026-08-02 00:50:54,17999.061184867373,-1500.2097898338377,51999.965174348974
2026-08-02 00:50:55,18000.545730104473,-1499.7380727484606,52000.0447216827
2026-08-02 00:50:56,18000.425437813494,-1499.8674073590676,52001.62804457703
2026-08-02 00:50:57,17999.896803226176,-1499.2444591996314,51999.88822650061
2026-08-02 00:50:58,18000.447524204938,-1499.0827219935318,51999.50632723731
2026-08-02 00:50:59,18000.051949918456,-1499.425370975586,51999.99653922337
2026-08-02 00:51:00,17999.459716216697,-1500.0973230293553,51999.83893758703
2026-08-02 00:51:01,18000.214900841307,-1499.9816215865096,51999.65183143828
2026-08-02 00:51:02,18000.177644872765,-1500.005550343015,51999.97744541693
2026-08-02 00:51:03,17998.59103858504,-1499.8928766125646,51999.60791105362
2026-08-02 00:51:04,18000.127018782456,-1500.3313336535286,51999.195952888105
2026-08-02 00:51:05,17999.632399593924,-1500.4983463211918,52000.10376241022
2026-08-02 00:51:06,17999.562874884577,-1500.1876141243984,51999.924870899056
2026-08-02 00:51:07,18000.29624306995,-1498.757598239056,51999.66126887116
2026-08-02 00:51:08,18000.261118461112,-1500.2408664376726,52000.80137564921
2026-08-02 00:51:09,18000.758519568015,-1500.4448445810463,51999.618149147835
2026-08-02 00:51:10,17999.772286078947,-1499.8578669937256,51999.70348425329
2026-08-02 00:51:11,18000.323408243137,-1499.7410786096689,51999.787859546486
2026-08-02 00:51:12,17999.640881592062,-1500.7139721950807,52000.027215980845
2026-08-02 00:51:13,18000.022168502957,-1499.4658707397211,51999.565492872636
2026-08-02 00:51:14,17999.545395822795,-1499.6202547292091,52000.286890417345
2026-08-02 00:51:15,17999.610897033952,-1500.3725982953054,52000.27857690722
2026-08-02 00:51:16,18000.10814459979,-1500.7231621853393,51999.68642629112
2026-08-02 00:51:17,18000.43482047231,-1500.5555528331192,52000.015863226654
2026-08-02 00:51:18,18000.271824374766,-1500.6058595447278,52000.245029453625
2026-08-02 00:51:19,17999.883019753262,-1500.5512671265058,52001.45074341765
2026-08-02 00:51:20,18000.234575560575,-1499.257955131747,52000.09320235423
2026-08-02 00:51:21,18000.440077820876,-1499.7478671709243,51999.90423419315
2026-08-02 00:51:22,17999.736837735785,-1499.9878003511883,51999.58511540484
2026-08-02 00:51:23,17999.455113472373,-1500.0552645773075,51999.590843211256
2026-08-02 00:51:24,17999.77419951264,-1499.9839405951668,51999.583486891686
2026-08-02 00:51:25,17998.798789967066,-1500.6530086611137,52000.455478242635
2026-08-02 00:51:26,18000.788345079734,-1499.9593058510036,51999.15097794771
2026-08-02 00:51:27,18000.15277507267,-1499.4873725665736,51999.927658374014
2026-08-02 00:51:28,18001.23428608424,-1499.6077036275565,51999.34623717944
2026-08-02 00:51:29,18000.647524511594,-1500.672813164182,52001.17849836636
2026-08-02 00:51:30,18000.337613524545,-1499.2548415771366,52000.28739283779
2026-08-02 00:51:31,17999.746382589812,-1499.5105407554431,52000.22151089539
2026-08-02 00:51:32,18000.307741299384,-1499.9152787734456,51999.53786764372
2026-08-02 00:51:33,17999.640421517932,-1500.5427643543223,51999.85222648265
2026-08-02 00:51:34,18000.635699330025,-1501.0672415717745,52000.38246260619
2026-08-02 00:51:35,18000.219528178168,-1500.2293368352618,51999.98096452075
2026-08-02 00:51:36,18000.628987110194,-1500.2149244917164,52000.383823046956
2026-08-02 00:51:37,17999.923902397124,-1499.0712883380663,52000.01401051036
2026-08-02 00:51:38,18000.424724881454,-1499.955129258181,52000.380891124514
2026-08-02 00:51:39,17999.81049992046,-1499.8727365963298,51999.96668364994
2026-08-02 00:51:40,18000.03835663008,-1500.3173395263507,52000.2515372013
2026-08-02 00:51:41,18000.195905085908,-1500.523830125274,51999.77470916455
2026-08-02 00:51:42,17999.888674234342,-1500.0817123117881,51999.35157445873
2026-08-02 00:51:43,18000.06624400049,-1500.21400052059,52000.000991949455
2026-08-02 00:51:44,17999.189668788003,-1499.7981732854919,52000.39629120051
2026-08-02 00:51:45,18000.147390393002,-1500.0618442551286,51999.85089874312
2026-08-02 00:51:46,17999.474136564717,-1499.331847486067,52000.08634918265
2026-08-02 00:51:47,18000.84602813241,-1500.458607671469,51999.61033872853
2026-08-02 00:51:48,18000.367838199796,-1499.049539779253,51998.82595483076
2026-08-02 00:51:49,17999.852049374647,-1499.9384863891892,51999.312262741216
2026-08-02 00:51:50,17999.740460268924,-1499.9929136012947,52000.29443971549
2026-08-02 00:51:51,18000.1008129096,-1499.5124717413937,51999.168149698606
2026-08-02 00:51:52,18000.793480343855,-1500.4527555315613,51999.2405057036
2026-08-02 00:51:53,17999.128188978153,-1499.5589087043636,51999.89579781077
2026-08-02 00:51:54,18000.044684507197,-1500.2039631193309,51998.9822626658
2026-08-02 00:51:55,17999.959454475113,-1499.8293445698996,51999.777143310755
2026-08-02 00:51:56,17999.672676287646,-1499.663940140761,52000.42330294779
2026-08-02 00:51:57,17999.81332522553,-1499.7658176506134,51999.88028684009
2026-08-02 00:51:58,18000.900372797427,-1499.9010367158958,51999.97946739017
2026-08-02 00:51:59,17998.88017931098,-1499.669193949595,51999.788673081304
2026-08-02 00:52:00,17999.48797924756,-1499.6453451384207,51999.727529296106
2026-08-02 00:52:01,17999.93708381682,-1500.6070004357127,51999.8719479081
2026-08-02 00:52:02,17999.9585905684,-1500.4050236470084,52000.20224658574
2026-08-02 00:52:03,18000.584813304245,-1500.2688884193956,51999.64100300585
2026-08-02 00:52:04,18000.212419697116,-1499.5616429557824,51998.97843684138
2026-08-02 00:52:05,17999.353391701028,-1500.283600675068,51999.994055825606
2026-08-02 00:52:06,18000.028133273016,-1499.3864781355587,51999.68395733723
2026-08-02 00:52:07,18000.898592515223,-1500.2828931795166,52000.337039533406
2026-08-02 00:52:08,18000.007360801726,-1500.0533575213994,52000.02554199206
2026-08-02 00:52:09,17999.94248314267,-1499.904211003756,52000.91113779971
2026-08-02 00:52:10,17999.456770243207,-1498.8173988842127,52000.44332344347
2026-08-02 00:52:11,17999.011090678225,-1500.5503359226252,52000.57293081179
2026-08-02 00:52:12,18000.87577968026,-1500.8581601475466,52000.773584139126
2026-08-02 00:52:13,17999.492145921446,-1500.3304123232954,52000.5086022897
2026-08-02 00:52:14,18000.581320582918,-1499.6889682756694,51999.31288701793
2026-08-02 00:52:15,17999.981171616826,-1499.8270242881329,51999.44389757527
2026-08-02 00:52:16,17999.809810515268,-1499.7826132831394,51999.90063312963
2026-08-02 00:52:17,18000.6203850938,-1499.995365192706,51999.90174603124
2026-08-02 00:52:18,18001.364057975694,-1499.6740997544441,51999.54264441578
2026-08-02 00:52:19,18000.3148031358,-1499.8942364341822,51998.8308210738
2026-08-02 00:52:20,17999.691771965794,-1500.4489970452582,52000.48054505036
2026-08-02 00:52:21,17999.578334323553,-1499.8113822334808,51999.23627350732
2026-08-02 00:52:22,17999.366129293034,-1499.529277439595,52000.81428776585
2026-08-02 00:52:23,17999.93648501095,-1500.0847899419953,51999.898616459184
2026-08-02 00:52:24,18000.237434724528,-1499.5482409357876,52000.289377814064
2026-08-02 00:52:25,18000.748207639394,-1500.239493930525,52000.11508707081
2026-08-02 00:52:26,17999.5598041889,-1500.1377829298174,52000.16765846906
2026-08-02 00:52:27,17999.726704306617,-1500.0650187294639,51999.420492739424
2026-08-02 00:52:28,18000.665035544436,-1500.0812632497855,52000.65209516853
2026-08-02 00:52:29,17999.856558651056,-1499.4984114780063,52001.174223866874
2026-08-02 00:52:30,18000.34623365191,-1500.174110878409,52000.670140779104
2026-08-02 00:52:31,17998.99877995345,-1500.774333684853,51999.27481848014
2026-08-02 00:52:32,18000.77236845376,-1499.8657653996247,51999.71983896161
2026-08-02 00:52:33,18000.887473021594,-1500.8399236579717,52000.17916281851
2026-08-02 00:52:34,18000.858320593576,-1500.3350770625261,51999.79475108996
2026-08-02 00:52:35,18000.606304780053,-1500.423623546029,51999.58439511945
2026-08-02 00:52:36,18000.70242288979,-1499.8344119234102,51999.96967467958
2026-08-02 00:52:37,18000.997155598023,-1500.194336781406,51999.78288922941
2026-08-02 00:52:38,17999.811752314323,-1498.9140320588203,52000.26545294242
2026-08-02 00:52:39,18000.768855370407,-1499.9869366861035,52000.131891698
2026-08-02 00:52:40,17999.562458996304,-1500.0563052308778,51999.94504631133
2026-08-02 00:52:41,18000.687643083227,-1499.5987716207178,52000.17798445655
2026-08-02 00:52:42,18000.23261468969,-1500.2580162318152,52000.01286038008
2026-08-02 00:52:43,17999.839012847544,-1499.6263619316362,52000.45736343895
2026-08-02 00:52:44,18000.0122414509,-1499.6876383063723,52000.17197198349
2026-08-02 00:52:45,17999.458360316,-1500.4588814895446,52000.58086954924
2026-08-02 00:52:46,17999.340377873126,-1499.5459688666856,52000.00576802229
2026-08-02 00:52:47,18000.06308266525,-1500.5370571015942,52000.50613458299
2026-08-02 00:52:48,18000.842191113625,-1499.4320693421012,52000.14845436469
2026-08-02 00:52:49,18000.546632651996,-1500.0356944369244,51999.06906092042
2026-08-02 00:52:50,18000.236242146595,-1500.4505301818203,51999.962757595844
2026-08-02 00:52:51,18000.004113990177,-1500.3690551908765,52000.41587415386
2026-08-02 00:52:52,17999.938127222493,-1500.151024967121,52000.40903217009
2026-08-02 00:52:53,17999.546560090286,-1499.7467617214936,51999.36210900401
2026-08-02 00:52:54,17999.7929000276,-1500.3089371526664,52000.4790024636
2026-08-02 00:52:55,17999.659828446427,-1500.0502571506324,52000.473531925876
2026-08-02 00:52:56,17999.709965685248,-1500.3854068533162,51999.802465417706
2026-08-02 00:52:57,17999.359218525926,-1499.0544397191384,52000.39791196664
2026-08-02 00:52:58,17999.882957838567,-1499.388159862914,52000.01420753703
2026-08-02 00:52:59,17999.325946460263,-1500.6025122230967,52000.62851210706
2026-08-02 00:53:00,18000.423990003128,-1499.2326349781533,51999.8413818356
2026-08-02 00:53:01,17999.771831311424,-1499.0151347685353,52001.13018380967
2026-08-02 00:53:02,18000.242864715485,-1499.724211616718,52000.4786914517
2026-08-02 00:53:03,18000.26067915409,-1499.8785328416025,52000.22511977677
2026-08-02 00:53:04,17999.63806574771,-1499.6239090157385,51999.931691141035
2026-08-02 00:53:05,17999.580158796598,-1500.33796822533,52000.1906712046
2026-08-02 00:53:06,17999.486229499427,-1499.2756873162325,51999.93292058704
2026-08-02 00:53:07,17999.236841678627,-1500.3323246069028,51999.59753696964
2026-08-02 00:53:08,18000.074762564895,-1499.6820128399431,51999.13036719911
2026-08-02 00:53:09,17999.90770036925,-1499.8700945894932,51999.361600611635
2026-08-02 00:53:10,18000.57264280102,-1500.0101780514224,52000.93116563012
2026-08-02 00:53:11,17999.521110241192,-1500.1551181375835,52000.15960690323
2026-08-02 00:53:12,17999.929864518654,-1500.328406962041,52000.83534863734
2026-08-02 00:53:13,17999.85248163766,-1500.0748607464463,52000.36299817324
2026-08-02 00:53:14,17999.77216725999,-1499.4111380455552,51999.958659336095
2026-08-02 00:53:15,17999.815106368096,-1499.300302603257,52000.72621078173
2026-08-02 00:53:16,17999.74596773012,-1500.40892928003,51999.93182198645
2026-08-02 00:53:17,17999.260358276384,-1501.4811520166616,52000.37940742554
2026-08-02 00:53:18,18000.206852944888,-1500.0164870104443,52000.62884213759
2026-08-02 00:53:19,17999.974443127892,-1499.2320184651267,51999.90746345002
2026-08-02 00:53:20,18000.05637327649,-1500.2365871245986,52000.81710426741
2026-08-02 00:53:21,17998.734652972526,-1499.9667601930244,52000.09576334437
2026-08-02 00:53:22,18000.537986362546,-1500.0114713275557,52000.97456910764
2026-08-02 00:53:23,18000.058199184423,-1500.93122438601,51999.61611218562
2026-08-02 00:53:24,18000.0636067508,-1499.6949555752883,51999.56876630476
2026-08-02 00:53:25,18000.1747376509,-1500.0120386887586,52000.09402547468
2026-08-02 00:53:26,17999.44928147867,-1499.963419428343,52001.52211980038
2026-08-02 00:53:27,17999.763313171137,-1499.6734981093407,51999.94521020199
2026-08-02 00:53:28,17999.708980953306,-1499.8101123628603,51999.400353837715
2026-08-02 00:53:29,18000.765706096547,-1500.0669096162494,51999.82666435006
2026-08-02 00:53:30,17999.73461118024,-1499.617012861419,52000.17608378046
2026-08-02 00:53:31,18000.437416166413,-1499.826205699195,52000.487712971524
2026-08-02 00:53:32,18000.460554269608,-1500.2288240614428,51999.68270187543
2026-08-02 00:53:33,17999.552130990574,-1499.6475588860765,52000.00526336065
2026-08-02 00:53:34,18000.588196009103,-1499.753240424515,51998.67199577782
2026-08-02 00:53:35,17999.61894881323,-1499.7318330313392,51999.62494338813
2026-08-02 00:53:36,18000.29034539349,-1499.8589906296056,52000.00477128957
2026-08-02 00:53:37,18000.45172547638,-1499.207475389521,51999.34711336443
2026-08-02 00:53:38,18000.410365198884,-1499.6367795885542,52000.39507530864
2026-08-02 00:53:39,17999.7930384294,-1499.4061357823932,51999.23942169424
2026-08-02 00:53:40,18000.27817402059,-1499.89197101194,52000.68325164956
2026-08-02 00:53:41,17999.967846806627,-1499.6651284290924,51998.69303045858
2026-08-02 00:53:42,17999.22535891209,-1500.4128435753064,51998.90159472793
2026-08-02 00:53:43,18000.526770291734,-1499.7220520339617,52000.16699333599
2026-08-02 00:53:44,18000.377249658824,-1501.014485305711,51999.5370387591
2026-08-02 00:53:45,17999.046261002557,-1499.7895481258786,52001.0492810668
2026-08-02 00:53:46,17999.04270621445,-1499.8884476301014,51999.794760488185
2026-08-02 00:53:47,17999.6904950295,-1500.2716610673613,51999.42745889652
2026-08-02 00:53:48,18000.104170148992,-1500.272415848652,51999.69255966734
2026-08-02 00:53:49,18000.545816095873,-1500.0833417003166,51999.83942111517
2026-08-02 00:53:50,18000.24878562378,-1500.2456346587578,52000.01107141891
2026-08-02 00:53:51,17999.66031388576,-1500.0403299937416,52000.34116937334
2026-08-02 00:53:52,17999.886352825775,-1500.3471750980996,52000.07947868614
2026-08-02 00:53:53,18000.741347757048,-1499.3494504574062,52000.232832194626
2026-08-02 00:53:54,17999.674399552612,-1500.1274647001494,52000.10615297719
2026-08-02 00:53:55,18000.073058585862,-1501.0875362596648,51999.54694553634
2026-08-02 00:53:56,18000.292995647087,-1499.8094218518709,52000.11307766273
2026-08-02 00:53:57,18000.774529953036,-1500.5227919970007,52000.27916767028
2026-08-02 00:53:58,18000.140623439063,-1500.0710805392964,52000.20833154593
2026-08-02 00:53:59,18000.594446482606,-1500.3066802154235,52000.00662633244
2026-08-02 00:54:00,17999.346377725,-1499.9919522990622,51999.441436247726
2026-08-02 00:54:01,17999.52723064562,-1500.381111130881,52000.151101522744
2026-08-02 00:54:02,18000.343501765343,-1500.5392262955163,52000.17219323094
2026-08-02 00:54:03,18000.502984222487,-1499.706335204125,52000.1889880497
2026-08-02 00:54:04,17999.333224675967,-1500.0803848089124,51999.83246268721
2026-08-02 00:54:05,18000.108959539746,-1499.4928983143209,52000.19244354235
2026-08-02 00:54:06,18000.09451198041,-1499.737026172927,52000.10515608418
2026-08-02 00:54:07,17999.85061032327,-1500.0733958106596,51999.99163001273
2026-08-02 00:54:08,17999.780362114252,-1499.1516808939164,52000.80896020866
2026-08-02 00:54:09,17999.84882773466,-1500.2413264596948,51998.69517671011
2026-08-02 00:54:10,18000.11220154064,-1499.9958803067232,51999.99704915833
2026-08-02 00:54:11,18000.13341619349,-1499.4111317799457,52000.66239488577
2026-08-02 00:54:12,17999.583286138317,-1499.9604342924324,52000.14492412376
2026-08-02 00:54:13,18000.755445371426,-1500.9962402195354,52000.082169608446
2026-08-02 00:54:14,18000.816013591502,-1499.3378846803782,52000.09071686591
2026-08-02 00:54:15,18000.35745248305,-1499.5226920406433,51999.916795094156
2026-08-02 00:54:16,18000.692397881907,-1499.2717589168412,51999.122905742486
2026-08-02 00:54:17,17999.755706342807,-1499.1985336560585,52001.20717618254
2026-08-02 00:54:18,17999.986000854944,-1499.5848397687403,51999.43411442483
2026-08-02 00:54:19,17999.571813074486,-1500.0411172898418,51999.4519367553
2026-08-02 00:54:20,18000.16869069735,-1499.7048882252477,52000.10587384648
2026-08-02 00:54:21,17999.54185217332,-1499.8837168316154,52000.27204913195
2026-08-02 00:54:22,18000.235524640986,-1500.3026830938884,52000.7037935466
2026-08-02 00:54:23,17999.30879178013,-1500.662464329009,52000.8129373342
2026-08-02 00:54:24,17999.990678133297,-1500.0657370633764,52000.458483155744
2026-08-02 00:54:25,17999.929418546453,-1499.7368840843983,52000.372711662414
2026-08-02 00:54:26,18000.989269353086,-1500.1978006136578,52000.00466809339
2026-08-02 00:54:27,17999.838116303836,-1499.7530724698904,51999.91441280965
2026-08-02 00:54:28,17999.707566144367,-1499.7108404485125,52000.724759082164
2026-08-02 00:54:29,18000.846789022995,-1499.32308800642,51999.474529398874
2026-08-02 00:54:30,17999.505811505554,-1499.3824163395327,51999.67368494422
2026-08-02 00:54:31,18000.325740688357,-1499.696913645307,51999.11540726892
2026-08-02 00:54:32,18000.009169686982,-1499.3189717806126,51999.74537447597
2026-08-02 00:54:33,17999.685753187387,-1499.9938250426942,51999.862445629995
2026-08-02 00:54:34,18001.03386758857,-1500.1409589085733,52000.30354613648
2026-08-02 00:54:35,17999.96712049409,-1500.493075559332,52000.65883704199
2026-08-02 00:54:36,17999.63376165175,-1499.4684537710111,52000.72334569924
2026-08-02 00:54:37,18000.301177102436,-1499.553644794474,52000.36967958425
2026-08-02 00:54:38,17999.315635056017,-1499.7043829359254,52000.63897101328
2026-08-02 00:54:39,17999.84911198492,-1500.025946185173,51999.84855374137
2026-08-02 00:54:40,18000.316852079864,-1500.814190713894,52001.084466730535
2026-08-02 00:54:41,18000.81121456591,-1500.0084228783521,51999.691225714676
2026-08-02 00:54:42,18000.11849352678,-1501.2504711573201,51999.865089080544
2026-08-02 00:54:43,18000.43626798665,-1499.0341624211958,51999.91679468455
2026-08-02 00:54:44,17999.245967103492,-1499.495713591738,52000.246313356016
2026-08-02 00:54:45,17999.21707347672,-1500.273529903149,52000.2440238861
2026-08-02 00:54:46,17999.627749523606,-1500.5378463420611,52000.196514528456
2026-08-02 00:54:47,18000.219311994813,-1500.2108801327195,51999.86201455729
2026-08-02 00:54:48,18000.42835829211,-1499.869756293092,51999.47617171173
2026-08-02 00:54:49,17999.78352717219,-1500.2595846005609,51999.384554592696
2026-08-02 00:54:50,18001.20552853482,-1500.096312647507,51999.49296813547
2026-08-02 00:54:51,18000.328218645966,-1500.6484200796972,52000.013403878394
2026-08-02 00:54:52,18000.074104343,-1499.8568680376857,51999.608221863724
2026-08-02 00:54:53,17999.810826677167,-1500.0583144903703,51999.27712026824
2026-08-02 00:54:54,18000.231638188023,-1499.4985138110317,51999.3344123266
2026-08-02 00:54:55,18000.371194596646,-1499.2023898147345,51998.829112685475
2026-08-02 00:54:56,18000.928268942636,-1499.3748035418607,51999.757302425925
2026-08-02 00:54:57,18000.341989861296,-1499.7285184272585,52000.199891649114
2026-08-02 00:54:58,17999.41040977377,-1500.6227215595136,51999.87237051017
2026-08-02 00:54:59,17999.2250814538,-1500.0100148114818,51999.67716852852
2026-08-02 00:55:00,18000.29539144865,-1499.4754963093685,51999.849462921324
2026-08-02 00:55:01,17999.71789207392,-1500.009581308549,52000.83946727179
2026-08-02 00:55:02,17999.598529976898,-1500.384079003141,52000.79708424476
2026-08-02 00:55:03,18000.466904746674,-1500.058969510463,51999.490639127944
2026-08-02 00:55:04,18001.207938087697,-1500.0129154738736,52000.52658845283
2026-08-02 00:55:05,18000.450553527102,-1501.1076996136926,51999.894304053916
2026-08-02 00:55:06,18001.224183453218,-1499.6688940840938,51999.56800666271
2026-08-02 00:55:07,18000.2725718933,-1499.5617402417222,51999.82991718281
2026-08-02 00:55:08,18000.630281069425,-1499.9880312176315,51999.172230829456
2026-08-02 00:55:09,17999.700407380682,-1500.0493189716537,51999.808389312515
2026-08-02 00:55:10,18000.114951524298,-1499.6682915677227,51999.74321882948
2026-08-02 00:55:11,17999.801835997343,-1498.9120411840847,52000.0012562805
2026-08-02 00:55:12,18000.070904899098,-1500.4551547384426,52000.47798107866
2026-08-02 00:55:13,18000.135777052008,-1499.750720599499,51999.82802037059
2026-08-02 00:55:14,17999.606009979838,-1499.6778765152442,52000.02171331225
2026-08-02 00:55:15,18000.71964749697,-1499.9211920283242,51999.71974983176
2026-08-02 00:55:16,18000.347182576203,-1501.223837659304,52000.848783268004
2026-08-02 00:55:17,17999.26249822355,-1499.9408428788383,52000.493932406454
2026-08-02 00:55:18,18000.944742823194,-1499.6430860626822,52000.914750528784
2026-08-02 00:55:19,17999.956628165557,-1500.807949543942,51999.99107983458
2026-08-02 00:55:20,18000.34540979488,-1500.5941802025163,51999.77374757476
2026-08-02 00:55:21,17999.377475864883,-1500.100919113663,52000.39186923011
2026-08-02 00:55:22,18000.00687097749,-1499.343428611765,52000.46973980666
2026-08-02 00:55:23,17999.89835426045,-1499.8066390850438,52000.06976833307
2026-08-02 00:55:24,17999.558943909986,-1499.9736079160677,52000.09064318444
2026-08-02 00:55:25,17999.95639694868,-1500.2347824806172,51999.53658761664
2026-08-02 00:55:26,17999.60004016998,-1500.8007405840447,52000.43007337097
2026-08-02 00:55:27,17999.889724960816,-1500.0756187791792,51999.53300743712
2026-08-02 00:55:28,18000.007509579198,-1499.5186587177636,52000.186131192386
2026-08-02 00:55:29,17999.38586430256,-1499.9863821371885,52000.584142611646
2026-08-02 00:55:30,17999.910887626003,-1499.7132297902347,51999.884186557385
2026-08-02 00:55:31,18000.323557932024,-1499.7872648055804,52000.500096224154
2026-08-02 00:55:32,18000.264632583356,-1499.71836005905,52000.255027382074
2026-08-02 00:55:33,17999.92265226576,-1499.5430295967383,51999.6614320603
2026-08-02 00:55:34,18000.3676231392,-1499.5946985081318,51999.29608679527
2026-08-02 00:55:35,18000.10016167432,-1500.2545514132323,52000.30376057882
2026-08-02 00:55:36,18000.69729361647,-1499.5752562272933,52000.25705901357
2026-08-02 00:55:37,17999.611259195728,-1500.8057695043647,51999.377286345254
2026-08-02 00:55:38,17999.944513335344,-1499.804431429964,52001.165884415255
2026-08-02 00:55:39,18001.04564420472,-1500.7987595059867,51999.89388802265
2026-08-02 00:55:40,18000.425495525833,-1499.7922639327487,52000.10951111226
2026-08-02 00:55:41,17999.90839946466,-1500.1872080032142,51999.5228005357
2026-08-02 00:55:42,17999.899140607286,-1500.4551193662032,52000.24408270695
2026-08-02 00:55:43,18000.270389551646,-1499.2157325282728,51998.29907934293
2026-08-02 00:55:44,18000.565279088674,-1500.0820303544717,51999.53293132232
2026-08-02 00:55:45,18000.23326953818,-1501.7256346211784,51999.82439869303
2026-08-02 00:55:46,17999.96977083763,-1499.708811400091,52000.54819774599
2026-08-02 00:55:47,17999.256533791202,-1500.7606794265548,51999.644803521885
2026-08-02 00:55:48,17999.709957539828,-1500.8030576203194,51999.65833364219
2026-08-02 00:55:49,17999.944309234234,-1499.4509894258802,51999.64456950627
2026-08-02 00:55:50,17999.699321637403,-1500.0950943157752,52000.396882538495
2026-08-02 00:55:51,18000.201403115778,-1500.6953025041246,52000.14519396082
2026-08-02 00:55:52,17999.946131729295,-1499.7609283352672,52000.41129739912
2026-08-02 00:55:53,18000.5413957405,-1499.7679339750466,51999.203408809626
2026-08-02 00:55:54,18000.096050366003,-1499.7485098647517,52000.12464672331
2026-08-02 00:55:55,18001.00240438208,-1500.1586344490925,51999.98991777116
2026-08-02 00:55:56,17999.80772080902,-1499.8366816744563,51999.635637153784
2026-08-02 00:55:57,18000.059669014812,-1500.083120043596,52000.18173550035
2026-08-02 00:55:58,17999.679517538276,-1500.4943724877394,51999.91466798671
2026-08-02 00:55:59,17999.682278153225,-1499.864611081479,51999.91425275204
2026-08-02 00:56:00,18001.168754746835,-1499.8913552942995,51999.55166600396
2026-08-02 00:56:01,18000.212193876512,-1498.8015445236324,51999.829565410895
2026-08-02 00:56:02,17999.705735756506,-1499.5587843087696,51998.97138579554
2026-08-02 00:56:03,18000.228188712266,-1500.579405145694,51999.34457143892
2026-08-02 00:56:04,17999.752227446763,-1499.6642045222031,51999.269260714675
2026-08-02 00:56:05,18000.005848805362,-1500.1548504715486,52000.2180077204
2026-08-02 00:56:06,18000.11797157441,-1499.1897333066945,51999.57976511517
2026-08-02 00:56:07,17999.374016936817,-1499.8136356261145,51999.813161509184
2026-08-02 00:56:08,18000.69510650391,-1500.5134200349748,51999.82140918711
2026-08-02 00:56:09,18000.91326066335,-1500.404312312172,51999.875586520844
2026-08-02 00:56:10,17999.63873586624,-1500.1291059355838,51999.36145623893
2026-08-02 00:56:11,17999.98876263831,-1500.0015050306938,51999.89239418842
2026-08-02 00:56:12,18000.21173765996,-1499.4136926083022,51999.07664987986
2026-08-02 00:56:13,17999.635248211438,-1499.802329379836,52000.67448436594
2026-08-02 00:56:14,17999.914619021736,-1500.4298804247992,52000.32018896471
2026-08-02 00:56:15,18000.61340198618,-1500.0082940012187,51999.323035816415
2026-08-02 00:56:16,18000.004341662938,-1499.2927310359396,52000.367470239646
2026-08-02 00:56:17,17999.763512916667,-1500.7820036282817,51999.21622892791
2026-08-02 00:56:18,17999.235306838607,-1499.5470718702377,52000.02149801035
2026-08-02 00:56:19,17999.774190231354,-1499.8867422642656,52000.28408498148
2026-08-02 00:56:20,17999.4560459443,-1499.5378416549258,52000.24010668519
2026-08-02 00:56:21,18000.362981401464,-1499.84349785341,52001.1298911503
2026-08-02 00:56:22,17999.629473614805,-1500.1733027559114,52000.408547528015
2026-08-02 00:56:23,17998.96974541081,-1500.2331318524168,52000.87783932534
2026-08-02 00:56:24,18000.350472739403,-1501.030801054673,51999.79020803316
2026-08-02 00:56:25,18000.07922615393,-1499.9372009411125,52000.35563117422
2026-08-02 00:56:26,17999.49448021438,-1498.9927302494473,52000.607200502454
2026-08-02 00:56:27,17999.819985722,-1499.778949237614,51999.1518252622
2026-08-02 00:56:28,17999.342815498643,-1499.6917060576661,51999.06030592557
2026-08-02 00:56:29,17999.87537410311,-1499.2424476250171,52000.1105976344
2026-08-02 00:56:30,17999.943225697123,-1499.5442827393772,51999.83099149374
2026-08-02 00:56:31,17999.910664510488,-1499.9272062405591,51999.662863436875
2026-08-02 00:56:32,18000.575253596526,-1500.0305710000334,51999.59455125263
2026-08-02 00:56:33,18000.297854050074,-1500.2525381334967,51999.68390801431
2026-08-02 00:56:34,18000.509111470594,-1500.5545600773078,52000.46456575949
2026-08-02 00:56:35,18000.5914263215,-1499.9546023811506,51999.53006869875
2026-08-02 00:56:36,18000.15768311447,-1500.0320417283842,52000.41909656151
2026-08-02 00:56:37,18000.517174241308,-1500.3170965028667,52000.333975479705
2026-08-02 00:56:38,18000.35234145537,-1499.2141282334064,52000.11248602428
2026-08-02 00:56:39,18000.45243076005,-1499.697422186286,51999.324577685664
2026-08-02 00:56:40,17999.581571697512,-1500.0849515160594,51999.60779915333
2026-08-02 00:56:41,18000.595041157216,-1499.889787615235,51999.65248133682
2026-08-02 00:56:42,17999.88298254961,-1499.7030183937575,51999.71218399904
2026-08-02 00:56:43,17999.61961207798,-1500.5473629138542,52000.29415540851
2026-08-02 00:56:44,18000.39638109709,-1499.8303757641252,51999.859015537375
2026-08-02 00:56:45,18000.85010776735,-1499.8646143690346,52000.05636856567
2026-08-02 00:56:46,18000.029287812504,-1500.2095973049543,51998.958946125174
2026-08-02 00:56:47,18000.189324378338,-1500.1293056540087,52000.059773670146
2026-08-02 00:56:48,17999.96020372443,-1500.4210661040433,52001.49233894261
2026-08-02 00:56:49,17998.773297403764,-1500.1578224627958,51999.77913448614
2026-08-02 00:56:50,17999.86702344555,-1499.6377358842353,51999.61544052024
2026-08-02 00:56:51,17999.791180426746,-1500.380172509479,52000.09757265042
2026-08-02 00:56:52,17999.65417968256,-1499.525019844581,52000.62040565451
2026-08-02 00:56:53,18000.014611805393,-1499.1877214739127,52000.41414365097
2026-08-02 00:56:54,18000.03247601164,-1500.480106502317,52000.31166802867
2026-08-02 00:56:55,18000.553278574276,-1500.7292676112602,51999.827563139974
2026-08-02 00:56:56,18000.349262489435,-1501.1935681353807,51999.79069032813
2026-08-02 00:56:57,17999.691103902158,-1499.2291935188337,52000.31748207363
2026-08-02 00:56:58,18000.60917219098,-1499.1992522426299,52000.3553423126
2026-08-02 00:56:59,17999.496127685747,-1499.8319094833007,52000.33904364902
2026-08-02 00:57:00,18000.080543935794,-1500.0653342202909,51999.76477120102
2026-08-02 00:57:01,18000.23149208976,-1499.5511902444941,51999.82875627637
2026-08-02 00:57:02,18000.200973123647,-1500.3410448544262,51999.80062690712
2026-08-02 00:57:03,17999.50060087257,-1500.9424654410832,51999.770253991075
2026-08-02 00:57:04,17999.771894569603,-1499.9757248420697,51999.370276114554
2026-08-02 00:57:05,18000.285228772682,-1500.031575658866,52000.12383696872
2026-08-02 00:57:06,17999.628011294302,-1499.7792256988762,51999.83302477525
2026-08-02 00:57:07,18000.68613581442,-1499.4469545761394,52000.36521884849
2026-08-02 00:57:08,18000.86478819405,-1500.6125080892043,52000.72169131317
2026-08-02 00:57:09,18000.871052092883,-1499.1117491465411,51999.9490785182
2026-08-02 00:57:10,18000.187668347575,-1499.8114566060938,52000.27007684602
2026-08-02 00:57:11,18000.23589705389,-1500.8132403526415,51999.881451361805
2026-08-02 00:57:12,18000.067402885765,-1500.343431222981,52000.62688937572
2026-08-02 00:57:13,17999.19717917881,-1499.4289365736856,52000.07502776729
2026-08-02 00:57:14,17999.00156073848,-1499.5529053029516,52000.17321940637
2026-08-02 00:57:15,18000.45505981936,-1500.8708504325004,52000.2309252145
2026-08-02 00:57:16,18000.199234151314,-1499.8759520334545,52000.44323887073
2026-08-02 00:57:17,18000.415038690906,-1500.3367807969694,51999.65004992403
2026-08-02 00:57:18,18001.038129286244,-1500.5622041243757,52000.432567566524
2026-08-02 00:57:19,17999.997972015226,-1498.6777254043268,51999.73692475257
2026-08-02 00:57:20,18000.28261049382,-1500.3832569125375,52000.31536692452
2026-08-02 00:57:21,17999.840399419456,-1500.0098969995295,52000.77426817186
2026-08-02 00:57:22,18000.418716649216,-1498.9671584718783,51999.83133753271
2026-08-02 00:57:23,18001.06542310296,-1499.6489906251834,52000.1359725463
2026-08-02 00:57:24,17999.949531707774,-1499.661510123089,52000.21654187827
2026-08-02 00:57:25,18000.37043675286,-1499.6991249959476,52000.12539785955
2026-08-02 00:57:26,17999.960459073078,-1500.5688756495897,52000.07885404713
2026-08-02 00:57:27,18000.536935289503,-1500.1048439062045,52000.46128081347
2026-08-02 00:57:28,18000.32388218099,-1500.7433549640582,52000.854068202716
2026-08-02 00:57:29,18000.19777413972,-1499.3807324168074,52000.01402367466
2026-08-02 00:57:30,18000.12114224451,-1500.1046271527305,52000.24742764019
2026-08-02 00:57:31,18000.100594629752,-1500.458986084836,52000.37066963173
2026-08-02 00:57:32,17999.85776926573,-1500.6539960829555,51999.443380246055
2026-08-02 00:57:33,18000.15297605042,-1500.3640967910892,52000.7731817304
2026-08-02 00:57:34,18000.236775616635,-1500.212370842765,52000.37920486531
2026-08-02 00:57:35,18000.372132786993,-1500.6238112634423,52000.69812145568
2026-08-02 00:57:36,17999.575292396425,-1500.761300542145,51999.508611026744
2026-08-02 00:57:37,17999.98932386381,-1500.2547205916546,52001.0725612859
2026-08-02 00:57:38,17999.933282469505,-1500.7954573590005,52000.09951134213
2026-08-02 00:57:39,17999.366639140655,-1500.2735746860947,52000.13191808631
2026-08-02 00:57:40,17999.973691435524,-1498.8160767777188,51999.96201792569
2026-08-02 00:57:41,17999.27227481344,-1499.25759029859,51999.4356175984
2026-08-02 00:57:42,18000.749560209628,-1499.6180539416284,52000.808687784935
2026-08-02 00:57:43,18000.4751116133,-1500.6911383597921,52001.11045382296
2026-08-02 00:57:44,17999.486211878295,-1499.7109246212635,52000.26381850915
2026-08-02 00:57:45,18000.0693627284,-1500.2994007412276,52000.009841186366
2026-08-02 00:57:46,17999.73307558043,-1499.1306340745077,51999.48401125266
2026-08-02 00:57:47,17999.88675680652,-1499.7248796708814,52000.76055965524
2026-08-02 00:57:48,18000.132566232358,-1500.1458933444596,51999.64527238416
2026-08-02 00:57:49,18000.107849598928,-1500.717096808273,51999.90334323932
2026-08-02 00:57:50,18001.182376370576,-1500.8136555777355,51999.748838061554
2026-08-02 00:57:51,18000.068097694606,-1499.7098907845439,51999.42922629553
2026-08-02 00:57:52,18000.59835001777,-1500.111558783154,52000.51759615298
2026-08-02 00:57:53,17999.597100809875,-1501.3321309275402,51999.20637732599
2026-08-02 00:57:54,18000.036802795814,-1499.2477222384812,51999.300667093004
2026-08-02 00:57:55,17999.696828957985,-1500.684134382752,52000.21785176552
2026-08-02 00:57:56,17999.64426474581,-1500.1109360651133,52000.50498933209
2026-08-02 00:57:57,17999.779025778065,-1500.1143382845646,51999.132919267286
2026-08-02 00:57:58,18000.222571430542,-1500.9755362993383,51999.817414700454
2026-08-02 00:57:59,17999.67710976544,-1499.246562047936,52000.886087352614
2026-08-02 00:58:00,18000.479965636714,-1500.6941467112895,52000.24490706928
2026-08-02 00:58:01,17999.899991099537,-1499.0596527414127,51999.960733774446
2026-08-02 00:58:02,18000.99844435446,-1500.6701027413005,51999.608215365704
2026-08-02 00:58:03,18000.773013958078,-1499.2300451856856,51999.63576920151
2026-08-02 00:58:04,17999.344860649053,-1499.5976129010378,52000.12769034329
2026-08-02 00:58:05,18000.2821364698,-1499.7709326141683,51999.98874785084
2026-08-02 00:58:06,17999.81461378435,-1500.2991171982471,51999.91544411952
2026-08-02 00:58:07,17999.634002333587,-1499.653693424005,51999.95800333305
2026-08-02 00:58:08,18000.743867942205,-1499.9512054381973,51999.99569573566
2026-08-02 00:58:09,17999.69175933677,-1500.1751474430496,51999.95633715321
2026-08-02 00:58:10,17999.44330789695,-1499.4516244645033,52000.08085637671
2026-08-02 00:58:11,17999.649027054566,-1499.9107041071952,52000.00668450508
2026-08-02 00:58:12,18000.63775611265,-1499.6380009546451,51999.64455830663
2026-08-02 00:58:13,18000.735951646726,-1499.535652936431,52000.10825135434
2026-08-02 00:58:14,18000.35670793475,-1499.9768577450714,51999.6614627147
2026-08-02 00:58:15,17999.91780105696,-1499.3274175080828,52000.66364152945
2026-08-02 00:58:16,17999.01408280769,-1500.2230275631423,51999.402520183794
2026-08-02 00:58:17,17999.89293523019,-1499.6041398488373,51999.79616136136
2026-08-02 00:58:18,17999.02338121022,-1499.858514213266,51999.70857318445
2026-08-02 00:58:19,18000.509877434637,-1500.6860134297763,51999.801131007036
2026-08-02 00:58:20,18000.154770491597,-1500.8568604572463,52000.45480124393
2026-08-02 00:58:21,17999.277146347922,-1499.5503433197946,51999.1730320462
2026-08-02 00:58:22,17999.181939531503,-1500.09695786876,52000.6509724933
2026-08-02 00:58:23,18000.342468750227,-1499.5535094554407,51999.83803897927
2026-08-02 00:58:24,18000.762744568514,-1500.1763586088882,51999.88450603749
2026-08-02 00:58:25,17999.697003227204,-1499.4191691811532,51999.90669161057
2026-08-02 00:58:26,18000.33335440803,-1500.6109012725278,51999.991500594915
2026-08-02 00:58:27,17999.47198826309,-1498.9242342288999,52000.371832426295
2026-08-02 00:58:28,18000.10945912452,-1499.1487109656196,52000.09591265604
2026-08-02 00:58:29,18000.105069772824,-1500.5914527843668,51999.887933379
2026-08-02 00:58:30,17999.403144166634,-1499.7025216948273,52000.5122821767
2026-08-02 00:58:31,18000.331083061566,-1499.3537301665926,51999.81678802032
2026-08-02 00:58:32,17999.314522629287,-1499.7421363288684,51999.728250944594
2026-08-02 00:58:33,18000.725618687527,-1499.431400372363,51999.500337634105
2026-08-02 00:58:34,17999.63698974468,-1500.0640783991948,52001.3129494485
2026-08-02 00:58:35,18000.532133647546,-1500.170277245218,51999.68778998351
2026-08-02 00:58:36,17999.376582824996,-1500.4323581633441,52000.16435332246
2026-08-02 00:58:37,18000.29324997744,-1500.115775713309,52000.53451692667
2026-08-02 00:58:38,17999.81891437447,-1500.498500588143,51999.21477227867
2026-08-02 00:58:39,18000.78620729912,-1500.6350561437068,52000.47332907537
2026-08-02 00:58:40,18000.153636457442,-1500.4074694545347,52000.9515472997
2026-08-02 00:58:41,18000.20292993486,-1499.8037249942304,52000.44315996152
2026-08-02 00:58:42,17999.24990275545,-1500.6360905718632,52000.628603186335
2026-08-02 00:58:43,17999.88634771376,-1499.581116619212,52000.126740321706
2026-08-02 00:58:44,17999.78369699806,-1499.2184293177475,51999.386510121236
2026-08-02 00:58:45,18000.279196280615,-1499.9312178454004,52000.41717720286
2026-08-02 00:58:46,18000.14194227266,-1499.488511212289,52000.78366650374
2026-08-02 00:58:47,18000.314920634777,-1500.0687349696711,52000.174235786355
2026-08-02 00:58:48,18001.228534799015,-1500.3876370156925,51999.80079377836
2026-08-02 00:58:49,17999.972881622092,-1499.5259411371892,52000.4677551937
2026-08-02 00:58:50,18000.96579887109,-1499.6688411999487,51999.58359851345
2026-08-02 00:58:51,18000.526689473227,-1500.2384215602594,52000.676360861115
2026-08-02 00:58:52,17999.569930581965,-1500.056676832198,51999.32048173373
2026-08-02 00:58:53,18000.772008341843,-1500.5025012779945,52000.189394558394
2026-08-02 00:58:54,18000.785543413396,-1500.9166620148358,52001.01931815693
2026-08-02 00:58:55,18000.22534820423,-1499.360815840748,52000.50828722263
2026-08-02 00:58:56,17999.857315534,-1499.6046467343886,51999.404493538816
2026-08-02 00:58:57,18000.24748751323,-1499.9276206974864,51999.67385127827
2026-08-02 00:58:58,18000.87172175937,-1499.9893516002485,52000.053143272664
2026-08-02 00:58:59,17999.950614469326,-1499.8912325240804,51999.348517512335
2026-08-02 00:59:00,17999.772477450944,-1500.7819703302105,51999.788152197376
2026-08-02 00:59:01,17999.88721533534,-1499.1705786409375,52000.80550878518
2026-08-02 00:59:02,18000.052647104883,-1500.5479886468213,51999.619372850946
2026-08-02 00:59:03,17999.57312561783,-1501.1187474079516,52000.38359001057
2026-08-02 00:59:04,17999.82760343593,-1499.130212720064,52000.33188071617
2026-08-02 00:59:05,18000.48879872049,-1499.4248004719475,52000.13360304525
2026-08-02 00:59:06,17999.733859474592,-1499.2375145545032,52000.246669355816
2026-08-02 00:59:07,17999.889047393764,-1500.045576357819,51999.47590734031
2026-08-02 00:59:08,17999.550903712698,-1499.9058949589648,51999.39030310906
2026-08-02 00:59:09,17998.876660381862,-1499.783072116707,52000.178167804785
2026-08-02 00:59:10,18000.33865052399,-1499.71426951366,52000.08661365945
2026-08-02 00:59:11,17999.644677891283,-1500.1381085396617,51999.85788496226
2026-08-02 00:59:12,17999.621986591384,-1499.562928580849,52000.37769075043
2026-08-02 00:59:13,17999.095240959057,-1500.5012349605493,52000.209072723854
2026-08-02 00:59:14,18000.448925553224,-1499.763624326354,51999.67233959457
2026-08-02 00:59:15,18000.271204230387,-1500.7037229397122,51999.65223063089
2026-08-02 00:59:16,17999.741653985486,-1499.6656262371878,52000.16736359587
2026-08-02 00:59:17,17999.73970322209,-1499.906156926271,51999.20434431869
2026-08-02 00:59:18,17999.52319506372,-1499.7571823007434,52000.60689066327
2026-08-02 00:59:19,18000.47094854166,-1498.9234890433747,52000.13948624149
2026-08-02 00:59:20,17999.872455332603,-1499.820631678197,52000.10544489802
2026-08-02 00:59:21,18000.825786280548,-1499.8360802329669,52000.00114850549
2026-08-02 00:59:22,18000.27464735072,-1500.6911407706298,51999.83253289872
2026-08-02 00:59:23,17999.628753813126,-1500.4253551146983,51999.696941467315
2026-08-02 00:59:24,18000.580704371307,-1499.4585030363392,51999.626111702506
2026-08-02 00:59:25,17999.992009673257,-1500.584034021776,51999.394530210084
2026-08-02 00:59:26,17999.44969785119,-1499.7377383340756,51998.95272107953
2026-08-02 00:59:27,17999.543861018767,-1500.2987093527095,51999.34444969566
2026-08-02 00:59:28,18000.166904344802,-1499.5072626463857,51998.69137113149
2026-08-02 00:59:29,17999.95329570639,-1499.2346530824013,52000.3123455782
2026-08-02 00:59:30,18000.21633517105,-1500.2765044946595,51998.59073551187
2026-08-02 00:59:31,18000.56089595795,-1500.1501322154752,51999.90661028886
2026-08-02 00:59:32,17999.137640976125,-1500.3406613934042,52000.934229592036
2026-08-02 00:59:33,18001.331655524573,-1499.4571987475542,51999.91799418305
2026-08-02 00:59:34,17999.717547825545,-1499.828161897634,51999.58590202118
2026-08-02 00:59:35,18000.357053031636,-1499.5984386786133,51999.73850751597
2026-08-02 00:59:36,17999.542923105168,-1499.4772966653798,52000.159129261425
2026-08-02 00:59:37,18000.26992037893,-1500.6635953075006,51999.341140580385
2026-08-02 00:59:38,17999.652232079236,-1500.6435705436822,52000.409797626344
2026-08-02 00:59:39,17999.0280054927,-1499.648043403239,51999.87573879452
2026-08-02 00:59:40,17999.744287565107,-1499.872897856264,51999.37193021233
2026-08-02 00:59:41,18000.290483555622,-1499.8018645860038,51999.98365898568
2026-08-02 00:59:42,17999.824802918116,-1500.8349895762638,52001.595759898606
2026-08-02 00:59:43,17999.8453170228,-1499.1923509973765,52000.7850391118
2026-08-02 00:59:44,17999.279528404008,-1500.2998725285765,51998.9563806524
2026-08-02 00:59:45,18000.702472243753,-1499.916279706739,52000.901046898216
2026-08-02 00:59:46,17999.63688839282,-1500.3925212308327,51999.286809939644
2026-08-02 00:59:47,18000.1717916941,-1499.4486971853642,51999.53990343776
2026-08-02 00:59:48,17999.35523664189,-1500.2381733817292,51999.61742056343
2026-08-02 00:59:49,18000.593305345737,-1500.4727593197392,52000.01588170181
2026-08-02 00:59:50,17999.220133618037,-1500.3650036937256,51998.72475416036
2026-08-02 00:59:51,17999.70971935677,-1499.1044728561185,51999.19061574414
2026-08-02 00:59:52,17999.940327044595,-1500.0823396517228,52000.702250800394
2026-08-02 00:59:53,18000.182962496103,-1499.0227418535105,51999.72901240201
2026-08-02 00:59:54,18000.48864243768,-1499.8493353482954,52000.55632723921
2026-08-02 00:59:55,18000.942648013337,-1500.0984738984116,52000.405575291865
2026-08-02 00:59:56,18000.218997860105,-1500.1084981549493,52000.22820308689
2026-08-02 00:59:57,18000.13470538527,-1500.5981423265737,51999.85169836749
2026-08-02 00:59:58,18000.351452044357,-1499.7745620106862,52000.496238020096
2026-08-02 00:59:59,17999.006173025973,-1500.074707351914,51999.69278145915
